project_id,state,district,project_type,land_area_acres,affected_families,compensation_status,approval_delay_days,legal_disputes,possession_status,rehab_progress_pct,stakeholder_responsiveness_pct,historical_performance_score,documentation_status,notification_status,departments_involved,acquisition_stage,historical_delay_count,is_delayed,delay_days,latitude,longitude,geo_source,green_zone_status,green_zone_pct,forest_area_pct,tree_cover_pct,protected_area_distance_km,eco_sensitive_zone,wetland_present,waterbody_distance_m,environmental_clearance_required,environmental_clearance_status,tree_cutting_required,tree_compensation_required,elevation_m,slope_degree,distance_to_road_km,distance_to_highway_km,distance_to_railway_km,distance_to_city_km,terrain_type,land_use_type,agricultural_area_pct,residential_area_pct,commercial_area_pct,industrial_area_pct,land_conversion_required,land_conversion_status,landowners_count,displaced_families,vulnerable_households,livelihood_dependency_pct,consent_status,opposition_level,rehabilitation_required,resettlement_status,ownership_type,ownership_conflict,title_verification_status,title_defect_flag,encumbrance_status,inheritance_dispute,mutation_status,record_completeness_pct,boundary_dispute,court_case_status,required_clearances_count,clearances_obtained_count,public_hearing_status,authority_approval_status,gazette_notification_status,documentation_completeness_pct,estimated_land_value_lakh,estimated_compensation_lakh,compensation_paid_pct,compensation_dispute,market_value_variance_pct,additional_compensation_claim,electricity_infrastructure_present,water_infrastructure_present,utility_shift_required,utility_shift_status,distance_to_school_km,distance_to_hospital_km,distance_to_market_km,flood_risk,waterlogging_risk,erosion_risk,seismic_zone,soil_type,drainage_quality,risk_score_demo,risk_band_demo,data_status,provenance_note
LA-0001,Karnataka,Bengaluru Urban,Highway,53.8,26,Partially Paid,16,2,Partial,57.3,60.8,88.4,Partially Complete,Completed,4,Compensation,0,0,14,23.214902,85.201252,synthetic_demo_district_center,Non-Green Zone,12.3,7.0,16.0,7.84,No,No,624.0,No,Not Required,Yes,Yes,1403.4,7.2,2.2,7.09,4.18,9.14,Plain,Government,50.5,3.8,1.5,4.0,No,Not Required,9,3,1,74.3,Partial,Medium,Yes,Completed,Private,,Verified,No,Clear,No,Not Available,78.1,No,,2,2,Not Required,Partially Approved,Issued,79.9,930.35,1733.67,59.5,No,-8.4,No,Yes,Yes,No,Completed,0.67,4.9,1.26,Low,Low,Low,III,Red,Moderate,39.4,Low,SYNTHETIC_SIH26017_ENHANCED,Synthetic prototype dataset; added features are simulated and must not be represented as official parcel records.
LA-0002,Maharashtra,Nashik,Metro,59.0,28,Partially Paid,42,1,Full,15.5,76.7,69.3,Incomplete,Pending,6,Rehabilitation,2,0,4,20.072311,85.904054,synthetic_demo_district_center,Non-Green Zone,8.1,2.1,15.1,4.93,No,Yes,757.0,No,Not Required,No,No,312.5,3.3,2.17,13.58,12.71,9.56,Plain,Agricultural,46.4,6.2,2.3,3.8,Yes,Approved,6,3,0,64.3,Partial,Medium,Yes,Completed,Private,,Under Review,No,Clear,No,Not Available,92.7,No,Pending,1,1,Completed,Approved,Issued,59.5,389.62,686.84,56.3,No,-0.0,No,Yes,No,No,Not Required,3.03,3.18,1.04,High,Low,Low,III,Red,Moderate,29.0,Low,SYNTHETIC_SIH26017_ENHANCED,Synthetic prototype dataset; added features are simulated and must not be represented as official parcel records.
LA-0003,Odisha,Ganjam,Highway,20.7,14,Partially Paid,71,1,Full,64.1,93.1,98.7,Incomplete,Partially Completed,5,Compensation,2,1,66,30.974268,75.907723,synthetic_demo_district_center,Buffer Zone,17.4,4.2,1.9,4.2,No,Yes,206.0,No,Approved,No,No,1148.4,1.2,2.24,5.54,4.25,12.58,Plain,Industrial,88.4,11.7,2.8,1.1,No,Not Required,9,7,1,33.6,Partial,Medium,Yes,Completed,Private,,Verified,No,Clear,No,Updated,94.2,Yes,,5,0,Not Required,Approved,Pending,58.3,2942.91,4616.2,14.4,No,-3.2,Yes,No,Yes,No,Completed,1.34,8.05,5.87,Low,Low,Low,II,Sandy,Moderate,49.6,Medium,SYNTHETIC_SIH26017_ENHANCED,Synthetic prototype dataset; added features are simulated and must not be represented as official parcel records.
LA-0004,Bihar,Nalanda,Highway,23.7,19,Partially Paid,66,1,Partial,58.7,67.5,38.6,Complete,Completed,1,Planning,1,1,157,20.362913,85.77752,synthetic_demo_district_center,Buffer Zone,2.8,2.2,20.9,2.45,No,No,509.0,No,Not Required,No,No,165.0,5.0,3.03,8.09,8.41,23.77,Hilly,Agricultural,72.3,8.7,5.2,0.2,No,Not Required,3,2,2,65.5,Obtained,Low,Yes,In Progress,Private,Possible,Verified,No,Clear,No,Pending,56.5,No,,1,1,Completed,Pending,Pending,51.9,124.44,206.17,32.6,No,34.1,No,No,No,No,Not Required,1.84,2.11,3.77,Medium,Low,Medium,IV,Red,Good,29.5,Low,SYNTHETIC_SIH26017_ENHANCED,Synthetic prototype dataset; added features are simulated and must not be represented as official parcel records.
LA-0005,Karnataka,Mysuru,Power,7.8,2,Fully Paid,9,2,Not Started,74.4,80.8,59.2,Complete,Completed,5,Compensation,0,0,15,26.066641,91.645267,synthetic_demo_district_center,Non-Green Zone,11.5,5.3,22.5,3.91,No,No,1162.0,No,Not Required,Yes,Yes,1554.4,2.1,0.26,4.69,3.73,3.97,Hilly,Wasteland,41.9,6.2,2.0,0.7,Yes,Not Required,12,2,5,95.9,Partial,Low,Yes,Completed,Institutional,,Verified,No,Clear,No,Updated,98.4,No,,0,0,Completed,Approved,Issued,56.1,2864.47,4420.67,11.6,No,14.4,No,Yes,Yes,No,Not Required,0.59,1.43,2.86,Low,Low,Low,II,Loamy,Good,44.6,Medium,SYNTHETIC_SIH26017_ENHANCED,Synthetic prototype dataset; added features are simulated and must not be represented as official parcel records.
LA-0006,Tamil Nadu,Tiruchirappalli,Airport,36.1,17,Not Started,71,0,Full,53.6,92.7,75.8,Complete,Pending,5,Closure,1,1,103,21.070867,81.851821,synthetic_demo_district_center,Green Zone,22.1,13.3,17.1,1.85,No,No,108.0,Yes,Not Required,No,No,1665.7,4.8,1.04,6.06,10.96,13.43,Plain,Agricultural,74.9,2.3,7.8,4.7,No,Pending,9,5,3,97.0,Obtained,Low,Yes,In Progress,Private,,Under Review,No,Clear,Yes,Not Available,83.3,No,,0,0,Not Required,Pending,Issued,71.1,816.51,943.27,33.4,No,10.3,No,Yes,No,No,In Progress,1.67,1.0,2.69,Low,Low,High,IV,Red,Poor,40.9,Medium,SYNTHETIC_SIH26017_ENHANCED,Synthetic prototype dataset; added features are simulated and must not be represented as official parcel records.
LA-0007,Madhya Pradesh,Gwalior,Highway,37.7,15,Mostly Paid,13,1,Mostly Obtained,53.0,54.3,82.9,Partially Complete,Partially Completed,3,Compensation,1,1,99,20.114241,85.786839,synthetic_demo_district_center,Non-Green Zone,18.6,4.2,18.5,0.9,No,No,905.0,No,Pending,No,No,393.3,10.8,4.06,10.84,2.57,6.08,Plain,Residential,57.1,2.5,0.7,3.6,Yes,Pending,9,2,3,92.2,Obtained,Medium,Yes,Planned,Institutional,Confirmed,Verified,No,Clear,No,Pending,86.7,No,,6,5,Not Required,Pending,Pending,68.6,1857.17,3975.36,80.3,No,-3.5,No,No,Yes,No,In Progress,2.58,0.72,2.09,Low,Low,Low,IV,Laterite,Moderate,29.3,Low,SYNTHETIC_SIH26017_ENHANCED,Synthetic prototype dataset; added features are simulated and must not be represented as official parcel records.
LA-0008,Karnataka,Bengaluru Urban,Railway,23.4,18,Mostly Paid,33,0,Partial,18.3,60.7,41.2,Complete,Completed,2,Closure,2,0,26,21.297344,81.877235,synthetic_demo_district_center,Buffer Zone,8.0,13.0,10.5,5.53,Yes,No,1519.0,Yes,Approved,No,No,765.2,1.9,1.39,7.17,7.92,10.11,Plateau,Agricultural,72.7,3.6,4.2,0.9,Yes,Not Required,4,0,0,29.4,Obtained,Low,No,In Progress,Joint,,Verified,No,Clear,No,Not Available,74.9,No,,6,0,Pending,Partially Approved,Pending,85.6,1288.65,1290.74,54.9,No,-3.4,Yes,No,No,No,In Progress,1.14,1.54,2.77,Low,High,Medium,III,Alluvial,Moderate,24.8,Low,SYNTHETIC_SIH26017_ENHANCED,Synthetic prototype dataset; added features are simulated and must not be represented as official parcel records.
LA-0009,Odisha,Puri,Irrigation,57.0,24,Partially Paid,37,1,Full,62.1,88.7,76.4,Complete,Completed,4,Planning,2,0,11,23.286398,85.275547,synthetic_demo_district_center,Non-Green Zone,41.0,3.0,18.3,10.32,No,No,266.0,No,Not Required,No,No,15.6,4.1,5.31,2.5,7.64,15.27,Coastal,Agricultural,62.5,10.3,2.7,1.2,Yes,Pending,5,5,1,56.0,Partial,Low,Yes,Not Required,Private,,Under Review,No,Clear,No,Updated,66.1,No,,4,4,Not Required,Partially Approved,Pending,73.1,1078.75,1190.29,22.2,Yes,14.7,No,Yes,No,No,Not Required,8.84,5.8,3.09,Low,Low,Medium,III,Sandy,Moderate,33.4,Low,SYNTHETIC_SIH26017_ENHANCED,Synthetic prototype dataset; added features are simulated and must not be represented as official parcel records.
LA-0010,Bihar,Gaya,Highway,19.1,11,Mostly Paid,7,0,Full,26.4,58.5,70.8,Complete,Completed,2,Notification,1,0,3,20.455362,85.705664,synthetic_demo_district_center,Buffer Zone,51.1,7.6,5.2,3.76,No,No,550.0,No,Pending,No,No,722.7,0.5,4.01,10.43,2.27,27.38,Plain,Agricultural,72.6,7.4,2.6,2.1,No,Approved,8,2,2,76.3,Pending,Low,Yes,In Progress,Private,,Issue Found,Yes,Clear,No,Not Available,71.0,No,,5,3,Completed,Pending,Issued,89.3,2850.29,4161.0,98.3,No,-7.6,No,No,Yes,No,Pending,1.99,3.11,1.07,Low,Low,Low,II,Black,Poor,56.2,Medium,SYNTHETIC_SIH26017_ENHANCED,Synthetic prototype dataset; added features are simulated and must not be represented as official parcel records.
LA-0011,Maharashtra,Aurangabad,Industrial,37.5,15,Partially Paid,26,0,Mostly Obtained,41.2,89.3,41.8,Complete,Completed,1,Rehabilitation,1,1,96,22.601412,88.431128,synthetic_demo_district_center,Non-Green Zone,35.2,4.1,6.6,10.55,No,No,1288.0,No,Not Required,Yes,Yes,1014.6,5.6,2.36,1.01,7.65,17.99,Plain,Residential,66.9,4.3,2.4,8.7,Yes,Not Required,7,1,0,47.4,Partial,Low,Yes,Not Required,Institutional,,Verified,No,Clear,No,Updated,61.7,No,Pending,1,1,Completed,Approved,Pending,50.7,850.41,1355.22,26.3,No,26.9,Yes,No,Yes,No,Not Required,2.72,1.37,2.96,Low,Medium,Medium,III,Alluvial,Poor,46.7,Medium,SYNTHETIC_SIH26017_ENHANCED,Synthetic prototype dataset; added features are simulated and must not be represented as official parcel records.
LA-0012,Odisha,Sambalpur,Power,11.4,7,Fully Paid,74,0,Mostly Obtained,79.1,39.8,56.1,Incomplete,Completed,1,Possession,0,0,19,22.903636,72.475329,synthetic_demo_district_center,Non-Green Zone,45.3,13.2,13.5,4.29,No,No,992.0,No,Not Required,No,No,1412.5,3.4,1.64,11.28,8.35,10.28,Plain,Agricultural,52.9,5.4,1.7,1.1,No,Not Required,26,4,8,29.0,Partial,Low,Yes,Completed,Private,Possible,Under Review,No,Clear,No,Updated,91.9,Yes,,2,2,Pending,Partially Approved,Issued,62.8,7935.27,11158.87,36.4,No,-14.2,No,Yes,No,No,In Progress,0.77,1.15,9.24,Low,Medium,Low,III,Loamy,Poor,60.8,Medium,SYNTHETIC_SIH26017_ENHANCED,Synthetic prototype dataset; added features are simulated and must not be represented as official parcel records.
LA-0013,Odisha,Khordha,Industrial,24.1,12,Partially Paid,2,2,Partial,24.3,58.4,65.3,Incomplete,Pending,5,Rehabilitation,0,1,93,23.042128,85.396403,synthetic_demo_district_center,Non-Green Zone,22.9,5.1,19.4,6.09,No,No,766.0,No,Not Required,No,No,1798.5,2.6,4.06,6.82,0.97,11.27,Plain,Residential,78.4,7.6,4.0,3.1,Yes,Not Required,14,3,2,47.0,Partial,Low,Yes,In Progress,Private,Possible,Under Review,No,Reported,No,Updated,96.3,No,Disposed,0,0,Not Required,Partially Approved,Pending,58.7,4249.48,7830.95,91.8,No,-14.9,No,Yes,Yes,No,In Progress,1.5,1.52,0.93,Low,Low,High,V,Red,Moderate,35.2,Low,SYNTHETIC_SIH26017_ENHANCED,Synthetic prototype dataset; added features are simulated and must not be represented as official parcel records.
LA-0014,Madhya Pradesh,Ujjain,Highway,21.5,13,Mostly Paid,128,1,Mostly Obtained,25.6,75.8,68.4,Complete,Partially Completed,2,Rehabilitation,2,0,1,13.104872,80.273251,synthetic_demo_district_center,Non-Green Zone,7.6,17.7,5.0,3.19,No,No,237.0,No,Not Required,Yes,Yes,85.1,3.7,2.5,15.0,10.79,2.99,Plateau,Residential,56.2,4.1,1.1,4.5,No,Pending,12,1,3,46.8,Obtained,High,Yes,Completed,Private,,Verified,No,Clear,No,Updated,78.2,No,,5,1,Completed,Approved,Issued,52.7,877.45,1811.66,6.0,No,9.1,No,Yes,Yes,No,Completed,1.89,2.45,4.19,Low,Low,Low,II,Red,Good,40.2,Medium,SYNTHETIC_SIH26017_ENHANCED,Synthetic prototype dataset; added features are simulated and must not be represented as official parcel records.
LA-0015,Gujarat,Surat,Railway,29.0,18,Mostly Paid,3,1,Partial,52.7,59.9,20.1,Complete,Pending,4,Notification,0,0,20,13.0765,77.596375,synthetic_demo_district_center,Non-Green Zone,8.0,2.0,9.2,15.02,No,No,733.0,No,Not Required,No,No,1420.6,4.9,2.69,15.25,5.11,18.31,Plain,Government,72.4,6.4,1.3,6.6,No,Approved,9,1,3,89.1,Obtained,Medium,Yes,Not Required,Private,,Issue Found,Yes,Clear,No,Updated,87.0,No,,1,1,Pending,Approved,Issued,80.1,521.52,556.36,93.9,Yes,13.4,No,Yes,Yes,Yes,Pending,1.65,2.8,0.11,Low,Medium,Low,II,Alluvial,Good,62.4,Medium,SYNTHETIC_SIH26017_ENHANCED,Synthetic prototype dataset; added features are simulated and must not be represented as official parcel records.
LA-0016,Bihar,Nalanda,Irrigation,18.6,10,Fully Paid,37,2,Partial,33.1,73.3,30.7,Complete,Completed,4,Possession,0,0,11,23.437084,85.564036,synthetic_demo_district_center,Non-Green Zone,25.9,7.9,15.3,2.51,No,No,834.0,No,Not Required,No,No,1020.3,11.8,2.84,15.96,12.1,2.47,Hilly,Agricultural,81.9,3.7,4.8,4.0,No,Not Required,3,0,1,74.8,Partial,Low,No,Not Required,Joint,,Verified,No,Clear,No,Updated,69.6,No,,1,1,Not Required,Pending,Issued,59.3,346.41,678.36,87.0,No,4.1,No,Yes,Yes,Yes,Completed,1.59,3.58,6.63,Low,Medium,Medium,III,Laterite,Good,45.2,Medium,SYNTHETIC_SIH26017_ENHANCED,Synthetic prototype dataset; added features are simulated and must not be represented as official parcel records.
LA-0017,Rajasthan,Jaipur,Industrial,22.2,9,Fully Paid,7,1,Not Started,41.1,71.5,64.7,Incomplete,Partially Completed,5,Possession,0,0,17,20.405621,85.754789,synthetic_demo_district_center,Non-Green Zone,21.8,6.0,16.2,0.93,No,No,73.0,No,Not Required,Yes,Yes,1773.4,1.9,1.82,0.64,3.35,10.04,Hilly,Commercial,50.8,12.9,3.9,1.0,Yes,Pending,2,0,2,97.7,Obtained,Low,No,In Progress,Joint,,Verified,No,Reported,No,Pending,82.9,No,,2,2,Pending,Partially Approved,Issued,62.7,2258.93,2529.14,2.4,No,1.4,No,No,Yes,Yes,Completed,2.15,2.91,4.84,High,Medium,Low,III,Loamy,Moderate,36.1,Low,SYNTHETIC_SIH26017_ENHANCED,Synthetic prototype dataset; added features are simulated and must not be represented as official parcel records.
LA-0018,Odisha,Cuttack,Highway,45.6,20,Mostly Paid,41,0,Partial,39.6,27.1,73.7,Incomplete,Pending,4,Rehabilitation,1,1,91,28.264774,76.899651,synthetic_demo_district_center,Green Zone,33.2,6.8,9.9,2.28,No,No,999.0,Yes,Approved,Yes,Yes,179.8,4.3,1.62,3.18,8.12,5.81,Plain,Residential,47.7,19.5,6.4,6.6,No,Not Required,8,5,1,60.7,Partial,Low,Yes,In Progress,Private,,Under Review,No,Clear,No,Updated,72.5,No,,5,1,Pending,Pending,Issued,58.8,1632.91,2862.83,81.1,No,-5.5,Yes,Yes,Yes,Yes,Completed,3.04,7.44,2.37,Low,High,Medium,II,Loamy,Moderate,43.7,Medium,SYNTHETIC_SIH26017_ENHANCED,Synthetic prototype dataset; added features are simulated and must not be represented as official parcel records.
LA-0019,Gujarat,Bhavnagar,Irrigation,17.7,10,Partially Paid,64,0,Partial,60.3,84.4,51.7,Complete,Completed,3,Compensation,0,0,22,22.6106,88.383484,synthetic_demo_district_center,Non-Green Zone,9.9,2.9,22.7,2.47,No,No,1028.0,No,Not Required,Yes,Yes,624.5,3.9,0.28,5.61,8.04,5.99,Plain,Commercial,61.7,3.7,7.6,3.5,No,Not Required,2,1,0,84.7,Pending,Medium,Yes,Completed,Private,,Under Review,No,Under Verification,No,Updated,61.9,No,,3,3,Completed,Approved,Issued,64.3,1017.92,2145.28,92.6,No,5.0,No,Yes,Yes,No,Not Required,4.52,2.48,7.35,Low,Low,Low,II,Sandy,Good,31.9,Low,SYNTHETIC_SIH26017_ENHANCED,Synthetic prototype dataset; added features are simulated and must not be represented as official parcel records.
LA-0020,Rajasthan,Ajmer,Highway,7.4,6,Mostly Paid,52,0,Mostly Obtained,47.3,66.3,67.1,Complete,Completed,2,Planning,2,0,14,17.48695,78.490321,synthetic_demo_district_center,Non-Green Zone,12.9,9.6,15.9,5.38,No,No,612.0,No,Not Required,No,No,508.4,1.8,1.5,1.55,14.11,2.96,Hilly,Government,56.9,9.1,2.5,0.4,No,Not Required,9,2,2,47.2,Partial,Low,Yes,Not Required,Private,,Verified,No,Clear,No,Not Available,86.8,No,,1,1,Not Required,Pending,Issued,58.0,2539.05,4235.38,8.4,No,2.2,Yes,Yes,No,No,Not Required,1.4,0.79,3.53,Medium,Medium,Low,III,Black,Poor,36.5,Low,SYNTHETIC_SIH26017_ENHANCED,Synthetic prototype dataset; added features are simulated and must not be represented as official parcel records.
LA-0021,Bihar,Gaya,Power,91.1,49,Fully Paid,58,0,Mostly Obtained,63.1,82.6,92.3,Complete,Pending,1,Possession,1,0,24,22.714897,88.452881,synthetic_demo_district_center,Non-Green Zone,24.5,15.3,5.3,11.58,No,No,500.0,No,Not Required,Yes,Yes,205.3,5.5,3.11,4.29,3.94,8.77,Plain,Residential,72.2,2.9,1.5,2.6,No,Pending,5,3,1,37.9,Obtained,Low,Yes,Planned,Private,,Verified,No,Under Verification,No,Updated,98.8,No,,2,2,Not Required,Pending,Issued,97.8,487.13,534.27,41.0,No,22.6,Yes,Yes,Yes,Yes,In Progress,3.0,1.02,5.14,Low,Low,High,II,Laterite,Good,31.0,Low,SYNTHETIC_SIH26017_ENHANCED,Synthetic prototype dataset; added features are simulated and must not be represented as official parcel records.
LA-0022,Uttar Pradesh,Agra,Highway,69.1,31,Fully Paid,24,0,Mostly Obtained,8.7,68.9,93.0,Complete,Pending,4,Closure,1,0,0,30.444556,77.997874,synthetic_demo_district_center,Green Zone,9.8,8.9,9.3,2.04,No,No,121.0,Yes,Pending,Yes,Yes,457.3,4.2,3.59,8.75,9.34,14.61,Plain,Residential,62.5,12.4,2.4,3.6,Yes,Pending,4,0,0,42.5,Obtained,Low,No,Planned,Government,Possible,Verified,No,Clear,No,Updated,88.8,Yes,,6,2,Pending,Partially Approved,Pending,74.6,1552.04,2997.03,64.0,No,21.9,No,Yes,No,Yes,Not Required,1.52,1.94,2.18,Low,High,Low,III,Alluvial,Good,44.9,Medium,SYNTHETIC_SIH26017_ENHANCED,Synthetic prototype dataset; added features are simulated and must not be represented as official parcel records.
LA-0023,Tamil Nadu,Salem,Airport,9.3,7,Not Started,73,0,Partial,40.9,56.0,52.9,Partially Complete,Completed,4,Planning,4,1,122,12.848371,77.609574,synthetic_demo_district_center,Green Zone,16.5,2.5,10.1,13.85,No,No,205.0,Yes,Not Required,Yes,Yes,591.9,8.3,1.64,9.0,5.92,2.48,Plain,Commercial,59.0,7.1,4.2,3.8,Yes,Not Required,3,0,1,25.9,Obtained,Low,No,In Progress,Private,,Verified,No,Reported,No,Updated,67.6,No,,0,0,Completed,Partially Approved,Issued,58.4,694.46,1248.93,82.9,No,-4.0,No,Yes,Yes,Yes,Completed,3.62,3.21,2.83,High,Medium,Low,II,Alluvial,Moderate,48.4,Medium,SYNTHETIC_SIH26017_ENHANCED,Synthetic prototype dataset; added features are simulated and must not be represented as official parcel records.
LA-0024,Gujarat,Vadodara,Railway,41.2,27,Partially Paid,110,0,Partial,56.1,47.8,93.4,Complete,Completed,4,Notification,0,1,153,23.229835,77.480381,synthetic_demo_district_center,Non-Green Zone,17.0,3.9,18.3,1.57,No,No,225.0,No,Pending,No,No,1251.1,0.8,0.88,4.95,2.43,13.42,Plateau,Agricultural,70.0,9.3,0.1,4.2,No,Approved,6,3,0,51.9,Obtained,Low,Yes,Not Required,Private,,Issue Found,Yes,Under Verification,No,Updated,90.4,No,,6,1,Completed,Pending,Issued,94.2,1055.19,1237.34,32.9,No,3.8,No,Yes,No,No,Pending,1.1,2.09,5.11,Low,Medium,Low,II,Red,Poor,60.6,Medium,SYNTHETIC_SIH26017_ENHANCED,Synthetic prototype dataset; added features are simulated and must not be represented as official parcel records.
LA-0025,West Bengal,Kolkata,Railway,16.8,5,Fully Paid,32,2,Full,11.6,86.6,49.0,Incomplete,Partially Completed,5,Compensation,1,0,27,17.395024,78.392022,synthetic_demo_district_center,Buffer Zone,44.9,7.6,25.3,3.4,No,No,748.0,No,Pending,No,No,1349.3,3.4,5.88,3.63,2.57,8.65,Plain,Agricultural,82.0,3.2,2.9,3.2,No,Not Required,14,11,5,62.7,Obtained,Medium,Yes,Not Required,Institutional,,Verified,No,Clear,No,Pending,63.6,No,,3,3,Completed,Approved,Issued,62.4,1407.45,2245.22,49.1,No,23.9,No,No,Yes,Yes,Not Required,1.52,2.74,1.77,Medium,Medium,Low,IV,Loamy,Good,57.3,Medium,SYNTHETIC_SIH26017_ENHANCED,Synthetic prototype dataset; added features are simulated and must not be represented as official parcel records.
LA-0026,Uttar Pradesh,Lucknow,Highway,29.9,17,Mostly Paid,21,0,Partial,79.2,94.7,17.3,Complete,Completed,1,Rehabilitation,0,0,32,30.317936,77.896855,synthetic_demo_district_center,Non-Green Zone,23.9,2.8,5.3,2.27,No,No,361.0,No,Not Required,No,No,35.6,3.3,2.68,6.57,4.42,4.8,Plain,Wasteland,25.2,14.7,1.1,2.3,No,Not Required,6,5,3,90.0,Obtained,Low,Yes,Completed,Private,Possible,Under Review,No,Clear,No,Updated,79.4,No,,3,3,Completed,Approved,Pending,89.4,1544.39,3136.09,85.7,No,-9.3,No,Yes,No,No,In Progress,1.81,0.62,7.26,Medium,High,Low,IV,Loamy,Good,43.0,Medium,SYNTHETIC_SIH26017_ENHANCED,Synthetic prototype dataset; added features are simulated and must not be represented as official parcel records.
LA-0027,Tamil Nadu,Tiruchirappalli,Railway,30.6,10,Partially Paid,15,0,Full,63.0,62.5,98.0,Partially Complete,Pending,2,Compensation,2,0,3,31.107347,77.001017,synthetic_demo_district_center,Non-Green Zone,9.1,16.1,20.6,3.54,No,No,444.0,No,Not Required,No,No,1689.1,4.4,4.5,6.98,11.34,1.53,Plain,Residential,85.4,27.8,3.6,3.4,Yes,Approved,10,2,1,61.0,Obtained,Low,Yes,Completed,Private,,Issue Found,Yes,Clear,No,Updated,82.7,No,,6,5,Completed,Partially Approved,Pending,51.5,866.07,1487.0,90.2,No,4.4,No,Yes,Yes,No,In Progress,2.14,1.84,0.21,Low,Medium,Medium,IV,Red,Good,42.5,Medium,SYNTHETIC_SIH26017_ENHANCED,Synthetic prototype dataset; added features are simulated and must not be represented as official parcel records.
LA-0028,Madhya Pradesh,Jabalpur,Irrigation,20.6,11,Mostly Paid,50,2,Partial,37.8,43.2,70.6,Complete,Pending,4,Notification,2,0,13,23.155323,77.538546,synthetic_demo_district_center,Non-Green Zone,9.2,23.1,25.1,6.33,No,No,1107.0,No,Pending,No,No,1270.2,5.3,2.32,6.25,6.05,17.02,Plain,Agricultural,47.6,12.4,4.9,3.5,No,Pending,12,6,2,69.4,Partial,Medium,Yes,Not Required,Private,,Verified,No,Clear,No,Updated,61.0,Yes,,0,0,Not Required,Approved,Issued,75.8,1805.03,3316.91,94.9,No,32.3,No,Yes,No,Yes,Not Required,0.54,0.48,0.77,Low,Medium,Low,II,Black,Moderate,30.5,Low,SYNTHETIC_SIH26017_ENHANCED,Synthetic prototype dataset; added features are simulated and must not be represented as official parcel records.
LA-0029,Karnataka,Belagavi,Airport,13.6,5,Mostly Paid,60,0,Mostly Obtained,67.1,33.0,39.7,Complete,Completed,3,Possession,3,0,14,23.268411,77.725597,synthetic_demo_district_center,Buffer Zone,42.2,9.8,12.3,11.62,No,No,545.0,No,Not Required,No,No,867.7,4.5,1.63,4.4,7.82,10.21,Hilly,Residential,50.1,13.2,2.5,3.9,Yes,Approved,6,0,1,60.4,Pending,Low,No,Not Required,Private,,Verified,No,Under Verification,Yes,Updated,61.5,No,,0,0,Pending,Pending,Issued,55.4,1687.5,2557.0,45.9,No,-0.6,No,Yes,No,No,Completed,0.32,0.24,1.32,Low,Medium,Low,III,Red,Good,40.5,Medium,SYNTHETIC_SIH26017_ENHANCED,Synthetic prototype dataset; added features are simulated and must not be represented as official parcel records.
LA-0030,Maharashtra,Nashik,Railway,14.6,9,Fully Paid,22,1,Not Started,80.5,19.8,90.3,Partially Complete,Completed,6,Planning,1,0,19,30.990312,75.883198,synthetic_demo_district_center,Non-Green Zone,18.3,3.5,1.9,2.89,No,No,268.0,No,Not Required,Yes,Yes,1452.1,3.1,1.8,2.17,2.1,11.9,Plain,Agricultural,69.0,8.4,2.4,1.0,No,Not Required,5,0,1,88.1,Obtained,Medium,No,Not Required,Private,,Verified,No,Clear,No,Updated,85.7,No,,2,2,Completed,Pending,Issued,77.3,1106.56,1617.99,14.3,No,-6.2,Yes,Yes,Yes,No,Not Required,1.04,1.47,6.79,Low,Low,Low,II,Alluvial,Moderate,43.9,Medium,SYNTHETIC_SIH26017_ENHANCED,Synthetic prototype dataset; added features are simulated and must not be represented as official parcel records.
LA-0031,West Bengal,Darjeeling,Metro,12.3,11,Mostly Paid,84,2,Mostly Obtained,41.8,86.1,53.3,Incomplete,Completed,5,Notification,0,1,131,26.77242,80.770645,synthetic_demo_district_center,Buffer Zone,20.1,11.4,11.6,5.0,No,No,305.0,No,Not Required,Yes,Yes,130.7,3.8,1.27,11.76,5.45,11.77,Plain,Government,69.2,12.1,6.2,0.4,No,Not Required,30,12,8,92.4,Obtained,Low,Yes,Not Required,Private,,Verified,No,Under Verification,No,Updated,55.1,No,,2,2,Not Required,Approved,Pending,82.2,1132.9,2081.17,3.2,No,12.4,No,Yes,No,Yes,Pending,0.67,4.86,2.19,Medium,Low,Low,II,Sandy,Moderate,30.6,Low,SYNTHETIC_SIH26017_ENHANCED,Synthetic prototype dataset; added features are simulated and must not be represented as official parcel records.
LA-0032,Madhya Pradesh,Ujjain,Power,13.1,3,Partially Paid,47,1,Full,46.6,83.9,48.4,Partially Complete,Completed,2,Compensation,0,1,118,17.376453,78.192217,synthetic_demo_district_center,Green Zone,9.2,3.8,17.0,4.93,No,No,588.0,Yes,Approved,No,No,703.4,2.6,1.39,2.87,12.07,14.86,Plain,Residential,30.1,5.3,5.5,1.9,No,Pending,8,3,1,37.8,Obtained,Medium,Yes,Planned,Joint,,Verified,No,Clear,No,Updated,91.7,No,Pending,1,1,Not Required,Pending,Issued,77.5,432.3,838.92,8.0,No,4.8,Yes,Yes,No,No,In Progress,2.19,0.84,1.86,Low,Low,Low,III,Loamy,Good,30.8,Low,SYNTHETIC_SIH26017_ENHANCED,Synthetic prototype dataset; added features are simulated and must not be represented as official parcel records.
LA-0033,Bihar,Muzaffarpur,Irrigation,23.3,10,Partially Paid,31,0,Full,47.1,37.9,45.4,Partially Complete,Completed,4,Compensation,3,0,13,21.336039,81.660355,synthetic_demo_district_center,Buffer Zone,30.4,13.1,11.3,9.21,No,No,844.0,No,Approved,No,No,430.8,3.1,4.78,10.28,3.53,3.48,Coastal,Agricultural,45.9,12.7,1.3,1.2,Yes,Not Required,9,3,3,39.3,Obtained,Low,Yes,Completed,Private,,Issue Found,Yes,Clear,No,Updated,82.1,No,,4,3,Pending,Partially Approved,Issued,69.3,596.89,732.52,81.0,No,7.2,No,Yes,Yes,Yes,Not Required,1.89,2.69,4.03,Low,Low,Low,III,Laterite,Good,49.8,Medium,SYNTHETIC_SIH26017_ENHANCED,Synthetic prototype dataset; added features are simulated and must not be represented as official parcel records.
LA-0034,Madhya Pradesh,Gwalior,Industrial,14.3,4,Not Started,38,2,Full,84.9,72.6,31.0,Partially Complete,Pending,2,Compensation,0,1,142,12.951776,80.309852,synthetic_demo_district_center,Non-Green Zone,55.1,6.1,8.2,5.13,No,No,535.0,No,Approved,No,No,403.6,4.6,0.81,9.42,8.4,12.37,Coastal,Agricultural,73.3,11.8,0.2,3.0,No,Pending,12,2,2,65.1,Obtained,Medium,Yes,Not Required,Private,,Under Review,No,Under Verification,No,Updated,59.2,No,,5,5,Not Required,Approved,Issued,53.5,1456.85,2157.77,63.7,No,-5.8,No,No,Yes,Yes,In Progress,0.72,5.02,10.31,Low,Low,Low,IV,Black,Poor,59.8,Medium,SYNTHETIC_SIH26017_ENHANCED,Synthetic prototype dataset; added features are simulated and must not be represented as official parcel records.
LA-0035,Karnataka,Hubballi,Railway,40.9,17,Mostly Paid,12,0,Partial,74.3,96.9,87.9,Complete,Pending,5,Planning,2,0,20,26.846248,80.968889,synthetic_demo_district_center,Non-Green Zone,11.4,9.3,9.0,4.96,Yes,No,256.0,Yes,Approved,No,No,1629.4,1.8,3.44,2.97,2.81,7.11,Plain,Wasteland,47.5,10.5,2.4,2.4,No,Pending,9,1,1,60.3,Pending,Low,Yes,In Progress,Joint,Possible,Verified,No,Clear,No,Pending,69.2,No,Disposed,0,0,Pending,Approved,Pending,91.5,1775.45,2599.97,21.7,No,-3.5,No,Yes,Yes,No,Not Required,4.29,1.35,2.2,Low,Low,Low,III,Sandy,Good,46.7,Medium,SYNTHETIC_SIH26017_ENHANCED,Synthetic prototype dataset; added features are simulated and must not be represented as official parcel records.
LA-0036,Bihar,Patna,Railway,74.8,30,Mostly Paid,50,2,Mostly Obtained,47.9,81.8,81.8,Partially Complete,Pending,6,Compensation,3,1,210,21.412726,81.527925,synthetic_demo_district_center,Non-Green Zone,12.9,5.0,6.0,4.61,No,No,458.0,No,Not Required,No,No,674.3,6.8,2.32,8.84,6.4,17.78,Plain,Agricultural,55.4,10.0,0.8,0.8,No,Not Required,1,2,1,93.8,Obtained,High,Yes,Planned,Private,,Verified,No,Clear,No,Updated,58.9,No,,1,0,Pending,Partially Approved,Issued,77.2,459.66,860.02,35.2,No,-11.4,No,Yes,Yes,No,In Progress,1.08,1.54,5.33,High,Low,Low,II,Red,Poor,42.8,Medium,SYNTHETIC_SIH26017_ENHANCED,Synthetic prototype dataset; added features are simulated and must not be represented as official parcel records.
LA-0037,West Bengal,Nadia,Power,15.9,9,Partially Paid,13,0,Partial,87.3,71.3,59.0,Partially Complete,Pending,3,Rehabilitation,1,0,0,31.186393,77.184097,synthetic_demo_district_center,Green Zone,3.7,2.1,8.7,3.05,No,No,425.0,Yes,Not Required,No,No,14.8,6.1,2.62,8.87,9.22,8.3,Plain,Agricultural,50.4,10.9,2.8,3.7,No,Pending,10,3,1,68.3,Obtained,Low,Yes,In Progress,Joint,Possible,Verified,No,Clear,No,Pending,93.0,No,,5,5,Completed,Approved,Issued,62.7,1766.66,2944.18,75.9,Yes,15.0,Yes,Yes,No,No,Not Required,1.54,1.7,1.63,Medium,Low,High,IV,Alluvial,Good,42.8,Medium,SYNTHETIC_SIH26017_ENHANCED,Synthetic prototype dataset; added features are simulated and must not be represented as official parcel records.
LA-0038,Karnataka,Belagavi,Highway,29.4,7,Mostly Paid,19,0,Mostly Obtained,36.8,72.5,48.7,Partially Complete,Partially Completed,4,Compensation,1,0,15,13.187032,80.180343,synthetic_demo_district_center,Non-Green Zone,35.6,8.8,20.6,2.65,No,No,322.0,No,Not Required,No,No,1363.3,2.1,4.46,6.44,1.2,4.46,Plain,Agricultural,44.9,2.9,1.8,2.2,No,Approved,4,2,1,56.1,Obtained,Low,Yes,In Progress,Government,,Verified,No,Reported,No,Updated,93.3,No,,3,3,Pending,Approved,Pending,98.2,983.59,1284.54,78.4,Yes,-4.9,Yes,Yes,No,No,Not Required,0.21,3.74,2.35,Low,Low,Low,II,Laterite,Good,61.1,Medium,SYNTHETIC_SIH26017_ENHANCED,Synthetic prototype dataset; added features are simulated and must not be represented as official parcel records.
LA-0039,Rajasthan,Jodhpur,Industrial,35.7,14,Fully Paid,28,2,Not Started,85.0,88.5,79.5,Partially Complete,Partially Completed,3,Possession,0,1,107,26.844609,75.955817,synthetic_demo_district_center,Non-Green Zone,12.5,10.5,13.1,4.14,No,No,1677.0,No,Not Required,No,No,1619.8,0.4,5.04,6.57,3.02,2.38,Coastal,Agricultural,75.8,10.5,5.3,7.0,No,Pending,7,5,2,99.2,Obtained,High,Yes,Not Required,Private,Possible,Under Review,No,Clear,No,Updated,66.7,No,,1,1,Pending,Approved,Pending,86.0,1476.27,2870.35,74.2,No,30.8,Yes,No,Yes,Yes,Not Required,2.03,2.58,3.26,Medium,Low,Low,V,Sandy,Moderate,40.4,Medium,SYNTHETIC_SIH26017_ENHANCED,Synthetic prototype dataset; added features are simulated and must not be represented as official parcel records.
LA-0040,Maharashtra,Thane,Railway,35.0,12,Partially Paid,98,1,Full,51.2,81.1,68.0,Partially Complete,Completed,5,Notification,0,1,84,25.692538,85.036461,synthetic_demo_district_center,Non-Green Zone,18.0,6.4,19.6,11.28,No,No,400.0,No,Pending,No,No,1355.8,3.2,2.34,14.27,3.59,6.58,Plain,Agricultural,76.2,8.3,2.5,1.8,No,Not Required,9,3,5,41.4,Partial,High,Yes,Not Required,Private,,Under Review,No,Clear,No,Updated,67.8,No,,2,2,Pending,Pending,Pending,76.7,3358.11,4908.81,90.1,No,33.3,No,Yes,Yes,No,Pending,1.21,1.43,1.09,Low,Low,Medium,III,Sandy,Good,38.7,Low,SYNTHETIC_SIH26017_ENHANCED,Synthetic prototype dataset; added features are simulated and must not be represented as official parcel records.
LA-0041,West Bengal,Kolkata,Irrigation,26.0,8,Partially Paid,35,0,Full,27.8,58.2,55.5,Partially Complete,Pending,3,Planning,0,0,3,23.196713,85.142077,synthetic_demo_district_center,Non-Green Zone,16.5,14.5,7.9,9.26,Yes,No,1017.0,Yes,Pending,No,No,414.9,2.0,1.79,14.74,9.11,10.22,Plain,Agricultural,69.8,16.9,4.9,1.0,No,Not Required,9,2,1,40.1,Obtained,High,Yes,Not Required,Private,Possible,Verified,No,Clear,No,Updated,94.6,No,,4,4,Completed,Pending,Pending,52.7,1340.9,1786.6,12.4,No,-14.2,No,Yes,No,Yes,Pending,1.29,6.13,2.02,High,Low,Low,III,Black,Good,63.2,Medium,SYNTHETIC_SIH26017_ENHANCED,Synthetic prototype dataset; added features are simulated and must not be represented as official parcel records.
LA-0042,Rajasthan,Jodhpur,Highway,42.8,14,Fully Paid,14,0,Partial,49.7,76.1,52.3,Complete,,5,Rehabilitation,3,0,34,17.369577,78.662774,synthetic_demo_district_center,Non-Green Zone,10.8,8.7,10.8,5.86,No,No,75.0,No,Pending,Yes,Yes,1031.0,4.8,0.77,2.03,17.74,19.47,Plain,Agricultural,89.3,14.0,1.0,5.3,Yes,Pending,5,5,0,37.2,Pending,Low,Yes,Not Required,Private,,Under Review,No,Clear,No,Pending,61.2,No,,5,1,Completed,Partially Approved,Pending,87.5,148.84,180.82,74.1,No,23.0,No,Yes,Yes,Yes,Not Required,3.34,2.99,1.42,Low,Low,Low,IV,Red,Moderate,58.3,Medium,SYNTHETIC_SIH26017_ENHANCED,Synthetic prototype dataset; added features are simulated and must not be represented as official parcel records.
LA-0043,Tamil Nadu,Salem,Industrial,35.2,23,Partially Paid,38,1,Partial,9.6,80.0,88.2,Partially Complete,Completed,6,Compensation,0,0,21,31.156565,77.116259,synthetic_demo_district_center,Non-Green Zone,12.7,8.6,12.7,9.41,No,No,176.0,No,Not Required,Yes,Yes,217.0,1.2,0.56,5.93,2.62,4.91,Hilly,Agricultural,71.5,6.9,6.0,8.1,Yes,Not Required,8,4,2,77.4,Pending,Medium,Yes,Planned,Institutional,,Verified,No,Clear,No,Updated,77.8,No,,5,5,Not Required,Approved,Issued,61.1,678.37,1101.39,43.9,No,-14.0,No,Yes,Yes,No,In Progress,5.5,2.14,3.29,Medium,Low,Low,II,Alluvial,Good,39.1,Low,SYNTHETIC_SIH26017_ENHANCED,Synthetic prototype dataset; added features are simulated and must not be represented as official parcel records.
LA-0044,West Bengal,Hooghly,Metro,9.7,5,Fully Paid,45,2,Not Started,36.9,68.4,79.9,Partially Complete,Pending,3,Compensation,1,1,199,19.038017,72.95971,synthetic_demo_district_center,Non-Green Zone,20.9,17.8,11.7,9.16,No,No,230.0,No,Not Required,Yes,Yes,866.0,1.1,2.22,2.5,4.48,3.74,Coastal,Government,73.9,9.4,1.2,0.0,Yes,Approved,6,1,2,81.8,Pending,Medium,Yes,Not Required,Institutional,Confirmed,Verified,No,Clear,No,Updated,86.1,No,,3,1,Completed,Pending,Issued,85.1,1337.0,2881.66,81.1,No,20.0,No,Yes,No,No,Pending,2.05,5.4,5.67,Medium,Medium,Low,III,Black,Good,38.4,Low,SYNTHETIC_SIH26017_ENHANCED,Synthetic prototype dataset; added features are simulated and must not be represented as official parcel records.
LA-0045,Tamil Nadu,Madurai,Industrial,47.1,28,Mostly Paid,67,0,Mostly Obtained,57.2,58.8,58.0,,Completed,2,Rehabilitation,1,0,2,19.006339,72.821528,synthetic_demo_district_center,Non-Green Zone,18.2,2.2,13.5,0.99,No,No,302.0,No,Not Required,No,No,940.7,4.8,3.44,12.75,6.19,7.39,Hilly,Government,50.8,10.4,0.5,1.5,No,Not Required,9,6,0,77.5,Partial,Low,Yes,Not Required,Private,,Verified,No,Clear,Yes,Updated,94.9,No,,6,6,Not Required,Partially Approved,Issued,71.9,1904.28,4076.59,83.2,No,6.8,No,Yes,No,No,Pending,1.52,4.47,2.59,Medium,Low,High,II,Red,Good,43.8,Medium,SYNTHETIC_SIH26017_ENHANCED,Synthetic prototype dataset; added features are simulated and must not be represented as official parcel records.
LA-0046,Bihar,Muzaffarpur,Highway,47.7,28,Fully Paid,29,1,Partial,50.9,63.7,60.0,Partially Complete,Pending,2,Rehabilitation,2,1,57,26.121381,91.46671,synthetic_demo_district_center,Non-Green Zone,2.5,12.7,23.9,1.9,No,No,159.0,No,Approved,No,No,1031.4,9.7,1.13,0.5,11.72,4.92,Plain,Wasteland,44.1,8.7,4.1,1.6,Yes,Pending,7,2,0,27.8,Partial,Low,Yes,Not Required,Private,,Verified,No,Clear,No,Pending,55.6,No,,3,2,Pending,Pending,Pending,91.1,792.43,1435.73,3.3,Yes,22.4,No,Yes,No,No,In Progress,1.02,1.45,2.25,Medium,High,Low,III,Sandy,Good,40.8,Medium,SYNTHETIC_SIH26017_ENHANCED,Synthetic prototype dataset; added features are simulated and must not be represented as official parcel records.
LA-0047,Rajasthan,Ajmer,Industrial,13.8,10,Fully Paid,16,1,Full,24.9,37.7,44.4,Complete,Completed,5,Rehabilitation,1,1,131,21.168173,81.569998,synthetic_demo_district_center,Non-Green Zone,14.1,5.8,8.1,3.4,No,No,772.0,No,Approved,No,No,1744.5,3.3,0.92,4.15,7.75,4.18,Plateau,Agricultural,52.7,8.1,5.1,4.3,No,Approved,2,1,0,81.5,Obtained,Low,Yes,Planned,Private,,Verified,No,Clear,No,Pending,81.3,No,,1,1,Not Required,Pending,Issued,95.4,663.93,1371.95,40.1,No,21.2,No,Yes,Yes,Yes,Not Required,2.03,1.66,17.61,Low,Low,Low,III,Alluvial,Moderate,36.9,Low,SYNTHETIC_SIH26017_ENHANCED,Synthetic prototype dataset; added features are simulated and must not be represented as official parcel records.
LA-0048,Maharashtra,Nagpur,Industrial,25.2,11,Mostly Paid,116,1,Mostly Obtained,54.9,51.7,34.3,Complete,Completed,2,Possession,1,1,149,30.94481,75.896968,synthetic_demo_district_center,Non-Green Zone,11.7,12.7,30.1,11.05,No,No,361.0,No,Not Required,No,No,1706.2,0.2,5.64,4.39,5.84,11.72,Plain,Agricultural,69.2,0.3,3.2,1.7,No,Approved,5,2,0,53.9,Pending,Low,Yes,Not Required,Private,,Verified,No,Reported,No,Pending,64.3,No,,1,1,Not Required,Approved,Issued,52.8,2407.24,3424.58,92.6,No,2.0,Yes,No,Yes,No,In Progress,1.26,1.96,1.98,Low,Low,Medium,IV,Red,Good,26.1,Low,SYNTHETIC_SIH26017_ENHANCED,Synthetic prototype dataset; added features are simulated and must not be represented as official parcel records.
LA-0049,Karnataka,Bengaluru Urban,Industrial,41.0,14,Fully Paid,38,2,Mostly Obtained,41.5,32.2,70.6,Partially Complete,Partially Completed,6,Planning,0,0,25,16.49754,80.601337,synthetic_demo_district_center,Non-Green Zone,5.2,6.2,9.0,6.92,No,No,60.0,No,Not Required,Yes,Yes,730.8,1.5,1.62,2.44,19.27,13.28,Plain,Government,89.3,18.6,1.6,1.5,Yes,Not Required,27,8,4,78.0,Partial,Low,Yes,Not Required,Private,,Verified,No,Reported,No,Not Available,89.8,No,,6,6,Completed,Pending,Pending,99.9,731.74,1199.98,25.6,No,19.3,No,Yes,Yes,No,Pending,1.2,9.25,0.96,Medium,Low,Medium,III,Loamy,Moderate,48.4,Medium,SYNTHETIC_SIH26017_ENHANCED,Synthetic prototype dataset; added features are simulated and must not be represented as official parcel records.
LA-0050,Odisha,Puri,Industrial,21.0,9,Fully Paid,14,1,Mostly Obtained,56.5,71.6,32.4,Incomplete,Completed,3,Closure,2,0,17,25.92673,85.109563,synthetic_demo_district_center,Non-Green Zone,27.0,1.3,22.4,1.87,No,Yes,1264.0,No,Not Required,No,No,351.6,5.6,0.49,13.87,32.07,1.7,Plain,Agricultural,66.7,3.1,3.0,2.7,No,Not Required,14,3,2,38.8,Obtained,Low,Yes,Planned,Private,,Verified,No,Clear,No,Updated,58.1,No,,4,1,Completed,Approved,Pending,98.6,3529.59,4040.56,67.8,No,-10.8,No,No,No,No,Not Required,1.27,0.35,4.35,High,Low,Medium,III,Red,Good,55.9,Medium,SYNTHETIC_SIH26017_ENHANCED,Synthetic prototype dataset; added features are simulated and must not be represented as official parcel records.
LA-0051,Madhya Pradesh,Ujjain,Power,54.9,24,Mostly Paid,29,0,Not Started,55.5,88.7,29.7,Complete,Completed,3,Closure,2,0,0,13.197455,80.200062,synthetic_demo_district_center,Non-Green Zone,34.5,4.0,13.1,7.29,No,No,270.0,No,Not Required,No,No,741.8,4.2,0.68,3.75,3.24,16.95,Plain,Residential,71.7,2.8,2.0,2.5,Yes,Pending,6,2,0,81.2,Partial,Low,Yes,In Progress,Private,,Under Review,No,Clear,No,Updated,70.4,No,,4,4,Completed,Approved,Issued,90.3,1343.38,2450.49,63.5,No,-13.4,No,Yes,Yes,No,Completed,2.49,2.78,1.92,Low,Medium,Medium,II,Sandy,Good,42.2,Medium,SYNTHETIC_SIH26017_ENHANCED,Synthetic prototype dataset; added features are simulated and must not be represented as official parcel records.
LA-0052,Uttar Pradesh,Lucknow,Irrigation,144.4,45,Partially Paid,19,0,Full,87.7,29.3,34.8,Partially Complete,Completed,4,Notification,3,0,23,22.506586,88.210327,synthetic_demo_district_center,Non-Green Zone,40.4,10.6,16.4,24.91,No,No,263.0,No,Approved,No,No,1363.6,7.3,1.71,9.23,6.5,8.2,Plateau,Agricultural,41.1,7.6,1.9,2.8,No,Not Required,7,2,0,62.3,Partial,High,Yes,Planned,Private,,Verified,No,Reported,No,Updated,86.2,Yes,,3,3,Completed,Pending,Issued,92.3,1554.33,1807.84,62.1,No,24.3,No,Yes,Yes,No,Completed,1.48,2.27,1.35,Low,Low,Medium,III,Laterite,Good,34.1,Low,SYNTHETIC_SIH26017_ENHANCED,Synthetic prototype dataset; added features are simulated and must not be represented as official parcel records.
LA-0053,Maharashtra,Nashik,Railway,13.6,6,Partially Paid,70,0,Mostly Obtained,95.6,84.8,85.9,Complete,Partially Completed,5,Rehabilitation,0,0,15,26.936653,80.747994,synthetic_demo_district_center,Non-Green Zone,23.5,15.8,9.4,4.59,No,No,327.0,No,Not Required,No,No,1198.6,6.7,0.9,2.97,27.41,13.31,Plain,Agricultural,55.7,6.3,0.1,1.7,No,Not Required,5,2,1,65.7,Pending,Low,Yes,Planned,Joint,,Verified,No,Reported,Yes,Updated,81.2,No,,5,2,Completed,Approved,Issued,55.1,492.19,1031.45,80.7,No,29.8,No,Yes,No,No,Completed,1.35,2.27,0.72,High,Low,Low,II,Black,Good,59.9,Medium,SYNTHETIC_SIH26017_ENHANCED,Synthetic prototype dataset; added features are simulated and must not be represented as official parcel records.
LA-0054,Rajasthan,Jaipur,Irrigation,8.7,4,Fully Paid,45,3,Full,77.4,56.0,59.5,Incomplete,Completed,2,Compensation,3,0,8,28.434625,76.773886,synthetic_demo_district_center,Non-Green Zone,27.1,16.5,12.0,8.22,Yes,No,804.0,Yes,Pending,No,No,726.0,2.7,2.68,4.52,7.24,6.49,Plain,Agricultural,31.1,7.9,0.2,4.4,Yes,Not Required,10,7,5,24.1,Obtained,Low,Yes,Planned,Private,,Under Review,No,Clear,No,Not Available,99.8,No,Disposed,6,6,Completed,Partially Approved,Pending,56.6,1450.45,2379.55,38.9,No,-11.8,No,Yes,Yes,No,Not Required,0.92,1.56,1.23,Low,Low,Medium,IV,Alluvial,Poor,53.8,Medium,SYNTHETIC_SIH26017_ENHANCED,Synthetic prototype dataset; added features are simulated and must not be represented as official parcel records.
LA-0055,Odisha,Cuttack,Metro,30.8,18,Mostly Paid,23,0,Mostly Obtained,79.5,69.9,69.4,Partially Complete,Completed,6,Possession,1,0,0,21.155418,81.605307,synthetic_demo_district_center,Non-Green Zone,40.0,8.1,6.5,7.38,No,No,1171.0,No,Approved,No,No,1167.5,3.6,1.64,10.54,4.81,1.77,Plain,Agricultural,50.8,6.2,2.2,1.4,Yes,Not Required,5,5,1,25.7,Obtained,Low,Yes,Not Required,Private,,Under Review,No,Clear,No,Updated,55.2,No,,4,0,Not Required,Approved,Issued,99.0,1780.75,2511.8,19.7,No,6.0,No,Yes,Yes,No,Not Required,0.41,0.37,2.37,High,High,Low,IV,Loamy,Good,66.3,Medium,SYNTHETIC_SIH26017_ENHANCED,Synthetic prototype dataset; added features are simulated and must not be represented as official parcel records.
LA-0056,Maharashtra,Nashik,Highway,42.1,22,Partially Paid,60,1,Mostly Obtained,75.0,63.5,89.6,Incomplete,Pending,5,Notification,1,0,16,28.434286,76.992327,synthetic_demo_district_center,Buffer Zone,4.6,7.2,13.2,1.56,No,No,200.0,No,Approved,No,No,1055.4,2.5,2.05,1.71,13.51,39.38,Plain,Industrial,47.5,3.9,9.5,2.8,Yes,Pending,3,1,0,46.8,Pending,Low,Yes,Not Required,Private,,Under Review,No,Under Verification,No,Updated,82.5,No,,1,1,Pending,Approved,Issued,51.7,262.59,344.94,65.3,No,-1.0,No,Yes,No,Yes,Not Required,2.13,2.96,6.19,Medium,Low,Low,IV,Alluvial,Moderate,34.2,Low,SYNTHETIC_SIH26017_ENHANCED,Synthetic prototype dataset; added features are simulated and must not be represented as official parcel records.
LA-0057,Rajasthan,Udaipur,Highway,20.6,11,Not Started,27,0,Not Started,76.0,88.3,20.7,Partially Complete,Pending,2,Possession,0,0,10,28.68703,77.066707,synthetic_demo_district_center,Non-Green Zone,34.3,8.3,6.8,6.66,No,No,750.0,No,Not Required,Yes,Yes,1705.1,0.6,6.33,6.99,2.84,11.98,Plain,Agricultural,29.5,5.0,6.1,7.6,No,Not Required,15,3,4,86.9,Obtained,Low,Yes,Not Required,Private,,Verified,No,Reported,No,Updated,73.2,No,,0,0,Completed,Pending,Issued,90.1,1559.99,2770.3,31.6,No,-6.6,No,No,Yes,Yes,Not Required,1.22,4.06,1.18,Low,Low,High,IV,Laterite,Moderate,47.4,Medium,SYNTHETIC_SIH26017_ENHANCED,Synthetic prototype dataset; added features are simulated and must not be represented as official parcel records.
LA-0058,Gujarat,Ahmedabad,Railway,73.0,27,Mostly Paid,28,1,Mostly Obtained,96.7,50.8,65.8,Partially Complete,Partially Completed,4,Notification,4,1,77,20.411138,85.995825,synthetic_demo_district_center,Non-Green Zone,23.4,3.7,21.7,10.83,No,No,54.0,No,Not Required,No,No,788.1,9.1,1.6,3.68,12.33,9.37,Plateau,Agricultural,62.6,3.4,3.7,1.5,No,Not Required,10,3,2,62.3,Obtained,Medium,Yes,In Progress,Institutional,,Verified,No,Under Verification,No,Updated,70.1,No,,3,0,Pending,Approved,Issued,96.6,1961.22,3330.74,71.7,Yes,11.1,No,Yes,No,Yes,Not Required,0.29,5.65,7.02,Low,Low,Medium,III,Loamy,Moderate,48.3,Medium,SYNTHETIC_SIH26017_ENHANCED,Synthetic prototype dataset; added features are simulated and must not be represented as official parcel records.
LA-0059,Gujarat,Ahmedabad,Irrigation,9.0,4,Partially Paid,15,1,Mostly Obtained,19.6,71.1,23.7,Complete,Completed,3,Possession,3,0,0,26.819174,80.828639,synthetic_demo_district_center,Non-Green Zone,22.9,2.4,17.4,2.05,Yes,No,508.0,Yes,Not Required,No,No,1651.1,8.1,7.03,2.04,4.04,10.67,Plain,Agricultural,43.1,4.5,2.1,1.7,Yes,Not Required,4,3,2,74.3,Pending,Medium,Yes,In Progress,Private,,Verified,No,Clear,No,Updated,70.2,No,,0,0,Not Required,Approved,Issued,52.1,1733.25,3062.65,98.9,No,-1.9,No,Yes,No,No,Not Required,0.74,2.47,1.5,Low,High,Medium,II,Alluvial,Moderate,47.3,Medium,SYNTHETIC_SIH26017_ENHANCED,Synthetic prototype dataset; added features are simulated and must not be represented as official parcel records.
LA-0060,Tamil Nadu,Chennai,Power,41.3,16,Mostly Paid,15,1,Mostly Obtained,63.8,85.1,82.5,Complete,Partially Completed,3,Notification,0,0,8,30.161046,78.11359,synthetic_demo_district_center,Green Zone,19.9,6.4,12.6,10.0,No,No,525.0,Yes,Not Required,No,No,421.1,9.5,0.94,4.31,4.42,31.01,Hilly,Government,51.2,16.6,3.9,5.0,No,Not Required,2,3,0,45.3,Disputed,Medium,Yes,Completed,Private,,Verified,No,Reported,No,Updated,78.1,Yes,,0,0,Completed,Pending,Issued,57.8,332.41,462.41,98.8,Yes,20.7,No,Yes,Yes,No,Not Required,1.88,7.8,3.06,Low,Low,Low,III,Red,Good,52.9,Medium,SYNTHETIC_SIH26017_ENHANCED,Synthetic prototype dataset; added features are simulated and must not be represented as official parcel records.
LA-0061,Maharashtra,Pune,Irrigation,15.6,10,Fully Paid,111,0,Mostly Obtained,59.6,84.7,85.1,Complete,Pending,6,Compensation,4,1,153,30.925959,75.894304,synthetic_demo_district_center,Non-Green Zone,29.5,10.0,13.3,5.21,No,No,480.0,No,Pending,No,No,821.1,4.9,2.4,2.66,10.75,9.78,Plain,Residential,85.7,8.5,0.9,2.4,No,Approved,11,3,5,22.6,Pending,Medium,Yes,In Progress,Private,Possible,Verified,No,Clear,No,Updated,66.7,No,,1,1,Completed,Approved,Pending,90.9,1102.45,1326.62,56.9,No,24.4,No,Yes,Yes,Yes,In Progress,3.6,2.77,9.21,Low,Medium,Low,II,Red,Good,45.7,Medium,SYNTHETIC_SIH26017_ENHANCED,Synthetic prototype dataset; added features are simulated and must not be represented as official parcel records.
LA-0062,Gujarat,Ahmedabad,Metro,89.1,50,Mostly Paid,58,2,Partial,85.5,49.6,58.8,Partially Complete,Completed,1,Possession,3,1,80,23.286159,85.547375,synthetic_demo_district_center,Non-Green Zone,58.5,12.6,9.2,6.28,No,No,121.0,No,Pending,Yes,Yes,973.1,0.9,1.87,9.46,5.58,5.68,Plain,Agricultural,51.6,3.7,6.2,1.1,No,Approved,2,0,0,53.9,Obtained,Low,No,Planned,Joint,,Verified,No,Reported,No,Updated,95.2,No,,3,3,Completed,Partially Approved,Issued,83.8,150.98,170.45,74.0,No,-5.9,Yes,Yes,Yes,Yes,Not Required,2.8,3.48,0.61,Low,Medium,Low,V,Loamy,Poor,44.6,Medium,SYNTHETIC_SIH26017_ENHANCED,Synthetic prototype dataset; added features are simulated and must not be represented as official parcel records.
LA-0063,Rajasthan,Udaipur,Metro,109.3,54,Not Started,4,2,Full,49.2,74.2,66.9,Complete,Completed,5,Rehabilitation,0,0,10,26.856609,80.662891,synthetic_demo_district_center,Non-Green Zone,32.1,5.2,16.0,4.79,No,Yes,119.0,No,Pending,Yes,Yes,671.2,0.9,5.67,3.68,4.16,7.29,Plain,Agricultural,46.3,23.6,0.4,3.5,No,Not Required,5,4,2,82.3,Partial,Low,Yes,Completed,Private,Possible,Under Review,No,Clear,No,Updated,93.2,No,,1,1,Pending,Partially Approved,Issued,88.0,738.5,1613.46,39.8,No,17.6,Yes,Yes,Yes,Yes,In Progress,2.78,0.76,3.03,Low,Medium,Low,II,Black,Good,33.6,Low,SYNTHETIC_SIH26017_ENHANCED,Synthetic prototype dataset; added features are simulated and must not be represented as official parcel records.
LA-0064,Tamil Nadu,Madurai,Highway,13.8,5,Partially Paid,12,4,Full,15.1,36.8,91.8,Complete,Partially Completed,2,Notification,3,1,108,17.40626,78.612957,synthetic_demo_district_center,Green Zone,23.8,4.5,12.6,1.71,Yes,No,1196.0,Yes,Approved,No,No,722.1,1.2,3.1,1.7,6.0,23.95,Plain,Residential,71.5,3.1,9.8,1.6,No,Not Required,6,1,1,62.3,Obtained,Low,Yes,Planned,Private,,Verified,No,Clear,No,Pending,94.5,No,,1,1,Not Required,Pending,Issued,75.3,1906.51,3592.24,45.6,No,-1.1,No,Yes,Yes,Yes,Completed,1.26,4.31,5.88,Low,Medium,Medium,III,Alluvial,Moderate,24.4,Low,SYNTHETIC_SIH26017_ENHANCED,Synthetic prototype dataset; added features are simulated and must not be represented as official parcel records.
LA-0065,Rajasthan,Jodhpur,Railway,16.2,5,Partially Paid,10,1,Not Started,78.8,42.1,56.0,Incomplete,Pending,1,Closure,2,0,20,25.64388,85.126655,synthetic_demo_district_center,Non-Green Zone,3.6,8.6,5.1,13.89,No,No,829.0,No,Pending,No,No,1455.0,2.9,2.53,4.56,7.09,9.91,Plain,Agricultural,36.9,11.4,1.4,0.7,No,Pending,2,0,1,68.5,Partial,Low,No,In Progress,Private,Possible,Under Review,No,Under Verification,No,Updated,90.7,No,Disposed,3,3,Completed,Pending,Issued,62.1,576.36,863.45,89.6,No,11.9,No,Yes,No,No,Not Required,0.95,0.8,2.7,Low,Low,Low,V,Sandy,Poor,44.3,Medium,SYNTHETIC_SIH26017_ENHANCED,Synthetic prototype dataset; added features are simulated and must not be represented as official parcel records.
LA-0066,Tamil Nadu,Chennai,Metro,46.7,29,Partially Paid,31,0,Full,8.9,95.4,50.8,Partially Complete,Pending,5,Compensation,0,1,126,30.818885,75.955885,synthetic_demo_district_center,Non-Green Zone,9.1,7.7,8.5,8.26,No,No,363.0,No,Not Required,No,No,1232.1,5.0,4.01,4.18,14.98,7.87,Plain,Agricultural,43.5,4.3,6.1,5.0,No,Not Required,3,1,1,72.6,Partial,Low,Yes,Planned,Private,,Under Review,No,Clear,No,Not Available,75.1,No,,4,4,Not Required,Partially Approved,Pending,88.8,650.43,1411.94,60.1,No,-5.7,No,Yes,No,No,Pending,1.32,0.59,1.08,Medium,Low,Low,II,Black,Moderate,44.3,Medium,SYNTHETIC_SIH26017_ENHANCED,Synthetic prototype dataset; added features are simulated and must not be represented as official parcel records.
LA-0067,Maharashtra,Nagpur,Highway,18.4,9,Mostly Paid,21,1,Partial,18.2,61.9,85.7,Incomplete,Pending,2,Rehabilitation,1,0,2,20.281243,85.529452,synthetic_demo_district_center,Non-Green Zone,19.7,13.9,17.0,5.42,No,No,447.0,No,Pending,No,No,811.5,7.4,0.53,1.69,17.09,16.57,Plain,Agricultural,76.5,7.5,4.4,3.6,Yes,Not Required,5,3,1,25.8,Disputed,High,Yes,Not Required,Private,,Verified,No,Reported,No,Updated,66.1,No,,0,0,Completed,Pending,Issued,88.5,1061.06,1277.4,26.2,No,-7.2,No,Yes,Yes,No,Not Required,3.64,0.74,0.18,Low,Low,Medium,II,Laterite,Good,61.3,Medium,SYNTHETIC_SIH26017_ENHANCED,Synthetic prototype dataset; added features are simulated and must not be represented as official parcel records.
LA-0068,Odisha,Puri,Highway,23.7,16,Mostly Paid,80,1,Mostly Obtained,86.8,59.2,28.8,Complete,Completed,4,Possession,2,0,2,30.197738,78.169785,synthetic_demo_district_center,Non-Green Zone,11.1,15.9,14.2,22.86,No,No,829.0,No,Pending,No,No,348.2,2.1,0.87,7.76,4.16,1.78,Plain,Government,48.3,3.4,0.1,0.5,Yes,Not Required,3,4,1,57.1,Obtained,High,Yes,Not Required,Private,,Under Review,No,Under Verification,No,Pending,79.0,No,,2,2,Pending,Partially Approved,Issued,53.4,1406.67,2722.9,72.9,No,7.5,No,No,Yes,No,Pending,0.72,7.86,3.66,High,Low,Low,V,Alluvial,Moderate,52.3,Medium,SYNTHETIC_SIH26017_ENHANCED,Synthetic prototype dataset; added features are simulated and must not be represented as official parcel records.
LA-0069,Karnataka,Mysuru,Industrial,25.0,13,Partially Paid,23,0,Partial,44.3,50.0,50.4,Complete,Completed,5,Rehabilitation,0,0,18,20.538546,85.703252,synthetic_demo_district_center,Green Zone,47.1,14.0,15.0,6.22,No,Yes,359.0,Yes,Pending,Yes,Yes,274.4,3.3,3.79,8.94,11.91,12.44,Plateau,Residential,26.1,17.2,6.9,5.2,Yes,Approved,8,4,2,56.8,Pending,Low,Yes,Not Required,Private,,Verified,No,Clear,Yes,Updated,74.9,No,,5,4,Not Required,Approved,Pending,55.0,2592.48,3609.8,50.9,No,-1.8,No,Yes,Yes,Yes,Not Required,0.96,1.19,1.96,Low,Low,Medium,IV,Sandy,Moderate,51.6,Medium,SYNTHETIC_SIH26017_ENHANCED,Synthetic prototype dataset; added features are simulated and must not be represented as official parcel records.
LA-0070,West Bengal,Darjeeling,Power,5.8,4,Not Started,103,0,Full,37.6,80.2,83.3,Complete,,2,Possession,1,0,7,16.417074,80.686812,synthetic_demo_district_center,Non-Green Zone,23.4,3.8,10.3,2.78,No,No,454.0,No,Not Required,No,No,418.8,2.3,2.32,2.47,14.05,9.02,Plain,Agricultural,79.9,4.9,5.8,1.6,No,Not Required,12,3,3,57.2,Partial,High,Yes,Not Required,Private,,Verified,No,Clear,No,Updated,87.0,No,,1,1,Not Required,Approved,Pending,99.5,1082.52,1337.74,57.3,No,-4.8,No,Yes,Yes,Yes,Not Required,6.45,1.0,6.24,Low,Low,Low,II,Red,Good,30.4,Low,SYNTHETIC_SIH26017_ENHANCED,Synthetic prototype dataset; added features are simulated and must not be represented as official parcel records.
LA-0071,Odisha,Ganjam,Airport,24.3,15,Partially Paid,28,1,Not Started,75.2,84.5,56.8,Complete,Completed,3,Possession,1,0,6,22.843016,88.375998,synthetic_demo_district_center,Non-Green Zone,42.9,6.3,14.5,5.71,No,Yes,191.0,No,Pending,Yes,Yes,884.5,3.0,9.18,12.28,9.28,6.46,Coastal,Residential,38.2,6.1,3.9,1.4,No,Not Required,3,1,0,39.9,Pending,Low,Yes,Not Required,Private,,Under Review,No,Clear,No,Updated,60.5,No,,1,1,Pending,Partially Approved,Pending,96.7,596.75,628.66,15.6,No,4.5,No,Yes,Yes,No,Completed,2.94,3.09,2.42,Medium,Medium,Low,II,Loamy,Good,41.6,Medium,SYNTHETIC_SIH26017_ENHANCED,Synthetic prototype dataset; added features are simulated and must not be represented as official parcel records.
LA-0072,Bihar,Bhagalpur,Airport,14.6,8,Fully Paid,118,0,Partial,45.6,29.5,70.0,Complete,Completed,5,Compensation,2,1,140,23.18807,77.425245,synthetic_demo_district_center,Green Zone,6.6,9.6,3.7,4.82,No,No,524.0,Yes,Pending,No,No,1530.8,1.4,3.07,1.75,16.34,4.4,Plain,Agricultural,72.0,3.0,0.5,3.0,No,Pending,1,2,0,62.9,Partial,Low,Yes,Completed,Private,,Verified,No,Reported,Yes,Pending,71.1,No,Disposed,4,2,Not Required,Approved,Issued,53.0,546.31,554.23,83.7,No,15.4,No,Yes,No,No,Not Required,0.73,1.28,1.51,Low,Low,Medium,II,Laterite,Good,58.5,Medium,SYNTHETIC_SIH26017_ENHANCED,Synthetic prototype dataset; added features are simulated and must not be represented as official parcel records.
LA-0073,Rajasthan,Kota,Industrial,16.9,14,Mostly Paid,25,0,Partial,75.3,50.2,81.4,Complete,Completed,2,Closure,0,0,10,27.145206,75.603546,synthetic_demo_district_center,Green Zone,9.3,4.8,14.0,6.09,No,No,1004.0,Yes,Not Required,No,No,1749.2,4.2,1.9,3.09,10.92,13.39,Plain,Residential,69.1,13.2,6.3,1.4,Yes,Approved,21,5,2,81.7,Obtained,High,Yes,Not Required,Private,Possible,Verified,No,Under Verification,No,Updated,68.1,No,,1,1,Pending,Approved,Pending,82.1,728.44,1570.11,37.3,No,28.4,No,Yes,No,No,Completed,2.69,4.33,2.07,High,Medium,Medium,III,Laterite,Good,42.2,Medium,SYNTHETIC_SIH26017_ENHANCED,Synthetic prototype dataset; added features are simulated and must not be represented as official parcel records.
LA-0074,Bihar,Gaya,Railway,72.4,40,Fully Paid,25,1,Partial,70.9,78.4,89.6,Complete,Pending,6,Rehabilitation,1,0,21,30.811224,75.862594,synthetic_demo_district_center,Buffer Zone,12.8,9.7,17.4,3.22,No,No,111.0,No,Not Required,No,No,1494.6,2.3,3.3,2.51,4.38,23.88,Hilly,Agricultural,92.5,11.3,9.6,4.8,No,Approved,7,1,4,24.1,Pending,Low,Yes,In Progress,Private,,Verified,No,Clear,No,Updated,63.7,No,,3,3,Not Required,Approved,Pending,93.0,749.5,969.34,49.1,No,27.0,No,No,Yes,No,In Progress,1.87,6.09,2.55,Low,Medium,Low,III,Black,Good,53.7,Medium,SYNTHETIC_SIH26017_ENHANCED,Synthetic prototype dataset; added features are simulated and must not be represented as official parcel records.
LA-0075,Odisha,Ganjam,Industrial,9.6,8,Fully Paid,58,1,Mostly Obtained,48.3,65.0,82.7,Partially Complete,Completed,3,Compensation,2,0,7,23.294021,77.372853,synthetic_demo_district_center,Non-Green Zone,35.3,8.7,19.0,9.0,No,No,316.0,No,Not Required,No,No,987.4,10.3,0.72,4.55,2.82,14.05,Plateau,Industrial,85.4,3.4,3.9,2.1,No,Not Required,10,3,0,29.5,Obtained,Medium,Yes,Planned,Private,Confirmed,Verified,No,Clear,No,Updated,66.5,No,,1,1,Pending,Pending,Issued,53.0,2667.78,4162.5,16.5,No,-3.7,Yes,Yes,Yes,No,Not Required,1.65,2.6,0.75,Low,Low,Low,V,Alluvial,Good,38.1,Low,SYNTHETIC_SIH26017_ENHANCED,Synthetic prototype dataset; added features are simulated and must not be represented as official parcel records.
LA-0076,Tamil Nadu,Madurai,Irrigation,45.1,20,Mostly Paid,52,1,Not Started,,54.8,70.8,Complete,Completed,3,Notification,1,1,71,16.58654,80.433467,synthetic_demo_district_center,Non-Green Zone,23.6,8.7,23.7,5.12,No,No,475.0,No,Not Required,No,No,456.2,4.0,6.28,2.3,5.66,27.78,Coastal,Agricultural,84.8,7.7,1.8,7.6,No,Not Required,6,3,1,67.7,Partial,Medium,Yes,In Progress,Private,,Issue Found,Yes,Clear,No,Updated,93.1,No,Disposed,5,1,Completed,Approved,Pending,63.9,1046.0,2269.57,28.8,No,15.4,Yes,Yes,Yes,No,Not Required,3.31,1.85,2.76,Medium,Low,Low,II,Red,Poor,54.3,Medium,SYNTHETIC_SIH26017_ENHANCED,Synthetic prototype dataset; added features are simulated and must not be represented as official parcel records.
LA-0077,West Bengal,Darjeeling,Highway,19.9,11,Mostly Paid,8,0,Mostly Obtained,66.7,56.8,74.8,Complete,Partially Completed,1,Rehabilitation,1,0,16,28.353245,76.929518,synthetic_demo_district_center,Non-Green Zone,35.1,4.9,7.0,7.72,No,No,1128.0,No,Not Required,Yes,Yes,977.2,7.9,3.29,0.13,7.48,6.74,Coastal,Agricultural,80.0,18.2,0.2,4.2,Yes,Not Required,3,2,0,63.3,Pending,Medium,Yes,Not Required,Private,,Verified,No,Reported,No,Updated,55.4,No,,1,1,Pending,Approved,Issued,99.5,453.56,676.14,80.4,No,32.2,Yes,Yes,No,No,Not Required,1.5,0.74,3.08,Low,Medium,Low,III,Alluvial,Poor,33.7,Low,SYNTHETIC_SIH26017_ENHANCED,Synthetic prototype dataset; added features are simulated and must not be represented as official parcel records.
LA-0078,West Bengal,Hooghly,Railway,19.9,13,Partially Paid,31,2,Full,29.1,82.0,72.3,Partially Complete,Pending,2,Closure,0,1,52,13.072171,77.63094,synthetic_demo_district_center,Green Zone,7.5,17.9,7.2,4.56,No,No,649.0,Yes,Not Required,No,No,766.4,4.6,5.27,4.82,1.43,11.51,Plain,Commercial,43.0,7.2,1.7,7.1,Yes,Approved,9,5,2,60.5,Pending,Medium,Yes,In Progress,Private,,Under Review,No,Clear,No,Not Available,86.5,No,,5,0,Pending,Partially Approved,Issued,52.3,3420.49,5469.95,41.8,No,27.4,No,Yes,Yes,No,Pending,1.71,3.05,7.82,Low,Low,Low,IV,Loamy,Moderate,45.0,Medium,SYNTHETIC_SIH26017_ENHANCED,Synthetic prototype dataset; added features are simulated and must not be represented as official parcel records.
LA-0079,Uttar Pradesh,Lucknow,Irrigation,44.4,23,Mostly Paid,21,0,Full,50.9,58.5,52.3,Partially Complete,Completed,1,Notification,2,0,15,30.37195,78.151035,synthetic_demo_district_center,Non-Green Zone,34.9,7.3,10.8,2.62,Yes,No,800.0,Yes,Not Required,No,No,1680.2,6.5,7.18,3.32,10.37,5.39,Plain,Agricultural,41.6,10.2,0.1,2.4,No,Pending,4,2,1,38.7,Obtained,Low,Yes,Not Required,Private,,Verified,No,Clear,No,Not Available,94.3,No,,5,5,Pending,Pending,Issued,96.5,1572.68,2182.5,96.6,Yes,30.2,No,Yes,Yes,No,Not Required,0.29,1.8,3.7,Low,Medium,Medium,IV,Alluvial,Moderate,30.9,Low,SYNTHETIC_SIH26017_ENHANCED,Synthetic prototype dataset; added features are simulated and must not be represented as official parcel records.
LA-0080,West Bengal,Nadia,Railway,31.7,16,Partially Paid,20,0,Full,23.9,77.8,61.3,Partially Complete,Partially Completed,6,Closure,1,0,0,31.154097,77.131586,synthetic_demo_district_center,Non-Green Zone,32.1,13.6,7.2,9.57,No,No,44.0,No,Not Required,No,No,407.0,3.8,3.95,2.95,6.0,7.06,Plain,Wasteland,74.4,3.1,6.0,4.8,No,Approved,13,3,3,67.3,Obtained,Low,Yes,Planned,Joint,Possible,Verified,No,Clear,No,Pending,59.3,No,Disposed,3,3,Completed,Pending,Pending,71.0,1523.3,3147.62,40.8,No,24.7,No,No,Yes,Yes,Not Required,0.43,3.47,3.63,Medium,Low,Low,IV,Alluvial,Moderate,32.4,Low,SYNTHETIC_SIH26017_ENHANCED,Synthetic prototype dataset; added features are simulated and must not be represented as official parcel records.
LA-0081,Karnataka,Bengaluru Urban,Industrial,37.6,21,Fully Paid,31,0,Partial,,82.1,22.9,Complete,Pending,1,Notification,1,0,3,20.342415,85.753004,synthetic_demo_district_center,Green Zone,14.8,7.2,17.4,5.43,No,No,457.0,Yes,Not Required,No,No,1633.1,0.7,1.67,2.57,8.79,21.97,Hilly,Wasteland,84.5,3.9,5.3,6.9,Yes,Not Required,5,2,1,75.9,Obtained,Medium,Yes,Not Required,Private,Possible,Verified,No,Clear,No,Pending,63.7,No,,0,0,Pending,Approved,Issued,73.4,470.56,723.03,54.4,No,-7.1,No,Yes,Yes,No,In Progress,3.24,0.72,7.64,Low,Medium,Medium,II,Alluvial,Good,38.9,Low,SYNTHETIC_SIH26017_ENHANCED,Synthetic prototype dataset; added features are simulated and must not be represented as official parcel records.
LA-0082,West Bengal,Darjeeling,Industrial,50.7,27,Not Started,23,0,Partial,52.9,49.0,53.1,Incomplete,Completed,4,Closure,0,0,17,19.095435,73.069356,synthetic_demo_district_center,Non-Green Zone,32.4,7.7,14.0,3.66,No,Yes,978.0,No,Pending,No,No,516.8,2.9,2.65,1.27,3.89,12.2,Plain,Residential,23.9,17.1,7.3,3.0,No,Not Required,12,3,4,49.1,Obtained,Low,Yes,In Progress,Private,Possible,Verified,No,Reported,No,Updated,84.9,No,,3,3,Pending,Approved,Issued,85.7,626.95,1134.16,53.5,No,10.5,No,Yes,Yes,No,Completed,2.67,2.52,5.15,Medium,Low,Low,II,Loamy,Moderate,39.9,Low,SYNTHETIC_SIH26017_ENHANCED,Synthetic prototype dataset; added features are simulated and must not be represented as official parcel records.
LA-0083,Odisha,Khordha,Highway,19.1,10,Fully Paid,34,1,Partial,62.2,27.0,56.9,Incomplete,Completed,1,Rehabilitation,1,0,12,25.602822,85.124699,synthetic_demo_district_center,Non-Green Zone,24.8,1.0,16.2,5.34,No,No,236.0,No,Not Required,No,No,596.8,2.8,4.28,8.95,3.93,35.11,Plain,Industrial,50.5,16.8,6.2,10.3,Yes,Pending,3,1,2,63.7,Partial,Low,Yes,Planned,Private,,Verified,No,Clear,No,Updated,92.6,No,,3,3,Not Required,Partially Approved,Issued,62.2,91.54,156.17,97.8,No,20.4,No,Yes,No,No,Not Required,1.46,1.95,4.59,Low,Low,Low,II,Red,Moderate,52.8,Medium,SYNTHETIC_SIH26017_ENHANCED,Synthetic prototype dataset; added features are simulated and must not be represented as official parcel records.
LA-0084,Uttar Pradesh,Agra,Railway,15.5,9,Not Started,12,1,Not Started,49.0,70.8,66.8,Partially Complete,Completed,1,Compensation,0,0,0,31.231629,77.041173,synthetic_demo_district_center,Non-Green Zone,23.9,2.9,19.5,7.14,Yes,No,315.0,Yes,Not Required,No,No,396.9,2.6,3.77,6.02,2.56,5.63,Plain,Agricultural,78.5,1.4,10.5,4.0,Yes,Approved,23,16,9,90.7,Obtained,Low,Yes,In Progress,Private,Possible,Verified,No,Clear,No,Pending,84.3,No,,2,2,Not Required,Approved,Issued,55.8,8834.98,13424.57,50.5,No,5.8,Yes,Yes,Yes,Yes,Not Required,3.86,5.04,1.54,Low,Medium,High,IV,Laterite,Good,36.3,Low,SYNTHETIC_SIH26017_ENHANCED,Synthetic prototype dataset; added features are simulated and must not be represented as official parcel records.
LA-0085,Odisha,Khordha,Railway,10.9,6,Fully Paid,6,0,Full,78.0,59.8,42.8,Complete,Partially Completed,4,Compensation,4,0,1,31.026507,77.139235,synthetic_demo_district_center,Non-Green Zone,9.1,5.9,9.0,6.91,No,No,380.0,No,Pending,No,No,464.7,10.7,1.71,7.51,5.94,4.24,Plain,Government,44.2,10.2,3.7,0.1,Yes,Not Required,6,5,2,48.4,Obtained,Low,Yes,In Progress,Joint,,Verified,No,Under Verification,No,Updated,82.8,No,,0,0,Completed,Pending,Pending,61.7,3364.41,5635.0,26.7,No,30.4,Yes,Yes,Yes,No,Not Required,1.34,2.08,0.3,High,Low,Low,II,Laterite,Good,48.4,Medium,SYNTHETIC_SIH26017_ENHANCED,Synthetic prototype dataset; added features are simulated and must not be represented as official parcel records.
LA-0086,Odisha,Khordha,Highway,13.2,4,Partially Paid,59,1,Not Started,22.9,67.6,66.9,Complete,Completed,4,Possession,0,1,98,30.354973,78.031538,synthetic_demo_district_center,Non-Green Zone,29.4,3.1,8.0,4.95,No,No,64.0,No,Pending,No,No,1019.9,1.2,1.03,5.15,16.02,7.26,Plain,Residential,73.0,10.8,2.5,3.2,No,Not Required,1,0,0,45.3,Disputed,Low,No,Completed,Private,,Under Review,No,Under Verification,Yes,Updated,60.3,No,,1,1,Not Required,Pending,Pending,80.2,197.09,218.58,53.3,Yes,-7.7,No,Yes,Yes,No,Not Required,2.62,0.76,1.8,Medium,Low,Low,III,Black,Moderate,72.3,High,SYNTHETIC_SIH26017_ENHANCED,Synthetic prototype dataset; added features are simulated and must not be represented as official parcel records.
LA-0087,Madhya Pradesh,Jabalpur,Highway,224.0,114,Mostly Paid,66,1,Full,85.9,55.8,64.7,Partially Complete,Completed,5,Possession,0,0,0,23.23611,85.424492,synthetic_demo_district_center,Non-Green Zone,16.8,5.4,18.0,0.96,No,No,103.0,No,Pending,No,No,741.3,6.0,1.58,9.74,11.36,7.41,Plain,Agricultural,72.1,10.1,3.0,5.9,Yes,Not Required,6,1,0,82.4,Pending,Medium,Yes,Not Required,Private,,Verified,No,Clear,No,Pending,95.1,No,,0,0,Completed,Approved,Issued,54.4,1482.98,2180.07,34.7,No,33.2,No,Yes,Yes,No,In Progress,2.08,1.43,3.13,Medium,Medium,Low,II,Laterite,Good,27.8,Low,SYNTHETIC_SIH26017_ENHANCED,Synthetic prototype dataset; added features are simulated and must not be represented as official parcel records.
LA-0088,Uttar Pradesh,Lucknow,Irrigation,62.4,28,Mostly Paid,57,0,Not Started,76.7,64.7,25.6,Partially Complete,Partially Completed,1,Closure,1,0,18,23.041944,72.533318,synthetic_demo_district_center,Non-Green Zone,3.1,8.2,20.6,2.16,No,No,318.0,No,Pending,No,No,1421.2,1.8,2.31,11.32,5.43,5.17,Coastal,Residential,54.1,20.9,8.9,1.6,No,Not Required,11,2,1,76.5,Obtained,Medium,Yes,In Progress,Private,Confirmed,Verified,No,Clear,No,Not Available,60.7,No,,4,4,Pending,Approved,Issued,90.8,1443.52,1938.61,92.4,No,-2.2,Yes,No,No,No,Not Required,0.84,3.0,6.62,Low,Low,Low,III,Alluvial,Poor,51.9,Medium,SYNTHETIC_SIH26017_ENHANCED,Synthetic prototype dataset; added features are simulated and must not be represented as official parcel records.
LA-0089,Odisha,Sambalpur,Railway,8.9,5,Partially Paid,30,2,Full,29.1,56.0,60.2,Incomplete,Completed,3,Rehabilitation,1,0,6,23.39533,85.296596,synthetic_demo_district_center,Non-Green Zone,34.1,5.0,22.8,4.44,No,No,211.0,No,Not Required,No,No,448.8,2.3,2.56,6.1,6.6,10.22,Plain,Residential,52.1,6.8,5.4,3.8,Yes,Pending,4,0,2,99.8,Pending,Medium,No,Not Required,Private,,Verified,No,Clear,No,Updated,79.1,No,,0,0,Not Required,Approved,Issued,83.1,997.97,1087.69,71.6,No,6.9,No,Yes,No,Yes,Not Required,1.9,3.26,2.12,Low,Low,Medium,III,Black,Moderate,27.5,Low,SYNTHETIC_SIH26017_ENHANCED,Synthetic prototype dataset; added features are simulated and must not be represented as official parcel records.
LA-0090,Madhya Pradesh,Bhopal,Metro,9.1,4,Mostly Paid,22,0,Not Started,48.7,55.6,45.5,Partially Complete,Completed,4,Possession,1,0,14,30.297249,78.013898,synthetic_demo_district_center,Non-Green Zone,29.8,3.5,15.7,10.83,No,No,608.0,No,Not Required,No,No,817.4,1.3,4.08,5.22,7.35,13.43,Coastal,Agricultural,61.6,5.2,0.3,5.2,No,Not Required,5,4,1,38.4,Pending,Medium,Yes,In Progress,Private,,Verified,No,Under Verification,No,Pending,57.4,No,Pending,1,1,Not Required,Pending,Issued,63.7,1637.81,2157.09,52.8,No,9.8,No,Yes,No,No,Pending,1.78,3.5,1.67,Medium,Medium,Low,III,Alluvial,Moderate,31.6,Low,SYNTHETIC_SIH26017_ENHANCED,Synthetic prototype dataset; added features are simulated and must not be represented as official parcel records.
LA-0091,Madhya Pradesh,Ujjain,Railway,35.2,18,Fully Paid,17,3,Not Started,90.7,49.5,85.0,Incomplete,Completed,2,Closure,1,0,12,23.340598,77.29841,synthetic_demo_district_center,Non-Green Zone,20.9,4.8,8.1,3.55,No,No,144.0,No,Not Required,No,No,1378.5,8.5,6.26,2.6,9.68,9.24,Plain,Industrial,41.0,10.3,4.1,0.8,Yes,Not Required,1,1,0,69.9,Pending,Low,Yes,Planned,Government,Possible,Verified,No,Clear,No,Pending,63.0,No,,0,0,Completed,Approved,Issued,51.2,108.33,217.38,48.6,No,34.7,No,Yes,Yes,Yes,Not Required,1.16,3.06,6.63,High,Low,Low,II,Sandy,Poor,30.8,Low,SYNTHETIC_SIH26017_ENHANCED,Synthetic prototype dataset; added features are simulated and must not be represented as official parcel records.
LA-0092,Uttar Pradesh,Mathura,Airport,37.0,13,Not Started,15,1,Mostly Obtained,84.5,64.2,84.6,Incomplete,Completed,5,Possession,1,0,12,13.090774,80.354431,synthetic_demo_district_center,Buffer Zone,17.6,10.5,13.5,2.23,No,No,184.0,No,Not Required,No,No,877.5,0.5,0.69,16.87,13.66,1.92,Plain,Wasteland,82.9,2.9,1.2,2.7,No,Not Required,3,1,1,86.7,Disputed,Low,Yes,Completed,Government,,Issue Found,Yes,Clear,No,Pending,71.0,No,,1,1,Completed,Partially Approved,Pending,52.6,459.1,655.06,24.7,No,-14.3,Yes,Yes,No,No,Not Required,1.4,0.83,4.04,Low,Medium,Low,II,Black,Poor,59.8,Medium,SYNTHETIC_SIH26017_ENHANCED,Synthetic prototype dataset; added features are simulated and must not be represented as official parcel records.
LA-0093,Bihar,Gaya,Railway,37.0,21,Fully Paid,28,0,Partial,79.4,76.4,44.0,Incomplete,Pending,5,Rehabilitation,3,1,84,26.061486,91.764737,synthetic_demo_district_center,Non-Green Zone,16.5,9.2,19.4,8.71,Yes,No,75.0,Yes,Not Required,No,No,221.9,0.9,2.72,5.98,7.64,5.62,Plateau,Residential,53.4,13.9,7.4,1.2,Yes,Approved,5,3,4,90.7,Obtained,Low,Yes,Not Required,Government,,Under Review,No,Clear,No,Pending,65.0,No,Disposed,3,3,Not Required,Approved,Pending,90.6,378.57,779.8,21.9,No,23.4,No,Yes,No,No,Not Required,0.16,3.91,1.31,Low,Low,Medium,II,Black,Poor,58.8,Medium,SYNTHETIC_SIH26017_ENHANCED,Synthetic prototype dataset; added features are simulated and must not be represented as official parcel records.
LA-0094,Tamil Nadu,Chennai,Railway,20.3,11,Mostly Paid,64,1,Mostly Obtained,23.9,82.2,37.1,Complete,Pending,1,Rehabilitation,1,1,95,16.517337,80.688474,synthetic_demo_district_center,Non-Green Zone,32.9,9.5,17.4,9.1,No,No,189.0,No,Not Required,No,No,1684.3,4.9,4.82,0.91,8.37,3.5,Plateau,Industrial,59.7,10.4,1.7,7.2,Yes,Not Required,9,6,2,54.7,Obtained,Low,Yes,Not Required,Private,,Under Review,No,Clear,No,Pending,75.6,No,,1,1,Pending,Partially Approved,Pending,66.7,585.77,1124.25,2.5,Yes,31.8,No,Yes,No,No,In Progress,4.05,5.03,0.61,Low,Low,Low,IV,Black,Moderate,60.6,Medium,SYNTHETIC_SIH26017_ENHANCED,Synthetic prototype dataset; added features are simulated and must not be represented as official parcel records.
LA-0095,Karnataka,Hubballi,Irrigation,22.3,6,Fully Paid,16,0,Mostly Obtained,22.8,52.5,76.6,Complete,Completed,6,Closure,0,0,21,12.966892,80.250157,synthetic_demo_district_center,Buffer Zone,34.0,7.9,20.4,2.75,No,No,402.0,No,Approved,Yes,Yes,1073.9,0.4,3.95,9.11,1.0,17.61,Coastal,Agricultural,70.8,5.4,4.3,4.6,No,Not Required,4,4,0,38.9,Partial,Low,Yes,Not Required,Joint,,Verified,No,Clear,No,Pending,87.4,No,,1,1,Not Required,Approved,Issued,87.1,896.07,1172.89,66.5,No,33.1,Yes,No,No,No,In Progress,0.66,0.99,0.89,Low,Medium,Medium,II,Red,Good,47.8,Medium,SYNTHETIC_SIH26017_ENHANCED,Synthetic prototype dataset; added features are simulated and must not be represented as official parcel records.
LA-0096,Tamil Nadu,Madurai,Irrigation,31.4,17,Partially Paid,64,0,Not Started,29.2,84.1,47.3,Partially Complete,Completed,3,Planning,1,0,0,12.953653,77.517765,synthetic_demo_district_center,Green Zone,18.8,14.3,17.7,4.59,No,Yes,697.0,Yes,Not Required,No,No,1381.5,0.7,1.67,5.76,5.9,4.74,Plain,Residential,65.9,15.9,1.9,3.7,No,Approved,6,1,0,40.5,Partial,Low,Yes,Completed,Private,,Issue Found,Yes,Clear,Yes,Updated,83.3,No,,1,1,Not Required,Partially Approved,Issued,89.0,1028.28,1271.52,8.0,No,-3.9,No,No,Yes,No,Not Required,9.19,7.81,2.85,Medium,Low,High,III,Sandy,Poor,65.7,Medium,SYNTHETIC_SIH26017_ENHANCED,Synthetic prototype dataset; added features are simulated and must not be represented as official parcel records.
LA-0097,West Bengal,Howrah,Highway,26.2,10,Mostly Paid,7,0,Full,56.7,88.5,56.7,Partially Complete,Completed,6,Possession,0,0,23,30.666168,75.751508,synthetic_demo_district_center,Buffer Zone,17.5,4.0,21.4,3.09,No,No,1126.0,No,Not Required,Yes,Yes,298.9,7.2,2.92,2.89,6.51,4.38,Plain,Agricultural,74.9,8.4,3.5,0.1,No,Approved,8,4,2,99.5,Disputed,Low,Yes,In Progress,Joint,,Verified,No,Clear,Yes,Not Available,99.6,No,,5,3,Not Required,Approved,Issued,62.3,3407.85,3533.1,97.8,No,-3.7,Yes,Yes,Yes,No,Not Required,0.75,3.84,1.03,Medium,Low,Medium,IV,Red,Moderate,41.1,Medium,SYNTHETIC_SIH26017_ENHANCED,Synthetic prototype dataset; added features are simulated and must not be represented as official parcel records.
LA-0098,Karnataka,Bengaluru Urban,Irrigation,5.0,5,Fully Paid,35,2,Partial,44.4,96.0,57.5,Complete,Partially Completed,6,Compensation,0,0,0,17.460859,78.524952,synthetic_demo_district_center,Green Zone,47.7,6.4,24.6,2.18,No,No,239.0,Yes,Not Required,No,No,169.3,2.5,1.65,16.61,4.86,9.64,Coastal,Agricultural,76.4,5.2,7.6,3.1,Yes,Not Required,6,3,3,69.5,Obtained,High,Yes,Not Required,Private,Possible,Verified,No,Under Verification,Yes,Not Available,91.4,No,,3,1,Completed,Pending,Pending,99.8,2812.8,4895.44,61.2,No,34.9,No,Yes,Yes,No,Completed,3.64,3.13,9.66,Low,Low,Low,III,Alluvial,Moderate,45.1,Medium,SYNTHETIC_SIH26017_ENHANCED,Synthetic prototype dataset; added features are simulated and must not be represented as official parcel records.
LA-0099,West Bengal,Darjeeling,Metro,20.6,6,Mostly Paid,41,2,Mostly Obtained,47.7,74.0,70.8,Partially Complete,Pending,4,Compensation,0,0,1,21.344667,81.637475,synthetic_demo_district_center,Non-Green Zone,28.3,10.6,3.7,1.06,No,No,103.0,No,Approved,Yes,Yes,235.8,5.3,3.08,5.33,3.56,22.73,Plain,Wasteland,78.1,2.7,1.3,2.2,No,Approved,5,2,1,23.0,Obtained,Medium,Yes,Not Required,Private,Possible,Verified,No,Under Verification,No,Pending,81.1,No,,2,2,Completed,Approved,Issued,88.8,872.98,1537.73,31.5,Yes,15.4,No,Yes,Yes,No,Completed,0.31,9.39,1.66,Medium,High,Medium,II,Sandy,Moderate,53.0,Medium,SYNTHETIC_SIH26017_ENHANCED,Synthetic prototype dataset; added features are simulated and must not be represented as official parcel records.
LA-0100,Odisha,Cuttack,Metro,13.0,8,Mostly Paid,19,0,Partial,67.2,79.7,35.2,Partially Complete,Pending,2,Compensation,1,0,5,26.790865,75.861358,synthetic_demo_district_center,Green Zone,13.5,10.4,7.3,8.09,No,No,497.0,Yes,Pending,No,No,791.4,5.7,3.45,10.82,1.88,12.87,Hilly,Agricultural,62.6,18.2,4.7,3.4,No,Not Required,6,3,4,92.7,Obtained,Medium,Yes,Completed,Private,,Verified,No,Clear,Yes,Not Available,93.4,No,,4,1,Completed,Approved,Pending,68.6,1374.8,2151.8,14.4,No,-12.2,No,Yes,Yes,No,In Progress,2.86,0.98,9.3,Low,Low,Low,IV,Red,Moderate,54.0,Medium,SYNTHETIC_SIH26017_ENHANCED,Synthetic prototype dataset; added features are simulated and must not be represented as official parcel records.
LA-0101,Rajasthan,Jodhpur,Highway,28.0,13,Not Started,11,2,Mostly Obtained,56.1,62.7,56.7,Complete,Completed,1,Rehabilitation,0,0,23,25.481337,85.039048,synthetic_demo_district_center,Non-Green Zone,20.2,8.4,12.9,9.3,No,No,2067.0,No,Approved,No,No,642.0,7.4,2.63,9.59,12.6,26.09,Plain,Agricultural,67.9,3.8,1.6,11.4,No,Not Required,7,4,0,86.4,Obtained,Low,Yes,Planned,Private,,Verified,No,Under Verification,No,Updated,60.1,No,Pending,5,3,Pending,Pending,Issued,76.4,2377.03,4341.8,73.4,Yes,3.6,No,Yes,No,Yes,Not Required,1.36,1.38,1.77,Low,Medium,High,III,Black,Moderate,41.9,Medium,SYNTHETIC_SIH26017_ENHANCED,Synthetic prototype dataset; added features are simulated and must not be represented as official parcel records.
LA-0102,Uttar Pradesh,Mathura,Highway,230.2,86,Partially Paid,54,0,Partial,11.8,68.5,30.7,Complete,Completed,3,Compensation,2,0,3,18.863537,72.945128,synthetic_demo_district_center,Non-Green Zone,29.5,12.5,10.8,3.22,No,No,250.0,No,Pending,No,No,330.2,2.3,3.8,7.19,1.64,7.95,Plain,Agricultural,53.9,8.0,4.6,3.1,No,Approved,37,14,4,63.8,Obtained,Low,Yes,Planned,Private,,Verified,No,Clear,No,Updated,66.0,No,Pending,4,4,Pending,Pending,Issued,95.6,10544.98,19132.56,67.6,No,14.4,No,Yes,Yes,No,Pending,2.87,1.68,2.5,Low,Medium,Low,III,Black,Good,46.4,Medium,SYNTHETIC_SIH26017_ENHANCED,Synthetic prototype dataset; added features are simulated and must not be represented as official parcel records.
LA-0103,Karnataka,Mysuru,Power,32.3,20,,30,0,Partial,26.4,65.9,15.1,Incomplete,Completed,1,Compensation,1,0,5,28.403537,76.853804,synthetic_demo_district_center,Non-Green Zone,7.1,8.3,23.5,4.07,Yes,No,131.0,Yes,Not Required,Yes,Yes,1626.8,3.4,2.65,6.96,7.62,5.95,Plain,Residential,83.7,5.2,1.3,8.2,No,Pending,16,8,3,32.8,Obtained,Medium,Yes,Not Required,Private,,Verified,No,Clear,No,Updated,80.9,No,,4,4,Pending,Partially Approved,Issued,95.6,1156.03,1757.89,24.6,No,13.6,No,Yes,Yes,No,Not Required,0.35,4.53,2.5,Low,Low,Low,III,Alluvial,Good,31.1,Low,SYNTHETIC_SIH26017_ENHANCED,Synthetic prototype dataset; added features are simulated and must not be represented as official parcel records.
LA-0104,Karnataka,Mangaluru,Metro,19.4,7,Mostly Paid,142,1,Mostly Obtained,69.0,52.9,62.6,Complete,Partially Completed,1,Notification,1,0,2,23.123019,85.257308,synthetic_demo_district_center,Non-Green Zone,13.7,17.7,20.0,1.79,No,No,161.0,No,Not Required,No,No,153.8,2.9,1.31,2.57,1.63,3.97,Plain,Agricultural,73.8,11.4,1.5,4.8,Yes,Not Required,3,3,0,26.8,Partial,Medium,Yes,Planned,Private,Confirmed,Verified,No,Under Verification,No,Pending,92.5,No,,4,0,Pending,Pending,Issued,96.9,413.2,573.62,6.0,No,1.3,No,Yes,Yes,No,In Progress,0.8,1.93,6.28,Medium,High,Medium,V,Sandy,Good,47.4,Medium,SYNTHETIC_SIH26017_ENHANCED,Synthetic prototype dataset; added features are simulated and must not be represented as official parcel records.
LA-0105,Odisha,Cuttack,Metro,49.0,16,Mostly Paid,65,1,Partial,88.5,64.0,78.2,Partially Complete,Pending,5,Notification,2,0,15,9.861231,76.406077,synthetic_demo_district_center,Green Zone,21.3,14.4,20.5,1.63,No,No,1225.0,Yes,Not Required,Yes,Yes,611.9,1.1,0.77,3.86,3.86,8.77,Plain,Agricultural,48.8,5.6,2.1,7.7,Yes,Approved,18,6,3,24.1,Disputed,Low,Yes,Not Required,Joint,,Verified,No,Clear,No,Pending,63.5,No,,1,0,Pending,Approved,Issued,72.9,2017.64,2114.15,30.6,No,-5.8,No,No,No,No,Pending,1.33,2.09,1.96,Medium,Medium,Medium,III,Laterite,Moderate,51.3,Medium,SYNTHETIC_SIH26017_ENHANCED,Synthetic prototype dataset; added features are simulated and must not be represented as official parcel records.
LA-0106,Bihar,Nalanda,Power,35.2,16,,65,1,Partial,62.4,40.5,53.9,Complete,Pending,6,Possession,0,0,19,9.814876,76.420203,synthetic_demo_district_center,Green Zone,38.8,16.3,4.5,2.81,No,No,632.0,Yes,Pending,No,No,26.8,2.6,0.41,7.84,11.37,25.95,Plain,Agricultural,69.2,16.5,0.1,2.6,No,Pending,25,7,0,22.6,Obtained,Medium,Yes,In Progress,Private,,Under Review,No,Clear,Yes,Updated,58.9,No,Pending,0,0,Completed,Approved,Pending,55.6,2277.96,3897.72,80.0,No,23.7,No,Yes,Yes,No,In Progress,0.52,1.6,3.12,Low,Low,High,IV,Sandy,Good,34.9,Low,SYNTHETIC_SIH26017_ENHANCED,Synthetic prototype dataset; added features are simulated and must not be represented as official parcel records.
LA-0107,Madhya Pradesh,Bhopal,Irrigation,33.6,13,Mostly Paid,1,2,Mostly Obtained,83.7,41.5,29.5,Partially Complete,Pending,2,Planning,0,1,149,12.863988,77.460046,synthetic_demo_district_center,Non-Green Zone,12.0,7.6,24.5,1.55,No,No,1259.0,No,Not Required,Yes,Yes,1435.2,3.4,4.47,4.09,4.95,3.29,Plain,Residential,49.6,3.4,0.8,0.4,No,Not Required,2,0,1,86.1,Partial,High,No,Not Required,Private,,Verified,No,Reported,No,Updated,65.5,No,,5,5,Completed,Partially Approved,Pending,93.9,215.85,397.12,74.9,No,22.1,No,Yes,Yes,No,In Progress,3.62,2.65,1.14,High,High,Low,V,Laterite,Good,47.9,Medium,SYNTHETIC_SIH26017_ENHANCED,Synthetic prototype dataset; added features are simulated and must not be represented as official parcel records.
LA-0108,Odisha,Puri,Highway,38.7,19,Partially Paid,16,1,Mostly Obtained,23.7,86.8,13.9,Incomplete,Completed,2,Notification,0,0,36,26.937378,75.664947,synthetic_demo_district_center,Non-Green Zone,23.0,7.3,22.1,7.13,Yes,No,335.0,Yes,Pending,No,No,1157.9,0.9,1.41,7.72,3.74,9.12,Plain,Commercial,39.2,16.5,1.3,0.0,No,Approved,4,2,0,20.3,Obtained,Low,Yes,Not Required,Private,,Issue Found,Yes,Clear,No,Updated,93.0,No,,2,2,Not Required,Partially Approved,Issued,72.8,338.86,487.05,34.0,Yes,-6.0,No,Yes,Yes,No,In Progress,1.06,1.68,2.53,Low,High,Low,III,Red,Good,65.8,Medium,SYNTHETIC_SIH26017_ENHANCED,Synthetic prototype dataset; added features are simulated and must not be represented as official parcel records.
LA-0109,Gujarat,Surat,Industrial,114.7,49,Mostly Paid,10,2,Not Started,19.3,65.9,68.3,Complete,Completed,2,Possession,0,0,19,16.721118,80.827255,synthetic_demo_district_center,Non-Green Zone,14.3,5.3,4.8,2.07,No,No,335.0,No,Not Required,No,No,826.2,2.4,1.92,5.36,4.34,11.33,Plateau,Wasteland,50.7,9.2,7.7,6.0,No,Not Required,7,3,2,25.5,Pending,Medium,Yes,In Progress,Government,Possible,Verified,No,Clear,No,Updated,73.5,No,,4,4,Not Required,Pending,Issued,80.5,2585.43,2840.38,15.1,No,24.8,No,Yes,No,Yes,Not Required,0.76,1.55,1.32,Low,Low,Low,V,Laterite,Poor,27.8,Low,SYNTHETIC_SIH26017_ENHANCED,Synthetic prototype dataset; added features are simulated and must not be represented as official parcel records.
LA-0110,Madhya Pradesh,Gwalior,Highway,10.5,3,Fully Paid,3,0,Partial,13.2,46.2,29.9,Complete,Completed,2,Planning,0,0,16,23.490234,85.475856,synthetic_demo_district_center,Non-Green Zone,14.7,4.6,34.8,9.17,No,No,357.0,No,Pending,No,No,606.9,3.6,1.47,3.01,8.59,17.05,Plain,Agricultural,47.2,10.6,0.5,3.0,No,Not Required,1,1,0,38.0,Obtained,Medium,Yes,Not Required,Private,Confirmed,Under Review,No,Clear,No,Pending,59.0,No,,5,0,Completed,Partially Approved,Pending,98.8,202.54,431.29,49.1,No,-12.5,No,Yes,Yes,No,Not Required,0.49,4.56,0.88,Low,Medium,Low,II,Black,Good,40.4,Medium,SYNTHETIC_SIH26017_ENHANCED,Synthetic prototype dataset; added features are simulated and must not be represented as official parcel records.
LA-0111,Uttar Pradesh,Meerut,Irrigation,35.0,18,Fully Paid,29,0,Partial,78.2,96.4,42.3,Partially Complete,Completed,4,Notification,0,0,0,21.400949,81.766588,synthetic_demo_district_center,Green Zone,14.9,4.4,19.6,0.77,No,No,730.0,Yes,Not Required,Yes,Yes,251.6,1.7,8.88,6.4,7.54,16.07,Plain,Commercial,70.6,15.7,4.3,4.8,No,Not Required,10,1,1,39.4,Partial,Low,Yes,Not Required,Private,,Verified,No,Clear,No,Pending,63.3,No,,5,1,Completed,Approved,Issued,69.6,2223.74,2319.28,53.4,No,12.4,No,Yes,No,No,Not Required,2.0,2.01,2.97,Low,Low,Medium,IV,Laterite,Moderate,26.6,Low,SYNTHETIC_SIH26017_ENHANCED,Synthetic prototype dataset; added features are simulated and must not be represented as official parcel records.
LA-0112,Madhya Pradesh,Indore,Power,12.2,7,Not Started,53,3,Not Started,83.9,71.7,65.3,Incomplete,Completed,4,Rehabilitation,1,0,31,23.249671,85.121735,synthetic_demo_district_center,Non-Green Zone,3.2,11.6,22.3,5.89,Yes,No,544.0,Yes,Not Required,No,No,1537.2,0.9,3.43,12.53,8.83,4.8,Plain,Agricultural,65.5,8.6,1.3,1.3,No,Not Required,15,8,1,62.6,Disputed,Low,Yes,Not Required,Private,,Verified,No,Clear,No,Updated,90.0,No,Pending,6,0,Completed,Approved,Issued,73.0,2513.62,5227.18,82.1,No,-13.2,Yes,Yes,Yes,Yes,Pending,2.13,1.16,1.02,Medium,Low,Medium,II,Alluvial,Moderate,73.0,High,SYNTHETIC_SIH26017_ENHANCED,Synthetic prototype dataset; added features are simulated and must not be represented as official parcel records.
LA-0113,Bihar,Bhagalpur,Airport,37.2,25,,12,0,Partial,49.2,86.6,44.3,Complete,Completed,2,Rehabilitation,2,0,14,13.064453,77.639652,synthetic_demo_district_center,Non-Green Zone,31.8,11.9,17.4,4.87,No,No,54.0,No,Pending,No,No,1328.1,2.3,1.82,5.76,4.87,4.67,Plain,Wasteland,68.6,6.9,1.6,2.3,No,Not Required,7,2,1,64.3,Obtained,Medium,Yes,Not Required,Joint,,Verified,No,Clear,No,Updated,95.7,No,,3,3,Not Required,Approved,Issued,52.8,995.13,1866.08,64.0,No,-0.3,No,Yes,Yes,Yes,In Progress,1.19,1.96,5.3,Low,Medium,Medium,II,Loamy,Moderate,43.4,Medium,SYNTHETIC_SIH26017_ENHANCED,Synthetic prototype dataset; added features are simulated and must not be represented as official parcel records.
LA-0114,Madhya Pradesh,Gwalior,Highway,12.3,9,Mostly Paid,3,1,Not Started,67.1,38.5,40.0,Complete,Completed,3,Compensation,3,0,9,31.0484,77.055983,synthetic_demo_district_center,Buffer Zone,33.8,2.2,15.3,5.69,No,No,1630.0,No,Not Required,Yes,Yes,1198.3,1.7,0.17,2.17,1.29,8.7,Coastal,Commercial,69.7,5.5,1.1,4.8,No,Not Required,9,4,1,72.5,Obtained,Low,Yes,Planned,Institutional,,Verified,No,Under Verification,No,Updated,67.1,No,,2,2,Pending,Pending,Pending,84.3,3219.8,4984.93,88.8,No,32.5,No,No,Yes,No,Not Required,1.11,1.31,3.07,Low,Medium,Low,IV,Sandy,Good,57.8,Medium,SYNTHETIC_SIH26017_ENHANCED,Synthetic prototype dataset; added features are simulated and must not be represented as official parcel records.
LA-0115,Uttar Pradesh,Agra,Highway,17.9,6,Fully Paid,13,1,Full,82.5,79.5,94.9,Complete,Partially Completed,4,Compensation,2,0,16,16.386501,80.552829,synthetic_demo_district_center,Non-Green Zone,23.4,6.7,7.6,2.87,No,No,47.0,No,Approved,Yes,Yes,1707.8,7.8,1.75,2.9,5.61,3.66,Coastal,Commercial,59.6,13.6,0.2,2.8,No,Not Required,4,1,1,42.9,Obtained,Low,Yes,Not Required,Private,,Verified,No,Clear,No,Updated,57.6,No,,1,1,Completed,Approved,Issued,69.3,554.26,825.47,98.9,No,23.5,No,Yes,Yes,Yes,Not Required,3.93,2.6,1.73,High,Medium,Low,III,Red,Good,30.7,Low,SYNTHETIC_SIH26017_ENHANCED,Synthetic prototype dataset; added features are simulated and must not be represented as official parcel records.
LA-0116,Bihar,Muzaffarpur,Railway,19.7,13,Partially Paid,26,0,Mostly Obtained,33.8,66.1,18.0,Complete,Partially Completed,4,Closure,2,0,6,26.95821,75.610632,synthetic_demo_district_center,Non-Green Zone,24.3,24.7,20.6,6.16,No,No,1202.0,No,Pending,Yes,Yes,274.7,0.9,3.72,3.73,6.53,17.3,Plateau,Agricultural,50.8,9.4,0.4,4.2,No,Pending,7,2,0,34.6,Obtained,Medium,Yes,Completed,Private,Possible,Verified,No,Under Verification,No,Updated,93.2,No,,3,2,Not Required,Pending,Pending,82.0,2366.17,3430.86,58.1,No,1.9,No,Yes,No,No,Not Required,1.12,4.38,2.33,Low,Medium,Medium,II,Black,Good,53.4,Medium,SYNTHETIC_SIH26017_ENHANCED,Synthetic prototype dataset; added features are simulated and must not be represented as official parcel records.
LA-0117,Tamil Nadu,Coimbatore,Railway,51.0,28,Mostly Paid,24,3,Not Started,8.1,,90.1,Partially Complete,Completed,3,Planning,1,1,169,22.759799,88.343736,synthetic_demo_district_center,Buffer Zone,8.7,9.8,15.3,5.87,No,No,1045.0,No,Pending,No,No,1498.8,1.8,0.98,4.06,4.81,7.76,Plain,Agricultural,86.2,14.8,3.9,4.3,Yes,Not Required,5,4,2,50.9,Partial,Medium,Yes,Not Required,Joint,,Issue Found,Yes,Under Verification,No,Not Available,97.7,No,Disposed,2,1,Pending,Pending,Issued,99.5,755.84,1392.97,46.7,No,29.1,No,Yes,Yes,No,Pending,2.31,4.04,2.57,Low,Medium,Medium,III,Red,Good,48.2,Medium,SYNTHETIC_SIH26017_ENHANCED,Synthetic prototype dataset; added features are simulated and must not be represented as official parcel records.
LA-0118,Karnataka,Bengaluru Urban,Highway,48.9,20,Partially Paid,30,0,Not Started,35.4,45.1,55.0,Incomplete,Completed,2,Possession,0,1,40,9.897241,76.181482,synthetic_demo_district_center,Buffer Zone,11.7,3.6,37.4,5.27,No,No,45.0,No,Approved,No,No,1584.9,1.2,0.9,1.41,16.04,5.45,Plain,Agricultural,69.7,8.4,2.8,4.8,No,Not Required,5,1,2,32.4,Partial,Medium,Yes,Completed,Government,,Verified,No,Clear,No,Updated,86.2,No,,2,0,Pending,Approved,Pending,72.3,1367.73,2798.87,30.4,Yes,-13.9,No,Yes,Yes,No,Not Required,4.88,4.3,3.53,Medium,Low,Medium,II,Red,Good,45.0,Medium,SYNTHETIC_SIH26017_ENHANCED,Synthetic prototype dataset; added features are simulated and must not be represented as official parcel records.
LA-0119,Karnataka,Belagavi,Airport,9.6,5,Mostly Paid,40,1,Mostly Obtained,18.9,37.8,53.8,Complete,Pending,1,Possession,0,0,25,20.21009,85.796172,synthetic_demo_district_center,Non-Green Zone,24.4,7.1,14.5,4.19,No,No,591.0,No,Not Required,Yes,Yes,886.4,2.0,0.46,4.82,1.77,2.66,Plain,Industrial,61.6,13.3,2.2,4.6,Yes,Pending,5,0,3,90.2,Partial,Low,No,In Progress,Private,,Verified,No,Clear,No,Updated,68.9,No,,2,2,Not Required,Approved,Pending,91.2,1042.93,1483.95,13.9,No,28.4,No,Yes,Yes,Yes,Not Required,2.69,2.82,1.28,Low,Medium,Low,III,Red,Moderate,40.2,Medium,SYNTHETIC_SIH26017_ENHANCED,Synthetic prototype dataset; added features are simulated and must not be represented as official parcel records.
LA-0120,West Bengal,Hooghly,Highway,25.6,11,Not Started,29,1,Partial,95.7,34.5,47.9,Partially Complete,Partially Completed,4,Rehabilitation,3,0,18,23.175328,77.176429,synthetic_demo_district_center,Non-Green Zone,35.0,8.2,15.7,1.16,No,No,761.0,No,Not Required,No,No,1787.4,8.9,3.6,6.87,1.92,28.13,Coastal,Industrial,53.5,7.1,7.1,0.5,Yes,Not Required,2,2,0,89.2,Pending,Medium,Yes,Planned,Private,,Verified,No,Clear,No,Updated,90.4,No,,6,3,Not Required,Partially Approved,Pending,73.3,649.07,1137.53,51.5,No,26.7,No,Yes,Yes,No,Not Required,2.55,4.55,7.17,High,High,Medium,III,Black,Moderate,43.7,Medium,SYNTHETIC_SIH26017_ENHANCED,Synthetic prototype dataset; added features are simulated and must not be represented as official parcel records.
LA-0121,Tamil Nadu,Salem,Railway,14.4,5,Partially Paid,55,3,Full,71.8,81.4,63.1,Incomplete,Partially Completed,1,Closure,0,0,12,26.104654,91.604482,synthetic_demo_district_center,Non-Green Zone,24.0,10.1,19.2,6.95,No,No,498.0,No,Not Required,Yes,Yes,502.7,1.6,1.02,5.52,7.13,14.25,Plateau,Agricultural,49.3,8.0,2.6,1.9,No,Not Required,7,5,0,95.5,Pending,Medium,Yes,Not Required,Private,,Verified,No,Clear,No,Pending,92.2,No,,1,1,Completed,Pending,Issued,93.2,1091.87,1640.63,15.7,No,26.1,No,No,No,No,Not Required,1.7,0.99,2.69,High,Low,Medium,III,Alluvial,Good,44.7,Medium,SYNTHETIC_SIH26017_ENHANCED,Synthetic prototype dataset; added features are simulated and must not be represented as official parcel records.
LA-0122,Tamil Nadu,Tiruchirappalli,Irrigation,9.5,4,Not Started,12,0,Full,86.0,39.2,61.3,Complete,Partially Completed,1,Compensation,0,1,181,30.93208,75.967717,synthetic_demo_district_center,Non-Green Zone,16.8,7.1,9.1,6.49,Yes,No,444.0,Yes,Not Required,No,No,1057.9,5.7,5.31,2.35,25.06,3.11,Plateau,Agricultural,73.4,9.2,1.0,2.6,No,Not Required,28,10,3,33.9,Obtained,Medium,Yes,In Progress,Institutional,,Verified,No,Clear,No,Updated,85.6,No,,1,1,Not Required,Approved,Pending,57.1,1300.54,1414.78,21.3,No,14.3,No,Yes,No,No,Completed,0.1,3.49,5.61,Medium,Medium,Low,III,Sandy,Moderate,39.4,Low,SYNTHETIC_SIH26017_ENHANCED,Synthetic prototype dataset; added features are simulated and must not be represented as official parcel records.
LA-0123,Madhya Pradesh,Indore,Metro,20.8,10,Partially Paid,24,4,Mostly Obtained,58.2,44.4,67.6,Partially Complete,Pending,3,Compensation,3,1,142,17.685,78.530563,synthetic_demo_district_center,Non-Green Zone,36.1,5.3,7.7,1.61,Yes,No,234.0,Yes,Not Required,No,No,365.0,5.1,0.46,0.63,5.34,16.52,Plateau,Industrial,57.4,7.4,6.9,5.1,Yes,Not Required,5,1,1,72.1,Partial,High,Yes,Not Required,Private,,Verified,No,Clear,No,Pending,71.4,No,,1,1,Not Required,Pending,Issued,80.1,908.86,1381.6,55.7,No,12.1,No,Yes,Yes,Yes,Not Required,2.09,1.06,8.35,Medium,Low,Low,IV,Laterite,Good,31.2,Low,SYNTHETIC_SIH26017_ENHANCED,Synthetic prototype dataset; added features are simulated and must not be represented as official parcel records.
LA-0124,Karnataka,Belagavi,Irrigation,19.5,15,Not Started,45,1,Partial,56.3,75.8,55.3,Partially Complete,Completed,2,Possession,1,1,165,19.050608,72.837212,synthetic_demo_district_center,Green Zone,7.8,4.0,13.0,7.82,No,No,898.0,Yes,Not Required,Yes,Yes,115.1,0.8,1.43,5.36,8.82,2.88,Hilly,Agricultural,78.3,11.0,1.8,2.4,No,Not Required,4,1,1,41.1,Pending,Low,Yes,Not Required,Private,,Verified,No,Under Verification,No,Updated,70.7,No,,2,2,Not Required,Pending,Issued,63.8,1846.01,3623.64,8.7,No,20.6,No,Yes,Yes,No,Not Required,1.33,10.24,1.55,High,Low,Low,II,Sandy,Good,49.5,Medium,SYNTHETIC_SIH26017_ENHANCED,Synthetic prototype dataset; added features are simulated and must not be represented as official parcel records.
LA-0125,Uttar Pradesh,Meerut,Highway,151.4,66,Mostly Paid,37,0,Full,51.6,46.8,84.7,Complete,Completed,6,Closure,0,0,11,17.219525,78.331912,synthetic_demo_district_center,Non-Green Zone,19.1,6.7,16.4,0.93,No,No,475.0,No,Approved,Yes,Yes,779.6,1.2,0.62,1.13,0.88,10.24,Hilly,Agricultural,57.5,6.5,1.5,3.7,No,Not Required,3,0,0,32.3,Partial,Low,No,In Progress,Private,,Verified,No,Clear,No,Not Available,58.2,No,,3,3,Completed,Approved,Issued,64.2,181.99,186.33,41.6,No,10.0,No,Yes,Yes,No,Completed,1.28,4.83,0.34,Medium,Medium,Low,III,Sandy,Good,26.3,Low,SYNTHETIC_SIH26017_ENHANCED,Synthetic prototype dataset; added features are simulated and must not be represented as official parcel records.
LA-0126,Maharashtra,Nagpur,Metro,33.9,18,Not Started,95,0,Full,85.3,86.3,58.6,Complete,Completed,1,Closure,2,1,148,25.416057,85.172806,synthetic_demo_district_center,Green Zone,20.7,8.6,7.2,11.25,No,No,212.0,Yes,Approved,No,No,1206.8,3.4,1.39,2.23,30.55,7.5,Plain,Wasteland,67.0,6.2,0.9,2.0,No,Not Required,6,4,1,33.2,Obtained,Low,Yes,Not Required,Private,,Verified,No,Clear,No,Pending,68.5,No,,0,0,Completed,Approved,Issued,76.9,1308.45,1489.81,4.0,Yes,31.9,No,No,No,No,Not Required,1.14,0.22,2.06,High,Medium,Low,II,Black,Moderate,67.4,Medium,SYNTHETIC_SIH26017_ENHANCED,Synthetic prototype dataset; added features are simulated and must not be represented as official parcel records.
LA-0127,Maharashtra,Nashik,Highway,8.7,7,Mostly Paid,13,0,Mostly Obtained,61.5,17.0,61.2,Complete,Pending,2,Possession,2,0,28,16.391996,80.787063,synthetic_demo_district_center,Non-Green Zone,22.0,9.2,12.9,2.32,No,No,217.0,No,Approved,No,No,1443.2,2.4,4.43,5.65,5.52,13.1,Plain,Agricultural,60.2,1.6,1.3,2.3,No,Not Required,8,2,2,65.7,Partial,Medium,Yes,Not Required,Private,,Verified,No,Clear,No,Updated,74.2,No,,1,1,Pending,Approved,Issued,61.5,521.18,1011.88,88.7,No,20.1,No,Yes,Yes,Yes,Pending,1.71,2.33,2.12,Low,High,Medium,III,Sandy,Moderate,22.1,Low,SYNTHETIC_SIH26017_ENHANCED,Synthetic prototype dataset; added features are simulated and must not be represented as official parcel records.
LA-0128,Bihar,Bhagalpur,Highway,16.1,9,Partially Paid,46,0,Mostly Obtained,26.3,68.3,73.1,Complete,Completed,5,Rehabilitation,1,0,17,28.494174,77.009165,synthetic_demo_district_center,Non-Green Zone,13.1,9.8,19.6,0.56,No,No,1198.0,No,Approved,Yes,Yes,1703.9,5.4,0.28,3.67,1.42,8.75,Plain,Government,44.8,13.4,2.5,3.4,No,Not Required,6,2,1,63.2,Obtained,Medium,Yes,Not Required,Government,,Verified,No,Clear,No,Pending,78.5,Yes,Pending,2,2,Not Required,Approved,Issued,60.0,3534.15,6646.07,23.6,No,5.7,Yes,No,Yes,No,Pending,3.25,0.76,6.56,High,Low,Low,III,Alluvial,Good,35.1,Low,SYNTHETIC_SIH26017_ENHANCED,Synthetic prototype dataset; added features are simulated and must not be represented as official parcel records.
LA-0129,Karnataka,Bengaluru Urban,Airport,52.8,22,Fully Paid,17,0,Partial,73.9,41.0,59.0,Complete,Pending,6,Planning,2,0,13,31.139131,77.253757,synthetic_demo_district_center,Green Zone,49.8,11.0,11.4,7.1,No,No,101.0,Yes,Approved,No,No,774.4,5.3,2.28,1.9,10.15,3.56,Plain,Wasteland,89.3,5.3,5.9,7.3,No,Approved,2,0,0,36.2,Obtained,Low,No,In Progress,Joint,,Under Review,No,Under Verification,No,Updated,86.4,No,,5,2,Completed,Partially Approved,Issued,65.9,123.8,237.43,23.3,No,32.2,No,Yes,No,Yes,Completed,5.56,0.1,2.3,Low,Low,Low,II,Sandy,Good,45.2,Medium,SYNTHETIC_SIH26017_ENHANCED,Synthetic prototype dataset; added features are simulated and must not be represented as official parcel records.
LA-0130,Karnataka,Hubballi,Highway,117.5,46,Fully Paid,15,0,Partial,53.1,63.8,57.4,Incomplete,Pending,6,Compensation,1,0,19,12.779779,77.731332,synthetic_demo_district_center,Non-Green Zone,24.6,5.2,16.0,2.36,Yes,No,729.0,Yes,Approved,No,No,1467.0,2.0,0.7,2.31,7.73,7.23,Plain,Agricultural,83.8,11.9,2.0,8.3,Yes,Not Required,1,1,1,25.4,Obtained,Low,Yes,In Progress,Private,Possible,Issue Found,Yes,Reported,No,Updated,56.8,No,,4,1,Not Required,Approved,Issued,72.3,184.0,385.18,27.1,No,-10.2,No,Yes,No,No,Not Required,1.24,0.94,3.07,Low,Low,Low,II,Laterite,Good,45.9,Medium,SYNTHETIC_SIH26017_ENHANCED,Synthetic prototype dataset; added features are simulated and must not be represented as official parcel records.
LA-0131,Maharashtra,Thane,Industrial,7.5,2,Partially Paid,62,0,Mostly Obtained,51.9,57.8,84.5,Complete,Completed,6,Planning,1,1,146,13.138511,80.327018,synthetic_demo_district_center,Non-Green Zone,2.2,6.3,16.0,5.69,No,No,544.0,No,Approved,Yes,Yes,1022.4,2.0,2.96,2.82,7.03,5.58,Plateau,Agricultural,51.1,7.8,2.2,5.0,Yes,Not Required,6,4,2,28.3,Partial,Low,Yes,Not Required,Private,Confirmed,Verified,No,Clear,No,Updated,99.5,Yes,Pending,3,3,Not Required,Approved,Issued,53.9,1131.88,1341.18,78.9,No,20.2,No,Yes,Yes,Yes,Completed,1.26,5.05,3.97,Low,Low,Low,II,Loamy,Moderate,51.2,Medium,SYNTHETIC_SIH26017_ENHANCED,Synthetic prototype dataset; added features are simulated and must not be represented as official parcel records.
LA-0132,Karnataka,Bengaluru Urban,Railway,6.0,4,Mostly Paid,29,0,Full,64.8,82.6,86.8,Incomplete,Partially Completed,2,Notification,0,1,89,23.312785,85.405054,synthetic_demo_district_center,Green Zone,6.7,10.4,9.9,9.05,No,No,951.0,Yes,Pending,No,No,764.3,3.9,1.29,7.92,9.52,5.24,Plain,Agricultural,71.6,6.2,0.3,5.7,No,Pending,13,6,5,89.4,Obtained,Low,Yes,In Progress,Private,,Verified,No,Under Verification,No,Updated,55.8,No,,4,1,Pending,Pending,Pending,90.7,1376.07,1436.34,12.0,No,-11.0,Yes,Yes,Yes,Yes,Pending,0.39,4.51,9.11,Medium,High,Low,II,Loamy,Moderate,51.3,Medium,SYNTHETIC_SIH26017_ENHANCED,Synthetic prototype dataset; added features are simulated and must not be represented as official parcel records.
LA-0133,Madhya Pradesh,Ujjain,Railway,99.8,49,Not Started,36,0,Mostly Obtained,93.6,4.9,42.0,Complete,Completed,3,Possession,0,0,4,30.73231,75.627862,synthetic_demo_district_center,Buffer Zone,19.4,4.2,4.9,6.44,No,No,418.0,No,Not Required,No,No,1089.3,0.5,1.54,0.91,2.99,1.82,Plateau,Residential,69.5,7.0,4.6,0.1,Yes,Not Required,2,0,1,34.9,Partial,Medium,No,Completed,Private,,Verified,No,Clear,No,Updated,58.1,No,,0,0,Completed,Partially Approved,Issued,71.2,1070.47,1813.7,7.1,No,-10.4,No,Yes,Yes,Yes,Not Required,1.56,0.66,3.02,Medium,Low,Medium,II,Laterite,Moderate,22.4,Low,SYNTHETIC_SIH26017_ENHANCED,Synthetic prototype dataset; added features are simulated and must not be represented as official parcel records.
LA-0134,Gujarat,Surat,Irrigation,32.9,18,Fully Paid,18,1,Full,94.1,69.1,33.5,Incomplete,Partially Completed,3,Closure,1,0,7,27.029423,80.806973,synthetic_demo_district_center,Non-Green Zone,35.1,7.1,27.8,8.96,No,No,722.0,No,Approved,Yes,Yes,324.5,2.6,0.75,4.99,12.79,5.24,Plain,Wasteland,87.8,8.0,3.7,2.1,Yes,Approved,23,8,6,57.4,Partial,High,Yes,Not Required,Private,,Verified,No,Clear,No,Pending,96.2,No,,4,1,Completed,Approved,Pending,77.0,2553.95,4061.18,58.1,No,30.0,No,Yes,No,Yes,In Progress,1.92,5.4,12.64,Low,Medium,Low,II,Black,Moderate,27.2,Low,SYNTHETIC_SIH26017_ENHANCED,Synthetic prototype dataset; added features are simulated and must not be represented as official parcel records.
LA-0135,Rajasthan,Jaipur,Highway,12.8,3,Mostly Paid,19,0,Not Started,86.5,38.8,48.3,Partially Complete,Partially Completed,5,Possession,4,1,98,23.354205,85.499443,synthetic_demo_district_center,Non-Green Zone,32.4,6.5,21.5,2.52,No,No,302.0,No,Not Required,No,No,769.9,4.0,1.44,4.61,12.52,6.47,Plain,Agricultural,38.2,6.7,1.0,1.6,No,Pending,17,4,5,26.9,Partial,Low,Yes,In Progress,Private,,Issue Found,Yes,Under Verification,No,Updated,62.8,No,Disposed,3,1,Completed,Partially Approved,Pending,74.5,4773.08,7822.48,86.9,No,29.0,No,No,No,Yes,In Progress,2.11,1.54,8.37,Low,Medium,High,II,Loamy,Moderate,60.5,Medium,SYNTHETIC_SIH26017_ENHANCED,Synthetic prototype dataset; added features are simulated and must not be represented as official parcel records.
LA-0136,Tamil Nadu,Tiruchirappalli,Power,36.6,19,Not Started,6,2,Partial,69.7,70.3,88.5,Partially Complete,Completed,3,Possession,1,0,20,26.705566,80.985747,synthetic_demo_district_center,Non-Green Zone,17.1,13.9,9.5,1.22,No,No,411.0,No,Not Required,No,No,796.1,3.6,2.95,0.62,6.67,16.43,Coastal,Agricultural,79.7,7.4,3.9,1.9,No,Not Required,6,2,1,88.7,Obtained,Low,Yes,Not Required,Private,Possible,Verified,No,Clear,No,Updated,71.9,Yes,,1,1,Not Required,Approved,Issued,79.6,235.97,408.29,73.8,No,24.1,Yes,Yes,Yes,No,In Progress,2.04,7.86,7.22,Low,Low,Low,III,Alluvial,Moderate,29.8,Low,SYNTHETIC_SIH26017_ENHANCED,Synthetic prototype dataset; added features are simulated and must not be represented as official parcel records.
LA-0137,West Bengal,Howrah,Airport,5.0,6,Partially Paid,34,3,Mostly Obtained,70.4,35.9,65.1,Complete,Completed,2,Planning,4,0,19,20.410728,85.998325,synthetic_demo_district_center,Buffer Zone,36.1,7.9,18.8,0.76,No,No,603.0,No,Not Required,No,No,1527.4,4.7,4.1,5.04,3.86,9.16,Plain,Agricultural,44.0,8.3,8.2,0.9,Yes,Pending,3,6,3,83.7,Obtained,Medium,Yes,Not Required,Institutional,,Issue Found,Yes,Clear,No,Pending,64.9,No,Pending,1,1,Not Required,Pending,Issued,85.8,379.5,588.31,1.1,No,15.5,No,Yes,Yes,Yes,Not Required,3.06,3.82,4.39,Low,Low,Medium,II,Alluvial,Moderate,49.5,Medium,SYNTHETIC_SIH26017_ENHANCED,Synthetic prototype dataset; added features are simulated and must not be represented as official parcel records.
LA-0138,Bihar,Bhagalpur,Industrial,24.6,13,Not Started,11,1,Not Started,40.7,49.0,89.7,,Completed,6,Possession,1,0,0,22.683112,88.330368,synthetic_demo_district_center,Non-Green Zone,8.4,6.5,9.0,4.23,Yes,No,282.0,Yes,Not Required,No,No,249.5,1.6,0.78,4.19,9.43,4.93,Coastal,Wasteland,61.8,3.9,1.7,4.7,Yes,Not Required,1,3,0,58.5,Pending,Medium,Yes,Planned,Private,,Verified,No,Clear,No,Updated,83.8,No,,3,3,Completed,Approved,Issued,59.3,470.96,494.09,4.9,No,33.9,No,Yes,No,No,In Progress,2.7,5.63,2.38,High,Medium,Low,II,Sandy,Poor,53.6,Medium,SYNTHETIC_SIH26017_ENHANCED,Synthetic prototype dataset; added features are simulated and must not be represented as official parcel records.
LA-0139,Gujarat,Surat,Airport,31.4,20,Partially Paid,26,2,Mostly Obtained,70.5,70.9,30.6,Partially Complete,Pending,2,Compensation,1,1,111,23.255152,85.298615,synthetic_demo_district_center,Buffer Zone,3.8,14.7,26.3,1.16,No,No,751.0,No,Approved,No,No,201.8,8.1,0.35,5.68,9.04,8.66,Coastal,Residential,83.3,9.9,14.1,2.5,No,Not Required,4,3,0,69.7,Obtained,Low,Yes,Completed,Government,,Under Review,No,Clear,No,Updated,88.1,No,Pending,6,5,Completed,Approved,Issued,75.8,1685.87,2822.88,92.5,No,14.2,No,Yes,No,No,Not Required,1.08,5.46,4.84,Low,Low,Low,II,Loamy,Moderate,40.5,Medium,SYNTHETIC_SIH26017_ENHANCED,Synthetic prototype dataset; added features are simulated and must not be represented as official parcel records.
LA-0140,Maharashtra,Nagpur,Highway,49.1,23,Mostly Paid,55,1,Partial,52.6,67.1,42.2,Partially Complete,Completed,6,Possession,3,0,26,30.318478,78.004739,synthetic_demo_district_center,Non-Green Zone,5.6,0.4,11.0,8.76,No,No,1619.0,No,Approved,No,No,1117.0,14.4,0.18,3.79,4.22,9.27,Plain,Agricultural,69.7,1.9,0.7,1.8,No,Not Required,20,8,5,97.4,Obtained,Medium,Yes,In Progress,Joint,,Verified,No,Clear,No,Updated,97.6,No,,2,2,Not Required,Approved,Pending,63.7,801.17,1092.69,28.5,No,-14.7,No,Yes,Yes,No,Not Required,1.04,1.47,3.59,Medium,Low,High,IV,Sandy,Poor,34.8,Low,SYNTHETIC_SIH26017_ENHANCED,Synthetic prototype dataset; added features are simulated and must not be represented as official parcel records.
LA-0141,Tamil Nadu,Coimbatore,Railway,11.5,6,Mostly Paid,4,2,Full,27.0,40.9,49.0,Partially Complete,Partially Completed,2,Compensation,0,0,10,19.057016,72.888116,synthetic_demo_district_center,Non-Green Zone,16.7,6.4,8.1,3.92,No,No,422.0,No,Pending,Yes,Yes,518.9,2.3,3.93,4.71,9.67,8.42,Plain,Residential,50.3,9.7,9.7,6.4,Yes,Pending,7,2,0,64.4,Pending,Low,Yes,Planned,Private,Confirmed,Issue Found,Yes,Clear,No,Pending,94.9,No,Disposed,1,1,Not Required,Approved,Issued,71.6,1611.06,2229.85,34.1,Yes,-3.4,No,Yes,Yes,No,Not Required,2.0,4.57,6.11,Low,Low,Low,II,Red,Good,57.4,Medium,SYNTHETIC_SIH26017_ENHANCED,Synthetic prototype dataset; added features are simulated and must not be represented as official parcel records.
LA-0142,Karnataka,Mysuru,Railway,26.2,13,Partially Paid,167,1,Full,63.9,65.7,85.6,Complete,Completed,3,Possession,1,0,15,25.661541,85.150498,synthetic_demo_district_center,Non-Green Zone,16.8,5.3,20.7,9.07,No,No,535.0,No,Approved,No,No,833.3,1.2,4.13,12.37,13.52,4.67,Plain,Agricultural,51.2,5.1,1.3,2.6,No,Not Required,4,3,1,44.8,Partial,Low,Yes,Planned,Private,Possible,Verified,No,Clear,No,Updated,63.2,No,,0,0,Not Required,Pending,Issued,94.2,1016.44,1258.9,29.5,No,4.5,No,Yes,Yes,No,Not Required,0.33,3.03,0.83,Low,Low,Low,II,Red,Good,24.7,Low,SYNTHETIC_SIH26017_ENHANCED,Synthetic prototype dataset; added features are simulated and must not be represented as official parcel records.
LA-0143,West Bengal,Nadia,Power,12.3,7,Not Started,15,0,Partial,29.9,67.8,43.4,Incomplete,Pending,2,Compensation,2,0,19,16.612297,80.559294,synthetic_demo_district_center,Non-Green Zone,10.7,3.4,16.5,3.17,No,No,405.0,No,Pending,No,No,1476.5,12.4,0.14,5.94,3.89,0.54,Plain,Residential,91.4,4.1,5.3,4.2,Yes,Not Required,7,2,0,67.7,Obtained,Medium,Yes,Not Required,Private,Confirmed,Under Review,No,Reported,No,Updated,87.0,No,,6,3,Not Required,Approved,Issued,74.1,278.32,378.53,20.3,No,-5.4,No,Yes,Yes,No,In Progress,1.02,7.0,7.82,Low,Medium,Low,II,Sandy,Moderate,49.6,Medium,SYNTHETIC_SIH26017_ENHANCED,Synthetic prototype dataset; added features are simulated and must not be represented as official parcel records.
LA-0144,Karnataka,Mangaluru,Airport,29.7,12,Partially Paid,27,1,Partial,38.5,74.4,74.9,Incomplete,Partially Completed,4,Possession,2,0,0,26.108519,91.73713,synthetic_demo_district_center,Non-Green Zone,26.5,13.3,10.8,3.88,No,No,2088.0,No,Not Required,Yes,Yes,712.6,0.9,2.7,20.29,16.49,16.92,Hilly,Residential,52.0,4.1,5.6,0.8,Yes,Approved,4,2,0,80.2,Partial,Low,Yes,In Progress,Joint,,Verified,No,Reported,No,Updated,66.3,Yes,,6,4,Not Required,Approved,Pending,60.1,777.99,1378.86,63.7,No,24.9,No,Yes,Yes,No,Pending,1.38,2.18,3.13,High,Low,Low,II,Black,Moderate,65.8,Medium,SYNTHETIC_SIH26017_ENHANCED,Synthetic prototype dataset; added features are simulated and must not be represented as official parcel records.
LA-0145,Uttar Pradesh,Meerut,Railway,12.5,5,Not Started,36,1,Mostly Obtained,42.6,93.4,92.5,Partially Complete,Pending,6,Notification,1,0,14,21.055681,81.58883,synthetic_demo_district_center,Buffer Zone,46.9,1.5,14.0,4.17,No,No,1414.0,No,Pending,No,No,1577.0,2.7,1.5,3.69,6.08,6.77,Plain,Agricultural,60.4,2.1,6.7,1.0,Yes,Not Required,7,9,0,72.1,Obtained,Medium,Yes,Not Required,Private,,Verified,No,Clear,No,Not Available,76.5,No,,5,0,Completed,Approved,Issued,86.2,1496.0,2240.11,79.6,No,12.0,No,No,No,Yes,Not Required,2.72,4.89,2.99,Low,Low,Low,II,Black,Good,48.1,Medium,SYNTHETIC_SIH26017_ENHANCED,Synthetic prototype dataset; added features are simulated and must not be represented as official parcel records.
LA-0146,Uttar Pradesh,Agra,Power,18.1,10,Fully Paid,15,0,Full,80.6,93.6,63.9,Complete,Completed,6,Compensation,0,0,25,30.933043,75.726691,synthetic_demo_district_center,Buffer Zone,9.3,2.5,18.5,14.28,No,No,730.0,No,Not Required,No,No,1100.2,4.7,2.12,8.0,21.08,6.56,Plain,Government,33.3,14.2,7.2,1.4,Yes,Not Required,9,2,1,78.5,Partial,Medium,Yes,Not Required,Private,Confirmed,Verified,No,Under Verification,No,Updated,56.0,No,,0,0,Not Required,Approved,Pending,96.8,2268.52,3225.74,21.1,No,4.3,Yes,Yes,Yes,Yes,Not Required,1.8,2.51,4.02,Low,Low,Low,II,Loamy,Moderate,42.4,Medium,SYNTHETIC_SIH26017_ENHANCED,Synthetic prototype dataset; added features are simulated and must not be represented as official parcel records.
LA-0147,West Bengal,Nadia,Highway,11.6,6,Partially Paid,20,1,Mostly Obtained,64.0,96.6,85.0,Partially Complete,Pending,5,Compensation,1,0,6,23.238376,77.412519,synthetic_demo_district_center,Green Zone,5.8,18.8,4.6,2.83,No,No,71.0,Yes,Approved,Yes,Yes,1185.4,2.4,2.01,4.32,0.58,4.12,Coastal,Agricultural,85.8,4.4,0.4,1.5,No,Pending,4,1,0,97.0,Partial,High,Yes,Not Required,Private,,Under Review,No,Clear,No,Pending,60.8,No,,0,0,Completed,Pending,Issued,54.2,1468.38,2578.87,25.6,No,20.4,No,Yes,No,Yes,Not Required,2.78,2.52,5.41,Medium,Low,Medium,III,Laterite,Moderate,36.9,Low,SYNTHETIC_SIH26017_ENHANCED,Synthetic prototype dataset; added features are simulated and must not be represented as official parcel records.
LA-0148,West Bengal,Nadia,Industrial,40.0,22,Mostly Paid,64,1,Not Started,80.0,78.5,69.6,Partially Complete,Completed,4,Rehabilitation,4,0,20,20.323098,85.854263,synthetic_demo_district_center,Non-Green Zone,4.5,8.2,3.3,2.57,No,No,628.0,No,Pending,Yes,Yes,412.4,7.8,1.14,5.02,1.37,6.37,Coastal,Government,76.5,6.1,3.7,2.1,No,Pending,3,1,1,46.0,Partial,Medium,Yes,Not Required,Private,Possible,Verified,No,Reported,No,Updated,58.7,No,,4,3,Completed,Approved,Issued,70.8,958.89,1716.57,67.5,No,3.2,No,No,No,No,Not Required,2.25,4.0,4.48,Low,Low,Low,II,Sandy,Moderate,58.9,Medium,SYNTHETIC_SIH26017_ENHANCED,Synthetic prototype dataset; added features are simulated and must not be represented as official parcel records.
LA-0149,Maharashtra,Aurangabad,Metro,46.7,17,Partially Paid,51,2,Not Started,26.7,65.1,54.0,Partially Complete,Completed,2,Rehabilitation,1,1,132,25.646786,85.442349,synthetic_demo_district_center,Non-Green Zone,1.2,2.9,9.2,1.73,No,No,138.0,No,Not Required,No,No,594.9,6.1,3.7,5.48,9.66,14.25,Plain,Residential,84.5,11.0,3.8,2.8,No,Approved,3,2,0,92.1,Partial,Low,Yes,Planned,Institutional,,Issue Found,Yes,Clear,No,Updated,78.0,No,,1,0,Not Required,Approved,Pending,51.8,1021.63,1775.14,71.6,Yes,-14.7,Yes,Yes,Yes,Yes,Not Required,1.46,4.02,3.9,High,Low,Low,III,Red,Good,63.5,Medium,SYNTHETIC_SIH26017_ENHANCED,Synthetic prototype dataset; added features are simulated and must not be represented as official parcel records.
LA-0150,West Bengal,Darjeeling,Airport,20.6,7,Partially Paid,24,0,Partial,34.1,69.0,92.1,Partially Complete,Completed,3,Closure,0,0,5,21.171365,81.883586,synthetic_demo_district_center,Green Zone,20.6,4.0,25.5,13.1,No,No,1325.0,Yes,Not Required,No,No,141.0,4.5,6.78,6.78,17.46,9.99,Plain,Residential,73.7,15.6,2.1,2.4,No,Not Required,6,2,0,25.7,Disputed,High,Yes,Planned,Private,,Under Review,No,Clear,No,Updated,63.1,No,,6,5,Completed,Partially Approved,Issued,60.3,305.39,398.86,28.2,No,4.2,Yes,No,No,Yes,Not Required,3.62,3.37,3.93,Low,Low,Medium,III,Sandy,Moderate,54.8,Medium,SYNTHETIC_SIH26017_ENHANCED,Synthetic prototype dataset; added features are simulated and must not be represented as official parcel records.
LA-0151,Madhya Pradesh,Bhopal,Industrial,25.2,15,Mostly Paid,29,1,Partial,83.4,72.4,62.7,Complete,Completed,5,Possession,0,0,11,17.46608,78.630988,synthetic_demo_district_center,Buffer Zone,20.4,6.7,29.1,4.82,No,No,271.0,No,Not Required,No,No,601.5,4.8,0.91,2.56,26.01,7.6,Plain,Agricultural,39.0,6.2,3.1,2.5,Yes,Not Required,7,4,2,97.8,Partial,High,Yes,Not Required,Private,,Verified,No,Under Verification,No,Not Available,66.4,Yes,,5,5,Completed,Approved,Issued,81.7,1638.67,2629.75,75.3,No,-1.0,No,Yes,Yes,No,Not Required,1.24,6.42,4.64,Low,Low,Low,III,Laterite,Poor,40.6,Medium,SYNTHETIC_SIH26017_ENHANCED,Synthetic prototype dataset; added features are simulated and must not be represented as official parcel records.
LA-0152,Karnataka,Mangaluru,Railway,8.3,8,Mostly Paid,33,2,Full,34.1,60.3,31.6,Partially Complete,,4,Compensation,2,0,7,12.928036,80.319462,synthetic_demo_district_center,Non-Green Zone,25.3,6.7,13.7,0.95,No,No,281.0,No,Not Required,No,No,985.7,0.7,5.86,6.15,17.25,9.95,Plateau,Wasteland,82.2,3.1,1.7,1.5,Yes,Not Required,19,8,6,99.2,Partial,Low,Yes,In Progress,Private,,Verified,No,Clear,No,Not Available,84.8,No,,1,1,Not Required,Partially Approved,Pending,74.3,1706.72,3373.41,25.3,Yes,11.9,No,No,Yes,No,Not Required,3.32,0.88,0.67,Medium,Low,Medium,III,Alluvial,Poor,38.7,Low,SYNTHETIC_SIH26017_ENHANCED,Synthetic prototype dataset; added features are simulated and must not be represented as official parcel records.
LA-0153,Gujarat,Bhavnagar,Highway,19.6,12,Mostly Paid,44,2,Full,26.7,81.6,72.8,Complete,Completed,2,Rehabilitation,1,0,3,30.440554,77.915453,synthetic_demo_district_center,Buffer Zone,26.9,11.5,10.4,3.7,No,No,824.0,No,Not Required,No,No,1670.9,2.0,1.91,1.37,5.44,5.41,Plain,Agricultural,42.8,11.1,5.7,4.1,No,Not Required,6,2,3,76.2,Obtained,Low,Yes,Not Required,Joint,,Verified,No,Clear,No,Pending,70.3,No,,0,0,Not Required,Approved,Issued,53.1,508.14,936.83,29.6,No,31.4,No,Yes,No,Yes,In Progress,0.47,1.21,2.57,Medium,Low,Medium,III,Black,Moderate,49.1,Medium,SYNTHETIC_SIH26017_ENHANCED,Synthetic prototype dataset; added features are simulated and must not be represented as official parcel records.
LA-0154,Odisha,Ganjam,Highway,23.6,5,,47,1,Partial,75.5,38.6,66.8,Incomplete,Pending,3,Compensation,1,1,122,26.716996,75.974627,synthetic_demo_district_center,Buffer Zone,23.9,20.2,9.4,8.26,Yes,No,516.0,Yes,Approved,No,No,483.0,6.2,2.45,3.22,1.9,4.03,Plain,Commercial,63.0,16.3,5.8,1.4,No,Not Required,1,1,0,64.1,Obtained,Low,Yes,Not Required,Private,,Verified,No,Under Verification,No,Not Available,70.4,No,,5,5,Not Required,Approved,Issued,90.0,187.96,387.31,56.8,No,11.8,No,No,Yes,No,In Progress,0.72,9.55,1.09,Medium,Low,Low,V,Red,Good,46.2,Medium,SYNTHETIC_SIH26017_ENHANCED,Synthetic prototype dataset; added features are simulated and must not be represented as official parcel records.
LA-0155,West Bengal,Kolkata,Highway,175.1,65,Mostly Paid,46,0,Partial,54.4,,66.4,Complete,Completed,2,Notification,0,0,13,18.97578,72.890763,synthetic_demo_district_center,Non-Green Zone,46.9,9.5,18.9,12.29,No,No,371.0,No,Not Required,No,No,311.6,0.8,3.21,4.11,7.96,16.08,Plain,Government,59.9,9.4,2.8,1.5,Yes,Pending,9,1,2,37.3,Partial,Low,Yes,Not Required,Private,,Verified,No,Clear,No,Not Available,85.2,No,Pending,2,2,Not Required,Approved,Issued,60.4,2695.79,4668.2,0.6,No,24.1,No,No,No,No,Not Required,1.22,2.16,0.87,Low,Low,Low,III,Black,Moderate,67.7,Medium,SYNTHETIC_SIH26017_ENHANCED,Synthetic prototype dataset; added features are simulated and must not be represented as official parcel records.
LA-0156,Bihar,Bhagalpur,Railway,10.7,5,Partially Paid,21,1,Partial,33.5,66.5,63.9,Complete,Completed,6,Rehabilitation,1,0,10,28.557523,76.959425,synthetic_demo_district_center,Buffer Zone,21.5,4.5,13.1,7.44,No,No,484.0,No,Not Required,No,No,796.5,7.7,3.04,9.0,4.23,13.35,Plateau,Agricultural,56.8,19.7,1.8,8.2,No,Not Required,1,0,0,24.7,Pending,Low,No,Not Required,Joint,Possible,Verified,No,Reported,No,Updated,55.1,No,,2,1,Completed,Approved,Issued,60.5,398.38,547.21,15.1,No,18.5,No,Yes,No,No,Pending,2.43,2.02,4.26,Low,Medium,Low,V,Black,Moderate,52.6,Medium,SYNTHETIC_SIH26017_ENHANCED,Synthetic prototype dataset; added features are simulated and must not be represented as official parcel records.
LA-0157,Uttar Pradesh,Mathura,Irrigation,73.6,31,Mostly Paid,32,0,Full,59.3,77.3,83.1,Incomplete,Completed,4,Notification,2,0,9,26.049856,91.72897,synthetic_demo_district_center,Non-Green Zone,16.8,5.9,2.8,7.35,No,No,422.0,No,Not Required,No,No,775.1,3.7,3.95,8.05,1.51,9.34,Plain,Government,58.7,16.4,1.2,3.7,Yes,Not Required,8,3,4,46.7,Pending,Medium,Yes,In Progress,Private,Confirmed,Verified,No,Under Verification,No,Updated,72.0,No,,3,3,Pending,Approved,Issued,77.3,1692.19,3194.82,6.3,No,-1.1,No,Yes,Yes,No,Completed,2.4,2.92,2.17,Low,Low,Medium,III,Loamy,Moderate,45.5,Medium,SYNTHETIC_SIH26017_ENHANCED,Synthetic prototype dataset; added features are simulated and must not be represented as official parcel records.
LA-0158,Madhya Pradesh,Indore,Industrial,51.8,34,Mostly Paid,59,0,Partial,52.7,91.4,53.3,Complete,Completed,4,Notification,2,0,14,23.373847,85.271661,synthetic_demo_district_center,Non-Green Zone,48.7,11.2,18.1,0.91,No,Yes,1483.0,No,Pending,No,No,448.3,9.0,1.01,9.43,14.6,0.93,Plain,Agricultural,55.1,8.4,0.4,1.1,Yes,Not Required,5,3,0,53.9,Obtained,High,Yes,Not Required,Institutional,,Verified,No,Clear,No,Updated,92.5,No,,4,4,Completed,Approved,Issued,56.3,1820.53,3000.64,12.3,No,-11.0,No,Yes,No,Yes,Completed,0.67,2.65,2.26,Low,Low,Low,II,Sandy,Good,38.9,Low,SYNTHETIC_SIH26017_ENHANCED,Synthetic prototype dataset; added features are simulated and must not be represented as official parcel records.
LA-0159,Tamil Nadu,Chennai,Metro,30.3,15,Not Started,116,0,Mostly Obtained,59.3,75.1,76.8,Partially Complete,Completed,5,Rehabilitation,0,0,17,22.603703,88.407293,synthetic_demo_district_center,Non-Green Zone,26.2,5.5,31.3,6.92,No,No,257.0,No,Approved,No,No,1347.2,8.1,3.06,5.17,13.01,5.18,Coastal,Government,52.5,6.4,6.1,7.2,No,Pending,3,2,1,27.3,Partial,Medium,Yes,In Progress,Private,,Verified,No,Clear,No,Pending,95.3,No,Pending,6,0,Not Required,Pending,Pending,62.8,1223.88,1692.95,85.2,No,-1.4,Yes,Yes,Yes,No,Not Required,0.82,1.25,0.72,High,Low,Medium,III,Black,Good,46.3,Medium,SYNTHETIC_SIH26017_ENHANCED,Synthetic prototype dataset; added features are simulated and must not be represented as official parcel records.
LA-0160,Odisha,Ganjam,Highway,91.7,56,Mostly Paid,31,2,Partial,38.5,43.7,28.7,Complete,Pending,3,Rehabilitation,1,1,170,20.188169,85.579044,synthetic_demo_district_center,Non-Green Zone,20.3,5.4,27.6,8.78,No,No,647.0,No,Approved,No,No,1752.8,5.6,1.96,3.07,2.98,4.81,Plain,Agricultural,86.8,4.9,3.5,0.9,No,Not Required,4,1,0,36.5,Obtained,Medium,Yes,In Progress,Private,,Under Review,No,Under Verification,No,Not Available,91.7,No,,1,1,Pending,Pending,Pending,91.4,1136.9,1325.5,97.0,Yes,23.0,No,Yes,Yes,No,Pending,0.91,0.84,2.31,Low,High,Low,III,Laterite,Good,36.8,Low,SYNTHETIC_SIH26017_ENHANCED,Synthetic prototype dataset; added features are simulated and must not be represented as official parcel records.
LA-0161,Gujarat,Bhavnagar,Irrigation,32.4,16,Not Started,19,0,Mostly Obtained,27.5,64.2,71.0,Partially Complete,Partially Completed,1,Rehabilitation,3,1,89,17.293252,78.419566,synthetic_demo_district_center,Non-Green Zone,18.8,5.4,15.2,4.79,No,No,658.0,No,Not Required,No,No,876.1,1.0,3.05,8.73,6.49,7.64,Hilly,Government,49.3,2.9,1.5,0.1,No,Not Required,4,1,1,80.3,Pending,Low,Yes,Not Required,Private,,Verified,No,Clear,No,Updated,90.2,No,,2,2,Completed,Partially Approved,Issued,94.7,821.53,1617.42,7.3,Yes,2.7,Yes,Yes,Yes,No,Not Required,3.42,7.22,3.86,Low,Low,Medium,IV,Red,Poor,43.9,Medium,SYNTHETIC_SIH26017_ENHANCED,Synthetic prototype dataset; added features are simulated and must not be represented as official parcel records.
LA-0162,Odisha,Khordha,Power,32.8,13,Partially Paid,14,0,Partial,40.4,51.9,94.4,Partially Complete,Completed,2,Notification,1,0,0,21.398429,81.677734,synthetic_demo_district_center,Green Zone,7.3,19.3,14.8,1.63,No,No,283.0,Yes,Approved,No,No,829.6,3.1,1.1,2.65,3.83,11.78,Plain,Agricultural,77.7,17.9,3.9,1.7,No,Approved,3,1,0,37.4,Obtained,Low,Yes,Not Required,Government,,Verified,No,Under Verification,No,Pending,88.2,No,,4,2,Pending,Pending,Issued,81.2,184.99,281.0,40.9,No,4.2,No,Yes,Yes,Yes,Not Required,2.97,0.66,2.76,Low,Low,Low,II,Alluvial,Good,36.9,Low,SYNTHETIC_SIH26017_ENHANCED,Synthetic prototype dataset; added features are simulated and must not be represented as official parcel records.
LA-0163,West Bengal,Kolkata,Highway,23.6,12,Mostly Paid,46,0,Partial,15.4,72.9,35.7,Complete,Completed,3,Rehabilitation,2,1,171,22.988667,72.625102,synthetic_demo_district_center,Green Zone,7.4,11.5,4.2,4.47,No,No,157.0,Yes,Not Required,Yes,Yes,633.3,1.2,1.28,15.05,9.4,4.2,Plain,Residential,83.9,4.0,0.6,1.2,Yes,Pending,4,0,0,49.1,Partial,Low,No,In Progress,Joint,,Verified,No,Under Verification,No,Updated,68.5,No,,0,0,Completed,Pending,Pending,53.3,796.71,1290.27,17.9,Yes,21.6,Yes,Yes,Yes,No,Not Required,3.73,1.43,4.36,Medium,Low,Medium,II,Alluvial,Good,43.9,Medium,SYNTHETIC_SIH26017_ENHANCED,Synthetic prototype dataset; added features are simulated and must not be represented as official parcel records.
LA-0164,Maharashtra,Nagpur,Power,61.4,27,Fully Paid,6,0,Mostly Obtained,21.4,54.8,74.7,Incomplete,Completed,1,Rehabilitation,2,0,14,31.006134,77.175965,synthetic_demo_district_center,Non-Green Zone,9.5,3.3,9.0,14.91,No,No,1228.0,No,Not Required,No,No,709.5,3.6,2.14,1.02,12.79,4.55,Plain,Agricultural,65.2,12.0,1.7,3.8,No,Not Required,2,2,0,70.5,Pending,Medium,Yes,In Progress,Private,,Verified,No,Clear,No,Updated,80.3,No,,4,1,Completed,Approved,Pending,98.1,1256.91,1628.0,22.0,No,7.7,No,No,Yes,Yes,Not Required,0.62,2.73,6.0,Low,Medium,Low,III,Black,Poor,25.7,Low,SYNTHETIC_SIH26017_ENHANCED,Synthetic prototype dataset; added features are simulated and must not be represented as official parcel records.
LA-0165,Uttar Pradesh,Meerut,Industrial,55.8,26,Fully Paid,46,2,Mostly Obtained,28.7,70.4,27.7,Complete,Partially Completed,3,Rehabilitation,1,0,18,19.062409,72.702182,synthetic_demo_district_center,Buffer Zone,37.8,5.5,17.3,6.15,No,No,195.0,No,Approved,No,No,1571.7,3.7,3.65,1.29,0.27,15.84,Coastal,Government,41.8,15.0,3.7,1.6,Yes,Not Required,8,1,0,59.6,Partial,High,Yes,Planned,Private,,Verified,No,Clear,No,Updated,57.0,No,,4,3,Completed,Approved,Issued,89.1,1387.75,2921.05,0.9,No,27.7,Yes,No,Yes,Yes,Not Required,1.55,1.58,6.29,Low,High,Low,III,Laterite,Good,37.4,Low,SYNTHETIC_SIH26017_ENHANCED,Synthetic prototype dataset; added features are simulated and must not be represented as official parcel records.
LA-0166,Uttar Pradesh,Agra,Highway,15.3,10,Not Started,47,0,Partial,41.8,84.5,37.2,Complete,Pending,2,Rehabilitation,2,1,130,30.348579,78.136089,synthetic_demo_district_center,Non-Green Zone,28.1,5.1,14.3,2.47,No,No,958.0,No,Not Required,No,No,930.0,6.2,7.73,6.18,2.73,7.42,Plain,Agricultural,83.7,7.8,5.6,2.5,No,Approved,5,0,1,90.6,Obtained,Low,No,Planned,Private,,Verified,No,Reported,No,Updated,97.9,No,,4,0,Not Required,Approved,Issued,86.2,249.15,395.09,28.6,No,2.8,No,No,No,No,Not Required,6.05,3.37,4.21,Medium,Low,Low,III,Black,Good,45.3,Medium,SYNTHETIC_SIH26017_ENHANCED,Synthetic prototype dataset; added features are simulated and must not be represented as official parcel records.
LA-0167,Tamil Nadu,Salem,Metro,9.1,7,Mostly Paid,19,0,Not Started,27.5,50.1,97.1,Complete,Pending,2,Possession,1,1,149,26.699851,80.959902,synthetic_demo_district_center,Non-Green Zone,46.1,10.6,25.5,2.9,No,No,912.0,No,Approved,No,No,1310.2,1.5,1.85,4.35,6.01,7.27,Plain,Industrial,70.4,3.7,2.4,3.3,No,Approved,10,5,1,34.2,Partial,Low,Yes,Completed,Government,Possible,Under Review,No,Clear,No,Updated,90.4,No,,4,4,Completed,Partially Approved,Issued,86.5,586.01,626.5,14.9,No,15.0,No,Yes,Yes,Yes,Not Required,2.52,2.8,2.33,Medium,Low,Low,III,Loamy,Moderate,33.6,Low,SYNTHETIC_SIH26017_ENHANCED,Synthetic prototype dataset; added features are simulated and must not be represented as official parcel records.
LA-0168,Maharashtra,Nashik,Metro,21.1,6,Mostly Paid,35,1,Partial,31.0,84.1,56.2,,Completed,5,Planning,1,0,13,23.467512,85.245997,synthetic_demo_district_center,Non-Green Zone,40.8,9.0,21.6,3.25,No,No,141.0,No,Pending,No,No,1201.3,0.7,6.47,4.72,9.21,12.47,Plain,Industrial,36.5,23.5,7.4,4.6,No,Not Required,5,0,0,30.0,Pending,Low,No,In Progress,Private,,Verified,No,Clear,No,Updated,96.9,No,,4,4,Completed,Approved,Issued,68.8,725.92,1504.44,23.1,No,3.0,No,Yes,No,No,In Progress,0.49,1.99,2.84,High,High,Low,III,Loamy,Good,39.3,Low,SYNTHETIC_SIH26017_ENHANCED,Synthetic prototype dataset; added features are simulated and must not be represented as official parcel records.
LA-0169,Karnataka,Mangaluru,Highway,13.5,11,Partially Paid,25,0,Partial,78.3,68.6,50.6,Complete,Completed,4,Rehabilitation,0,0,5,23.464533,85.435108,synthetic_demo_district_center,Buffer Zone,4.5,1.9,14.9,5.51,No,No,950.0,No,Not Required,No,No,104.4,11.2,3.46,7.7,3.79,15.58,Coastal,Government,31.4,3.7,6.6,8.6,Yes,Pending,6,1,1,73.4,Obtained,Low,Yes,Not Required,Private,Confirmed,Under Review,No,Clear,No,Updated,85.6,No,,4,4,Not Required,Approved,Issued,91.1,2392.63,4455.17,89.8,No,33.9,No,Yes,Yes,No,Not Required,2.92,3.41,3.17,Low,Low,Medium,III,Black,Good,57.6,Medium,SYNTHETIC_SIH26017_ENHANCED,Synthetic prototype dataset; added features are simulated and must not be represented as official parcel records.
LA-0170,Rajasthan,Jaipur,Airport,23.4,10,Fully Paid,8,0,Mostly Obtained,17.9,60.0,83.7,Complete,Completed,4,Possession,2,0,1,19.21812,72.733459,synthetic_demo_district_center,Non-Green Zone,5.5,2.0,13.2,3.46,Yes,No,1213.0,Yes,Not Required,No,No,999.2,0.7,0.2,4.86,1.85,9.85,Plain,Commercial,75.7,1.1,0.4,1.0,No,Pending,3,1,0,70.8,Pending,Low,Yes,Not Required,Government,,Verified,No,Clear,No,Pending,58.5,Yes,,3,1,Not Required,Approved,Pending,87.5,310.77,589.33,27.5,No,15.9,No,Yes,Yes,No,Not Required,1.96,2.4,9.65,High,Low,High,II,Red,Good,34.9,Low,SYNTHETIC_SIH26017_ENHANCED,Synthetic prototype dataset; added features are simulated and must not be represented as official parcel records.
LA-0171,Madhya Pradesh,Bhopal,Irrigation,62.1,28,Fully Paid,44,2,Full,49.1,18.8,86.1,Incomplete,Partially Completed,4,Compensation,3,0,9,22.770516,88.359265,synthetic_demo_district_center,Non-Green Zone,22.9,4.7,5.1,3.96,No,No,384.0,No,Not Required,No,No,760.0,2.1,5.04,6.08,6.33,5.96,Plain,Agricultural,34.1,2.5,2.8,3.1,Yes,Not Required,7,1,3,25.8,Obtained,Medium,Yes,Planned,Private,Possible,Verified,No,Clear,No,Pending,85.9,No,,0,0,Not Required,Approved,Pending,61.0,858.78,1337.42,85.1,No,-8.4,No,Yes,No,No,In Progress,0.3,8.09,0.66,Low,Medium,Low,III,Loamy,Moderate,46.2,Medium,SYNTHETIC_SIH26017_ENHANCED,Synthetic prototype dataset; added features are simulated and must not be represented as official parcel records.
LA-0172,Uttar Pradesh,Meerut,Power,17.4,13,Fully Paid,41,0,Not Started,9.6,56.1,38.4,Complete,Completed,5,Rehabilitation,1,1,99,28.385252,76.881404,synthetic_demo_district_center,Buffer Zone,37.9,7.4,13.4,1.75,No,Yes,796.0,No,Approved,No,No,732.5,1.8,3.16,5.46,10.89,4.01,Plateau,Residential,76.9,7.0,5.4,1.0,No,Not Required,13,6,0,86.8,Obtained,Low,Yes,Planned,Government,,Verified,No,Clear,No,Updated,90.5,No,Pending,6,3,Pending,Approved,Issued,74.9,1998.78,3687.85,4.4,No,21.9,No,No,Yes,Yes,Pending,4.63,4.41,2.82,High,Low,Low,III,Alluvial,Moderate,52.2,Medium,SYNTHETIC_SIH26017_ENHANCED,Synthetic prototype dataset; added features are simulated and must not be represented as official parcel records.
LA-0173,Bihar,Patna,Metro,23.8,14,Not Started,21,2,Partial,49.2,52.4,76.0,Complete,Pending,4,Possession,1,0,11,23.200983,72.529447,synthetic_demo_district_center,Non-Green Zone,12.4,18.5,6.1,7.7,No,No,161.0,No,Pending,No,No,947.1,3.5,5.34,1.48,18.15,7.78,Plain,Commercial,37.6,2.4,3.4,5.9,Yes,Approved,5,4,0,63.1,Pending,High,Yes,Not Required,Private,,Under Review,No,Clear,No,Updated,78.5,No,Pending,3,2,Completed,Approved,Pending,55.7,1084.53,1896.72,95.6,No,-5.0,No,Yes,Yes,No,In Progress,2.57,4.08,4.43,Low,Medium,Low,III,Black,Good,51.5,Medium,SYNTHETIC_SIH26017_ENHANCED,Synthetic prototype dataset; added features are simulated and must not be represented as official parcel records.
LA-0174,Uttar Pradesh,Mathura,Railway,25.6,5,Partially Paid,114,0,Partial,40.7,67.5,48.5,Complete,Completed,3,Possession,2,0,7,12.946499,77.637153,synthetic_demo_district_center,Non-Green Zone,5.0,5.8,6.5,0.23,No,No,499.0,No,Not Required,Yes,Yes,1271.3,3.8,0.6,3.34,7.49,11.53,Plain,Government,93.6,1.0,5.4,4.9,No,Approved,5,0,2,59.8,Pending,Low,No,Planned,Private,,Issue Found,Yes,Under Verification,No,Updated,87.8,No,,6,0,Completed,Approved,Pending,55.6,745.72,1315.02,16.1,No,2.4,Yes,Yes,No,Yes,Pending,0.86,1.85,6.97,High,Low,Low,II,Sandy,Good,49.4,Medium,SYNTHETIC_SIH26017_ENHANCED,Synthetic prototype dataset; added features are simulated and must not be represented as official parcel records.
LA-0175,Odisha,Khordha,Power,46.4,20,Fully Paid,30,1,Partial,55.5,30.2,28.0,Complete,Completed,4,Compensation,0,0,16,27.078775,75.752281,synthetic_demo_district_center,Non-Green Zone,7.4,12.1,25.1,5.76,No,No,984.0,No,Approved,No,No,1187.6,2.8,2.75,0.59,14.19,14.65,Plain,Agricultural,26.2,3.6,6.4,2.7,No,Pending,8,3,1,44.3,Obtained,Low,Yes,In Progress,Private,,Verified,No,Clear,No,Pending,75.7,No,,3,1,Pending,Approved,Issued,81.2,1498.75,1995.95,74.6,No,-2.6,Yes,Yes,Yes,No,Not Required,3.36,1.5,1.36,Low,Medium,High,II,Sandy,Good,39.7,Low,SYNTHETIC_SIH26017_ENHANCED,Synthetic prototype dataset; added features are simulated and must not be represented as official parcel records.
LA-0176,Uttar Pradesh,Kanpur Nagar,Industrial,5.0,3,Mostly Paid,4,0,Partial,34.6,75.0,77.2,Complete,Completed,4,Planning,1,0,12,13.005093,80.328154,synthetic_demo_district_center,Green Zone,27.4,6.5,10.4,3.84,No,No,551.0,Yes,Not Required,Yes,Yes,1027.7,7.3,0.41,1.06,3.03,15.91,Plain,Agricultural,70.1,12.1,5.7,2.9,Yes,Pending,12,1,4,84.3,Partial,Low,Yes,In Progress,Private,,Verified,No,Clear,No,Pending,74.4,No,,1,1,Completed,Partially Approved,Issued,80.0,2555.63,4473.57,14.5,No,-14.3,No,Yes,No,No,Completed,5.9,4.64,1.45,Medium,Low,Low,II,Loamy,Moderate,28.2,Low,SYNTHETIC_SIH26017_ENHANCED,Synthetic prototype dataset; added features are simulated and must not be represented as official parcel records.
LA-0177,Uttar Pradesh,Kanpur Nagar,Highway,15.6,11,Fully Paid,61,1,Mostly Obtained,49.9,71.5,69.0,Complete,Pending,6,Notification,1,1,106,27.021125,75.788425,synthetic_demo_district_center,Non-Green Zone,13.8,6.3,12.7,12.67,No,No,65.0,No,Pending,No,No,1006.2,1.6,1.77,4.61,2.81,28.89,Hilly,Agricultural,71.8,14.8,0.6,5.6,Yes,Approved,8,6,0,99.1,Partial,Low,Yes,Not Required,Joint,Possible,Verified,No,Clear,No,Updated,57.9,No,Pending,1,0,Pending,Approved,Pending,93.9,3111.17,5652.34,88.2,Yes,-3.6,Yes,No,Yes,No,Completed,3.83,1.0,4.12,Low,Medium,Low,III,Black,Good,41.9,Medium,SYNTHETIC_SIH26017_ENHANCED,Synthetic prototype dataset; added features are simulated and must not be represented as official parcel records.
LA-0178,Rajasthan,Kota,Metro,28.7,16,Not Started,52,0,Partial,90.5,13.2,64.6,Complete,Completed,2,Rehabilitation,2,0,16,30.093033,77.96551,synthetic_demo_district_center,Non-Green Zone,2.7,18.9,7.9,1.43,No,Yes,258.0,No,Not Required,No,No,1040.2,2.4,10.59,5.09,13.69,9.92,Plain,Commercial,76.1,1.8,5.8,6.3,Yes,Not Required,32,11,5,97.8,Obtained,Low,Yes,Planned,Private,,Verified,No,Clear,No,Updated,91.1,No,,2,2,Completed,Pending,Pending,66.0,3970.71,4226.42,4.1,No,27.8,No,Yes,Yes,No,In Progress,0.61,7.74,7.54,Low,Medium,Low,II,Sandy,Moderate,39.3,Low,SYNTHETIC_SIH26017_ENHANCED,Synthetic prototype dataset; added features are simulated and must not be represented as official parcel records.
LA-0179,Rajasthan,Jodhpur,Irrigation,60.3,30,Mostly Paid,56,2,Mostly Obtained,34.5,78.1,79.2,Complete,Partially Completed,5,Notification,3,0,10,13.025672,77.660195,synthetic_demo_district_center,Non-Green Zone,44.3,4.0,29.4,1.85,Yes,No,457.0,Yes,Not Required,Yes,Yes,803.4,9.9,4.49,17.77,5.23,0.26,Plain,Wasteland,81.5,9.7,4.7,2.7,No,Not Required,10,6,1,66.8,Partial,Low,Yes,Not Required,Private,,Under Review,No,Clear,No,Updated,90.3,No,,1,1,Completed,Partially Approved,Pending,51.1,4094.24,8298.68,74.0,No,-2.0,No,Yes,Yes,No,Completed,1.9,2.33,1.66,Low,Medium,Medium,III,Alluvial,Moderate,42.0,Medium,SYNTHETIC_SIH26017_ENHANCED,Synthetic prototype dataset; added features are simulated and must not be represented as official parcel records.
LA-0180,Gujarat,Bhavnagar,Metro,17.0,6,Mostly Paid,12,1,Full,83.3,60.5,53.1,Complete,Completed,5,Planning,4,0,11,31.18823,77.26039,synthetic_demo_district_center,Non-Green Zone,15.3,8.8,18.3,1.75,No,No,397.0,No,Approved,No,No,1308.5,2.7,5.71,10.29,6.63,4.28,Plain,Agricultural,67.8,13.8,0.5,3.6,No,Pending,9,5,1,50.5,Partial,Low,Yes,Not Required,Private,,Verified,No,Clear,No,Updated,87.4,No,,5,5,Completed,Approved,Pending,78.1,3112.47,5806.38,16.5,No,19.7,No,Yes,Yes,No,Not Required,1.23,4.55,1.02,Low,Medium,Low,II,Loamy,Good,37.5,Low,SYNTHETIC_SIH26017_ENHANCED,Synthetic prototype dataset; added features are simulated and must not be represented as official parcel records.
LA-0181,Karnataka,Mangaluru,Highway,6.0,3,Not Started,35,0,Full,45.4,35.5,42.0,Partially Complete,Completed,4,Closure,2,0,17,26.14682,91.596945,synthetic_demo_district_center,Non-Green Zone,17.2,2.9,16.3,6.04,No,No,268.0,No,Pending,No,No,898.7,6.5,4.12,3.8,5.36,2.88,Plain,Residential,74.3,4.0,4.5,0.3,No,Not Required,6,1,2,28.9,Partial,Low,Yes,Not Required,Joint,,Verified,No,Reported,No,Updated,69.4,No,,0,0,Completed,Pending,Issued,53.0,2307.84,4037.11,70.6,No,7.5,No,No,No,Yes,In Progress,0.69,3.96,3.27,Medium,Medium,Low,II,Loamy,Good,60.3,Medium,SYNTHETIC_SIH26017_ENHANCED,Synthetic prototype dataset; added features are simulated and must not be represented as official parcel records.
LA-0182,Bihar,Nalanda,Irrigation,39.0,14,Mostly Paid,29,1,Full,46.3,73.2,45.8,Partially Complete,Completed,6,Notification,0,0,36,25.460251,85.202397,synthetic_demo_district_center,Green Zone,8.3,5.0,12.8,2.71,No,No,531.0,Yes,Pending,No,No,1356.5,4.9,1.87,5.41,2.62,4.31,Plain,Government,43.8,6.1,2.0,4.7,Yes,Pending,4,2,0,67.4,Partial,Low,Yes,Planned,Private,,Issue Found,Yes,Clear,No,Updated,75.6,Yes,,2,0,Not Required,Partially Approved,Issued,66.0,648.93,886.53,88.7,No,24.5,No,No,No,No,Not Required,1.31,1.03,0.36,Low,Low,Low,IV,Laterite,Good,51.5,Medium,SYNTHETIC_SIH26017_ENHANCED,Synthetic prototype dataset; added features are simulated and must not be represented as official parcel records.
LA-0183,Uttar Pradesh,Lucknow,Highway,15.2,6,Mostly Paid,26,0,Mostly Obtained,20.7,73.1,59.4,Complete,Partially Completed,1,Possession,0,0,2,30.240289,78.089615,synthetic_demo_district_center,Non-Green Zone,52.7,10.9,12.5,1.41,No,No,142.0,No,Not Required,Yes,Yes,313.3,7.4,2.84,2.44,6.43,8.58,Plain,Agricultural,31.5,4.5,4.1,0.6,No,Approved,6,5,1,63.0,Obtained,Low,Yes,Not Required,Private,,Verified,No,Clear,No,Pending,95.8,No,,0,0,Completed,Partially Approved,Issued,50.1,392.86,630.76,94.6,No,-9.9,Yes,Yes,No,No,Pending,2.99,1.75,0.27,Low,Medium,Low,II,Laterite,Poor,41.9,Medium,SYNTHETIC_SIH26017_ENHANCED,Synthetic prototype dataset; added features are simulated and must not be represented as official parcel records.
LA-0184,Uttar Pradesh,Kanpur Nagar,Railway,10.1,5,Partially Paid,73,0,Full,40.8,52.1,72.9,Incomplete,Completed,2,Closure,2,0,12,22.897383,72.642766,synthetic_demo_district_center,Non-Green Zone,11.4,7.4,18.9,1.36,No,No,94.0,No,Approved,Yes,Yes,1522.3,2.0,0.87,9.77,14.8,5.52,Hilly,Agricultural,53.6,6.2,6.4,1.2,Yes,Not Required,15,8,3,35.5,Obtained,Low,Yes,Completed,Private,,Verified,No,Clear,Yes,Updated,72.3,No,Pending,4,3,Pending,Approved,Issued,72.8,2318.26,3548.84,16.3,No,21.1,No,Yes,Yes,No,Pending,1.76,5.04,6.2,High,Low,High,IV,Laterite,Good,36.8,Low,SYNTHETIC_SIH26017_ENHANCED,Synthetic prototype dataset; added features are simulated and must not be represented as official parcel records.
LA-0185,Madhya Pradesh,Gwalior,Highway,15.4,8,Partially Paid,30,1,Partial,71.8,67.1,81.7,Partially Complete,Completed,4,Possession,3,1,119,26.097041,91.688707,synthetic_demo_district_center,Buffer Zone,36.9,16.8,13.9,3.28,No,No,162.0,No,Not Required,No,No,1266.1,5.1,1.28,6.95,1.84,10.99,Plain,Commercial,76.8,8.8,1.6,1.9,No,Pending,4,1,1,67.8,Obtained,Low,Yes,Not Required,Private,Confirmed,Under Review,No,Clear,No,Updated,81.7,No,,1,1,Completed,Partially Approved,Issued,82.2,1303.01,1621.66,1.5,No,5.4,No,No,No,Yes,Completed,0.84,1.69,4.18,Medium,Medium,Low,IV,Black,Moderate,41.3,Medium,SYNTHETIC_SIH26017_ENHANCED,Synthetic prototype dataset; added features are simulated and must not be represented as official parcel records.
LA-0186,Rajasthan,Udaipur,Railway,21.4,9,Mostly Paid,21,0,Partial,59.5,69.2,78.1,Incomplete,Completed,1,Rehabilitation,2,0,12,20.349333,85.972913,synthetic_demo_district_center,Non-Green Zone,33.9,4.3,22.2,2.58,Yes,No,240.0,Yes,Not Required,No,No,1212.1,1.2,4.31,3.39,8.11,6.97,Plateau,Agricultural,61.6,4.9,4.4,2.2,No,Not Required,4,0,2,35.2,Pending,Low,No,Not Required,Private,,Verified,No,Reported,No,Pending,69.8,No,,1,1,Pending,Approved,Issued,55.7,1345.45,1456.68,92.2,No,17.2,No,Yes,Yes,Yes,Pending,2.1,0.26,2.27,Medium,Medium,Low,III,Alluvial,Good,39.5,Low,SYNTHETIC_SIH26017_ENHANCED,Synthetic prototype dataset; added features are simulated and must not be represented as official parcel records.
LA-0187,Bihar,Gaya,Irrigation,15.6,12,Mostly Paid,21,1,Not Started,31.6,79.7,62.3,Complete,Completed,3,Closure,1,0,5,25.764241,85.100454,synthetic_demo_district_center,Non-Green Zone,26.0,12.6,22.2,8.33,No,No,610.0,No,Approved,No,No,172.0,4.7,3.74,3.14,3.6,23.16,Plain,Commercial,31.3,9.0,1.6,1.9,No,Pending,17,7,5,32.0,Obtained,Low,Yes,Not Required,Joint,,Verified,No,Reported,No,Not Available,82.9,No,Pending,6,2,Completed,Pending,Issued,69.6,3079.01,4818.56,68.8,No,-1.1,No,Yes,Yes,No,Not Required,0.94,5.71,1.33,High,Medium,Low,II,Sandy,Good,45.6,Medium,SYNTHETIC_SIH26017_ENHANCED,Synthetic prototype dataset; added features are simulated and must not be represented as official parcel records.
LA-0188,Tamil Nadu,Chennai,Metro,5.0,5,Fully Paid,11,1,Mostly Obtained,20.7,94.8,36.7,Partially Complete,Pending,6,Rehabilitation,2,0,11,26.847682,80.991148,synthetic_demo_district_center,Non-Green Zone,3.6,12.0,14.8,1.98,No,No,169.0,No,Not Required,No,No,757.9,6.3,1.19,10.98,4.41,6.12,Plain,Residential,54.7,10.3,1.3,7.0,No,Not Required,5,2,1,82.9,Obtained,Low,Yes,Completed,Private,,Verified,No,Clear,No,Updated,70.8,No,,4,0,Completed,Partially Approved,Issued,90.8,994.96,2156.08,99.2,No,12.0,Yes,Yes,Yes,Yes,Not Required,3.42,5.82,1.33,Medium,Low,Low,II,Laterite,Moderate,40.9,Medium,SYNTHETIC_SIH26017_ENHANCED,Synthetic prototype dataset; added features are simulated and must not be represented as official parcel records.
LA-0189,Gujarat,Rajkot,Highway,48.1,24,Partially Paid,32,3,Full,69.0,88.4,79.8,Complete,Completed,6,Possession,1,0,14,28.506452,76.980416,synthetic_demo_district_center,Non-Green Zone,30.1,15.2,28.6,5.74,No,No,867.0,No,Pending,No,No,1469.3,0.8,0.98,4.73,14.72,2.21,Coastal,Commercial,17.2,12.4,2.0,8.7,Yes,Not Required,6,0,2,27.2,Obtained,Low,No,Not Required,Private,,Under Review,No,Clear,No,Updated,98.5,No,,0,0,Completed,Approved,Issued,62.5,763.91,1336.07,91.9,No,10.8,No,Yes,Yes,Yes,Pending,4.18,2.46,6.16,Medium,High,Low,II,Alluvial,Good,41.9,Medium,SYNTHETIC_SIH26017_ENHANCED,Synthetic prototype dataset; added features are simulated and must not be represented as official parcel records.
LA-0190,Karnataka,Hubballi,Irrigation,63.8,29,Partially Paid,76,1,Partial,70.0,75.4,93.4,Partially Complete,Pending,2,Compensation,1,0,7,9.907422,76.327491,synthetic_demo_district_center,Non-Green Zone,29.3,13.0,10.8,3.25,Yes,No,811.0,Yes,Not Required,No,No,1617.7,1.1,1.85,10.15,2.64,7.95,Hilly,Commercial,62.3,12.8,6.5,0.6,No,Not Required,2,2,0,90.6,Pending,Low,Yes,Not Required,Private,,Under Review,No,Clear,No,Updated,79.9,No,,0,0,Not Required,Partially Approved,Issued,79.0,782.6,1102.27,43.2,Yes,11.5,No,Yes,Yes,No,Completed,1.69,5.92,5.2,Low,Low,Low,III,Loamy,Moderate,54.5,Medium,SYNTHETIC_SIH26017_ENHANCED,Synthetic prototype dataset; added features are simulated and must not be represented as official parcel records.
LA-0191,Maharashtra,Nagpur,Irrigation,40.0,20,Fully Paid,23,1,Mostly Obtained,92.4,35.1,55.4,Complete,Pending,6,Compensation,1,1,132,21.281916,81.59877,synthetic_demo_district_center,Buffer Zone,12.0,5.9,17.8,3.31,Yes,No,426.0,Yes,Approved,Yes,Yes,1706.8,2.4,1.64,3.55,8.53,5.46,Plain,Residential,49.2,11.3,4.0,3.0,Yes,Pending,3,2,0,81.9,Partial,Medium,Yes,Not Required,Private,,Verified,No,Clear,No,Updated,79.2,No,,0,0,Pending,Pending,Issued,58.7,1038.71,1918.82,14.4,No,7.9,No,Yes,No,No,Pending,0.7,4.31,6.58,Medium,Low,Low,II,Loamy,Moderate,38.3,Low,SYNTHETIC_SIH26017_ENHANCED,Synthetic prototype dataset; added features are simulated and must not be represented as official parcel records.
LA-0192,Karnataka,Hubballi,Irrigation,10.5,5,Fully Paid,36,0,Mostly Obtained,25.3,47.3,82.7,Complete,Partially Completed,5,Rehabilitation,3,0,26,23.289789,85.480764,synthetic_demo_district_center,Buffer Zone,13.6,3.0,15.2,4.46,No,No,543.0,No,Not Required,Yes,Yes,772.6,9.6,1.02,6.02,6.36,3.02,Plain,Commercial,73.1,9.2,1.7,6.3,Yes,Approved,4,1,2,36.5,Pending,Low,Yes,Not Required,Private,,Verified,No,Clear,No,Updated,66.1,No,,3,3,Completed,Approved,Issued,76.9,157.76,220.48,60.5,No,15.7,No,Yes,No,Yes,In Progress,1.83,1.59,8.26,Medium,Low,Low,III,Loamy,Moderate,49.1,Medium,SYNTHETIC_SIH26017_ENHANCED,Synthetic prototype dataset; added features are simulated and must not be represented as official parcel records.
LA-0193,Odisha,Sambalpur,Highway,21.1,8,Not Started,25,0,Full,66.8,,83.7,Complete,Completed,1,Rehabilitation,0,0,20,17.547164,78.775434,synthetic_demo_district_center,Green Zone,16.9,2.2,15.9,4.17,Yes,No,443.0,Yes,Not Required,Yes,Yes,1631.7,2.0,3.86,7.97,26.81,3.39,Plain,Industrial,67.9,8.7,1.8,1.7,No,Not Required,4,4,1,96.8,Obtained,Low,Yes,In Progress,Private,Possible,Issue Found,Yes,Under Verification,No,Pending,72.3,No,,2,2,Not Required,Pending,Pending,89.5,231.95,445.25,5.1,Yes,10.5,No,No,Yes,No,Pending,0.99,3.81,3.05,Low,Low,Low,II,Loamy,Good,66.3,Medium,SYNTHETIC_SIH26017_ENHANCED,Synthetic prototype dataset; added features are simulated and must not be represented as official parcel records.
LA-0194,Uttar Pradesh,Meerut,Metro,24.4,14,Fully Paid,28,0,Mostly Obtained,16.7,38.6,86.1,Partially Complete,Completed,4,Rehabilitation,1,0,11,13.12697,80.436822,synthetic_demo_district_center,Non-Green Zone,32.0,8.3,7.0,1.68,No,No,1333.0,No,Not Required,No,No,785.9,6.2,3.39,11.47,26.02,12.33,Plain,Government,75.8,3.2,3.9,3.6,No,Pending,13,7,5,68.4,Disputed,Low,Yes,Not Required,Joint,Confirmed,Verified,No,Clear,No,Updated,78.0,No,Pending,6,0,Completed,Approved,Issued,86.4,2901.08,5327.07,2.9,No,15.2,No,Yes,Yes,Yes,Not Required,2.3,0.85,0.64,Medium,Medium,Low,III,Laterite,Moderate,44.3,Medium,SYNTHETIC_SIH26017_ENHANCED,Synthetic prototype dataset; added features are simulated and must not be represented as official parcel records.
LA-0195,Gujarat,Vadodara,Airport,38.4,22,Not Started,53,2,Full,42.6,23.4,95.1,Partially Complete,Partially Completed,1,Possession,2,0,3,9.79919,76.337538,synthetic_demo_district_center,Non-Green Zone,56.3,1.8,8.9,2.09,No,No,1063.0,No,Not Required,No,No,1337.9,2.2,0.87,5.01,21.08,5.09,Plain,Residential,61.6,16.3,0.3,1.5,No,Not Required,5,0,0,33.9,Obtained,Low,No,Not Required,Institutional,,Under Review,No,Clear,No,Updated,94.3,No,,4,0,Not Required,Pending,Issued,66.6,1141.99,1558.82,84.2,Yes,18.1,No,No,Yes,Yes,In Progress,3.08,4.39,1.02,High,Low,Low,III,Sandy,Good,51.8,Medium,SYNTHETIC_SIH26017_ENHANCED,Synthetic prototype dataset; added features are simulated and must not be represented as official parcel records.
LA-0196,Odisha,Sambalpur,Irrigation,40.5,21,Not Started,11,2,Partial,52.6,20.0,47.0,Complete,Pending,5,Compensation,1,0,13,21.561096,81.551026,synthetic_demo_district_center,Non-Green Zone,8.8,12.6,13.4,1.12,No,No,534.0,No,Not Required,No,No,312.5,7.4,1.45,12.08,2.21,8.29,Plain,Commercial,72.8,5.5,1.2,2.2,No,Not Required,4,1,0,72.3,Obtained,Low,Yes,Not Required,Private,,Issue Found,Yes,Clear,No,Pending,94.8,Yes,,4,4,Completed,Approved,Issued,85.0,408.19,818.25,74.2,No,14.1,No,Yes,Yes,No,Pending,3.56,1.23,3.63,Low,Low,High,IV,Red,Good,52.7,Medium,SYNTHETIC_SIH26017_ENHANCED,Synthetic prototype dataset; added features are simulated and must not be represented as official parcel records.
LA-0197,Bihar,Gaya,Highway,14.1,7,Partially Paid,7,0,Partial,,74.8,56.4,Complete,Completed,3,Compensation,4,0,16,10.248453,76.258996,synthetic_demo_district_center,Non-Green Zone,5.6,5.2,11.6,5.52,No,No,235.0,No,Pending,No,No,1552.7,6.4,5.22,1.01,3.88,8.45,Plain,Agricultural,26.5,1.3,4.3,4.4,No,Pending,6,2,1,92.0,Obtained,Medium,Yes,In Progress,Joint,,Verified,No,Clear,No,Updated,61.3,No,,3,3,Completed,Partially Approved,Issued,56.6,1569.96,2353.54,44.6,No,34.9,No,Yes,Yes,No,In Progress,0.58,0.65,0.19,Medium,High,High,IV,Alluvial,Good,45.2,Medium,SYNTHETIC_SIH26017_ENHANCED,Synthetic prototype dataset; added features are simulated and must not be represented as official parcel records.
LA-0198,Maharashtra,Nagpur,Highway,26.1,12,Partially Paid,61,0,Mostly Obtained,19.1,35.3,84.7,Incomplete,Completed,1,Planning,3,1,82,13.075414,80.267088,synthetic_demo_district_center,Non-Green Zone,20.6,4.9,15.1,7.19,No,No,529.0,No,Approved,No,No,1725.6,1.4,4.34,0.98,5.89,18.86,Coastal,Wasteland,34.3,3.3,2.4,1.5,No,Approved,7,3,2,38.6,Obtained,Low,Yes,Not Required,Private,,Verified,No,Clear,No,Not Available,79.1,No,,0,0,Pending,Approved,Issued,72.7,1307.14,1574.94,55.1,No,0.4,No,Yes,Yes,Yes,Pending,0.27,1.28,0.36,Low,Medium,Medium,IV,Black,Moderate,50.6,Medium,SYNTHETIC_SIH26017_ENHANCED,Synthetic prototype dataset; added features are simulated and must not be represented as official parcel records.
LA-0199,Rajasthan,Jodhpur,Metro,34.6,17,Fully Paid,19,0,Partial,91.5,53.9,28.8,Incomplete,Partially Completed,4,Rehabilitation,2,0,21,30.237804,77.831376,synthetic_demo_district_center,Buffer Zone,27.7,9.2,22.7,0.69,No,No,188.0,No,Pending,No,No,94.3,2.0,2.07,9.1,2.87,14.97,Plain,Agricultural,93.2,12.8,5.9,2.1,No,Not Required,3,1,2,22.5,Partial,Low,Yes,Not Required,Private,Possible,Verified,No,Under Verification,No,Updated,72.5,No,,4,3,Completed,Approved,Issued,93.7,1706.69,2024.95,60.9,No,4.3,No,Yes,Yes,No,Pending,3.32,7.02,2.56,Medium,Medium,Low,IV,Laterite,Poor,54.8,Medium,SYNTHETIC_SIH26017_ENHANCED,Synthetic prototype dataset; added features are simulated and must not be represented as official parcel records.
LA-0200,Gujarat,Ahmedabad,Airport,73.1,37,Mostly Paid,21,0,Not Started,58.8,36.2,88.9,Partially Complete,Completed,1,Notification,1,1,120,30.429055,77.94683,synthetic_demo_district_center,Non-Green Zone,20.2,6.1,15.4,2.35,No,No,714.0,No,Approved,No,No,427.3,1.5,3.31,5.5,13.45,22.95,Plain,Agricultural,40.0,15.5,1.9,1.6,No,Pending,5,2,2,71.3,Partial,Medium,Yes,In Progress,Government,,Under Review,No,Reported,No,Updated,61.9,Yes,,6,5,Not Required,Pending,Issued,58.1,2049.91,2081.89,35.2,No,6.5,No,No,Yes,No,Not Required,1.03,0.59,3.51,Medium,Medium,Low,III,Alluvial,Poor,46.6,Medium,SYNTHETIC_SIH26017_ENHANCED,Synthetic prototype dataset; added features are simulated and must not be represented as official parcel records.
LA-0201,Gujarat,Surat,Industrial,41.6,15,Fully Paid,131,0,Mostly Obtained,29.8,60.6,24.0,Partially Complete,Partially Completed,6,Compensation,2,1,109,17.376258,78.506383,synthetic_demo_district_center,Non-Green Zone,20.8,4.5,11.1,1.81,No,No,66.0,No,Not Required,No,No,1651.4,2.1,0.27,15.5,8.02,4.39,Plain,Agricultural,70.1,4.6,5.8,3.6,No,Pending,3,4,1,59.2,Pending,Low,Yes,Planned,Institutional,,Verified,No,Clear,No,Updated,84.2,No,,2,1,Completed,Approved,Pending,62.4,398.99,867.95,82.7,No,28.9,No,Yes,No,No,Not Required,2.23,1.91,2.13,Low,Low,Low,II,Black,Good,42.8,Medium,SYNTHETIC_SIH26017_ENHANCED,Synthetic prototype dataset; added features are simulated and must not be represented as official parcel records.
LA-0202,Uttar Pradesh,Mathura,Metro,44.3,21,Mostly Paid,52,0,Mostly Obtained,66.1,57.2,52.3,Complete,Completed,3,Rehabilitation,0,0,9,26.965297,75.754135,synthetic_demo_district_center,Buffer Zone,17.0,5.9,10.1,15.63,No,No,543.0,No,Not Required,Yes,Yes,1047.1,2.7,5.63,8.36,7.41,0.9,Plateau,Government,68.5,2.3,3.5,6.6,No,Pending,7,3,4,25.5,Partial,Medium,Yes,Completed,Joint,,Verified,No,Clear,No,Pending,87.4,No,,5,4,Pending,Approved,Issued,55.5,2271.39,2945.98,98.4,No,-8.0,No,Yes,No,Yes,Completed,1.78,1.57,2.37,Low,High,Low,IV,Laterite,Moderate,27.0,Low,SYNTHETIC_SIH26017_ENHANCED,Synthetic prototype dataset; added features are simulated and must not be represented as official parcel records.
LA-0203,West Bengal,Kolkata,Highway,26.1,8,Mostly Paid,14,0,Mostly Obtained,81.0,66.0,32.2,Complete,Completed,1,Planning,3,1,79,22.864992,72.603778,synthetic_demo_district_center,Non-Green Zone,38.6,7.7,8.1,5.61,No,No,524.0,No,Not Required,Yes,Yes,113.1,1.1,0.64,2.7,5.06,5.49,Plateau,Agricultural,77.8,10.8,2.4,2.2,Yes,Not Required,13,4,5,47.8,Pending,Medium,Yes,Not Required,Private,,Verified,No,Clear,No,Updated,55.5,No,,4,4,Completed,Pending,Pending,62.5,2544.8,5448.06,25.9,No,29.6,No,Yes,No,No,In Progress,3.78,3.78,3.91,Low,Low,Medium,II,Sandy,Moderate,47.0,Medium,SYNTHETIC_SIH26017_ENHANCED,Synthetic prototype dataset; added features are simulated and must not be represented as official parcel records.
LA-0204,Gujarat,Surat,Power,70.7,35,Mostly Paid,64,1,Partial,47.9,67.0,42.3,Complete,Completed,3,Closure,2,0,3,31.004306,75.733332,synthetic_demo_district_center,Non-Green Zone,24.3,13.5,12.6,6.36,No,No,595.0,No,Not Required,No,No,660.1,8.1,1.51,2.9,1.55,6.67,Plain,Government,66.7,10.1,0.6,4.4,No,Pending,5,2,3,88.3,Obtained,Medium,Yes,Not Required,Private,,Verified,No,Clear,No,Updated,66.6,No,,3,0,Pending,Partially Approved,Issued,85.2,297.84,453.92,46.3,No,26.8,No,Yes,No,Yes,Not Required,1.25,0.89,1.93,Low,Low,Low,II,Loamy,Good,42.1,Medium,SYNTHETIC_SIH26017_ENHANCED,Synthetic prototype dataset; added features are simulated and must not be represented as official parcel records.
LA-0205,Madhya Pradesh,Gwalior,Irrigation,33.4,10,Fully Paid,52,1,Partial,44.2,39.4,90.2,Complete,Completed,3,Planning,1,0,24,23.632518,85.367551,synthetic_demo_district_center,Buffer Zone,38.8,1.4,21.3,1.79,No,No,722.0,No,Pending,No,No,33.7,6.0,0.62,13.65,9.71,9.46,Hilly,Residential,54.0,17.0,0.2,7.9,Yes,Not Required,3,1,1,77.3,Obtained,Medium,Yes,Planned,Private,,Issue Found,Yes,Clear,No,Updated,55.9,No,,2,2,Not Required,Approved,Issued,92.9,938.27,1888.46,56.7,No,-11.5,No,Yes,No,No,Not Required,1.53,2.44,1.25,Medium,Medium,Medium,II,Loamy,Moderate,44.3,Medium,SYNTHETIC_SIH26017_ENHANCED,Synthetic prototype dataset; added features are simulated and must not be represented as official parcel records.
LA-0206,Maharashtra,Thane,Railway,12.9,6,Mostly Paid,0,1,Partial,26.3,63.0,71.1,Partially Complete,Completed,2,Closure,2,1,99,10.062521,76.313223,synthetic_demo_district_center,Green Zone,3.8,4.3,15.8,6.11,No,No,397.0,Yes,Pending,No,No,175.5,1.2,1.95,9.49,10.34,3.6,Plain,Agricultural,73.1,10.1,3.8,3.3,No,Not Required,3,1,0,55.7,Obtained,Medium,Yes,Planned,Private,,Verified,No,Clear,No,Not Available,78.2,Yes,,2,2,Not Required,Approved,Pending,71.6,679.4,1410.43,94.7,No,31.7,No,Yes,No,No,Not Required,2.75,2.45,3.0,Low,Low,Medium,IV,Black,Poor,47.0,Medium,SYNTHETIC_SIH26017_ENHANCED,Synthetic prototype dataset; added features are simulated and must not be represented as official parcel records.
LA-0207,Maharashtra,Thane,Irrigation,70.3,39,Fully Paid,33,0,Not Started,46.5,84.0,72.6,Complete,Partially Completed,2,Compensation,1,1,72,31.022774,75.691394,synthetic_demo_district_center,Non-Green Zone,20.6,2.0,14.6,5.83,No,Yes,704.0,No,Not Required,Yes,Yes,90.8,1.4,3.95,14.47,12.04,14.07,Plain,Wasteland,50.6,5.9,1.0,2.0,No,Not Required,2,1,1,73.7,Partial,Low,Yes,Planned,Private,,Verified,No,Clear,No,Pending,58.7,No,,5,0,Pending,Approved,Issued,55.2,370.89,393.97,16.9,No,-6.4,No,Yes,Yes,No,Completed,1.12,1.36,4.54,Low,Low,Medium,III,Red,Moderate,35.6,Low,SYNTHETIC_SIH26017_ENHANCED,Synthetic prototype dataset; added features are simulated and must not be represented as official parcel records.
LA-0208,Madhya Pradesh,Bhopal,Airport,41.4,17,Fully Paid,11,0,Mostly Obtained,48.3,53.6,82.7,Complete,Pending,4,Planning,1,1,116,23.289513,85.188562,synthetic_demo_district_center,Green Zone,18.1,12.5,18.6,0.66,No,No,651.0,Yes,Pending,No,No,1087.6,0.5,7.62,4.61,1.55,9.18,Plateau,Agricultural,88.7,13.5,3.5,3.3,Yes,Pending,4,2,2,46.1,Obtained,Low,Yes,Completed,Private,,Verified,No,Clear,No,Updated,55.9,No,,5,0,Pending,Pending,Issued,85.5,436.88,922.0,74.2,No,5.2,No,Yes,Yes,No,In Progress,0.27,3.68,3.93,Low,Low,Medium,IV,Alluvial,Moderate,53.5,Medium,SYNTHETIC_SIH26017_ENHANCED,Synthetic prototype dataset; added features are simulated and must not be represented as official parcel records.
LA-0209,Tamil Nadu,Chennai,Highway,17.6,8,Not Started,27,0,Not Started,49.8,61.3,50.5,Complete,Pending,4,Possession,1,1,118,26.774421,75.563281,synthetic_demo_district_center,Non-Green Zone,18.5,16.3,9.2,13.55,No,No,456.0,No,Not Required,No,No,123.4,3.0,3.1,9.89,1.46,12.79,Plain,Government,82.5,3.8,2.3,0.9,Yes,Pending,2,0,0,41.8,Partial,Medium,No,Not Required,Private,,Verified,No,Clear,No,Updated,87.8,No,,3,3,Completed,Approved,Issued,84.5,584.53,1281.3,56.2,No,-11.3,No,No,Yes,Yes,In Progress,0.24,6.14,0.56,Medium,Medium,Low,V,Black,Moderate,54.6,Medium,SYNTHETIC_SIH26017_ENHANCED,Synthetic prototype dataset; added features are simulated and must not be represented as official parcel records.
LA-0210,Madhya Pradesh,Gwalior,Metro,17.1,13,Mostly Paid,116,0,Not Started,39.7,82.3,66.1,Complete,Pending,4,Closure,1,1,111,30.328511,77.983901,synthetic_demo_district_center,Non-Green Zone,31.2,14.8,18.0,2.82,No,No,816.0,No,Not Required,No,No,1264.6,3.1,2.61,2.34,1.62,3.79,Plain,Government,51.6,16.1,8.8,4.2,No,Not Required,7,0,2,43.1,Partial,Low,No,Not Required,Private,,Verified,No,Clear,No,Updated,76.7,No,,2,1,Completed,Pending,Pending,53.9,2286.42,4638.39,5.6,No,-0.7,No,Yes,Yes,Yes,Not Required,1.12,2.86,3.97,Medium,Low,Medium,II,Sandy,Good,37.1,Low,SYNTHETIC_SIH26017_ENHANCED,Synthetic prototype dataset; added features are simulated and must not be represented as official parcel records.
LA-0211,Madhya Pradesh,Jabalpur,Railway,30.6,13,Fully Paid,55,1,Mostly Obtained,20.4,86.7,46.9,Partially Complete,Completed,3,Compensation,2,0,0,31.027694,75.798214,synthetic_demo_district_center,Non-Green Zone,20.2,7.8,12.5,4.9,No,Yes,1367.0,No,Not Required,Yes,Yes,529.4,1.0,3.77,1.18,9.05,4.12,Plain,Agricultural,68.3,21.8,3.8,3.9,Yes,Not Required,5,1,2,79.7,Pending,Medium,Yes,Planned,Private,,Verified,No,Clear,No,Updated,90.9,No,,3,2,Pending,Partially Approved,Issued,59.3,2317.36,3409.11,8.3,Yes,20.2,No,No,No,No,In Progress,1.27,2.01,3.49,Medium,Low,Medium,II,Alluvial,Moderate,43.2,Medium,SYNTHETIC_SIH26017_ENHANCED,Synthetic prototype dataset; added features are simulated and must not be represented as official parcel records.
LA-0212,Maharashtra,Nashik,Irrigation,34.7,19,Fully Paid,60,1,Not Started,40.4,57.4,74.7,Complete,Completed,3,Possession,2,0,4,30.783523,76.001774,synthetic_demo_district_center,Buffer Zone,25.8,8.0,15.2,5.88,Yes,No,686.0,Yes,Not Required,No,No,1759.9,3.2,1.22,5.58,7.85,26.06,Plain,Agricultural,40.4,9.7,0.4,2.8,Yes,Pending,8,2,2,66.5,Obtained,Medium,Yes,In Progress,Government,,Under Review,No,Clear,No,Updated,60.3,No,,3,3,Completed,Partially Approved,Issued,78.8,2090.69,2991.79,15.3,No,27.6,No,Yes,Yes,Yes,Pending,0.67,1.96,4.64,High,Low,Low,II,Alluvial,Good,43.1,Medium,SYNTHETIC_SIH26017_ENHANCED,Synthetic prototype dataset; added features are simulated and must not be represented as official parcel records.
LA-0213,Karnataka,Bengaluru Urban,Industrial,28.4,6,Partially Paid,25,0,Full,43.1,24.3,68.9,Complete,Partially Completed,2,Closure,1,0,5,17.351907,78.444171,synthetic_demo_district_center,Buffer Zone,27.6,3.6,16.7,2.56,Yes,Yes,517.0,Yes,Not Required,Yes,Yes,452.3,4.7,0.61,1.77,14.35,5.41,Plain,Government,54.7,4.9,2.1,0.6,Yes,Not Required,7,5,1,86.1,Obtained,Medium,Yes,In Progress,Private,,Under Review,No,Clear,Yes,Updated,72.6,Yes,,1,1,Not Required,Pending,Issued,59.3,2304.97,2856.37,32.0,No,33.1,No,Yes,Yes,Yes,In Progress,0.87,3.4,5.29,Low,Low,Low,III,Black,Good,30.3,Low,SYNTHETIC_SIH26017_ENHANCED,Synthetic prototype dataset; added features are simulated and must not be represented as official parcel records.
LA-0214,Maharashtra,Thane,Industrial,31.0,15,Mostly Paid,60,1,Partial,31.8,44.9,93.5,Partially Complete,Completed,6,Notification,0,0,13,25.496549,85.201763,synthetic_demo_district_center,Non-Green Zone,52.7,8.5,11.2,7.53,No,No,594.0,No,Not Required,No,No,1031.2,3.2,10.67,5.09,7.96,7.82,Plain,Industrial,38.6,4.2,4.1,4.6,No,Pending,2,1,1,80.6,Disputed,Medium,Yes,In Progress,Private,Possible,Verified,No,Reported,No,Updated,61.6,No,,4,2,Completed,Approved,Issued,94.5,741.24,837.04,49.4,No,27.3,No,Yes,No,Yes,In Progress,2.62,2.82,1.77,Medium,High,Low,II,Black,Good,50.3,Medium,SYNTHETIC_SIH26017_ENHANCED,Synthetic prototype dataset; added features are simulated and must not be represented as official parcel records.
LA-0215,West Bengal,Nadia,Irrigation,87.8,43,Mostly Paid,16,2,Full,24.4,83.7,94.5,Complete,Completed,3,Rehabilitation,0,0,8,20.285841,85.890916,synthetic_demo_district_center,Non-Green Zone,12.5,3.6,14.4,1.28,No,No,437.0,No,Not Required,Yes,Yes,1011.6,4.5,5.33,2.53,12.76,16.85,Coastal,Agricultural,90.0,16.6,3.9,0.7,No,Not Required,15,10,1,53.4,Pending,High,Yes,In Progress,Private,,Under Review,No,Reported,No,Not Available,78.4,No,Disposed,2,2,Completed,Approved,Issued,76.9,3784.61,7560.88,65.4,No,1.6,No,Yes,Yes,Yes,In Progress,6.04,2.74,1.6,Low,Low,Low,IV,Red,Poor,35.8,Low,SYNTHETIC_SIH26017_ENHANCED,Synthetic prototype dataset; added features are simulated and must not be represented as official parcel records.
LA-0216,Uttar Pradesh,Agra,Railway,54.8,26,Partially Paid,33,0,Not Started,32.4,62.6,59.8,Complete,Partially Completed,2,Notification,0,0,15,9.832302,76.25072,synthetic_demo_district_center,Non-Green Zone,7.2,12.9,21.9,2.45,No,No,843.0,No,Not Required,Yes,Yes,728.4,1.0,1.68,7.38,5.94,11.38,Plain,Residential,52.9,10.9,9.3,3.1,No,Not Required,7,1,1,26.5,Partial,Medium,Yes,In Progress,Private,,Verified,No,Clear,No,Updated,68.9,No,Disposed,0,0,Pending,Approved,Issued,69.8,1948.48,3376.27,97.2,No,32.8,No,Yes,No,Yes,Pending,2.16,4.04,1.35,Low,Low,Low,II,Alluvial,Moderate,34.9,Low,SYNTHETIC_SIH26017_ENHANCED,Synthetic prototype dataset; added features are simulated and must not be represented as official parcel records.
LA-0217,Odisha,Puri,Airport,28.3,13,Mostly Paid,53,1,Mostly Obtained,56.5,47.1,66.0,Partially Complete,Completed,1,Compensation,1,0,21,30.286931,78.108111,synthetic_demo_district_center,Non-Green Zone,22.9,16.9,18.0,10.57,Yes,No,493.0,Yes,Not Required,Yes,Yes,743.0,7.3,7.56,9.83,12.89,10.41,Plain,Residential,55.8,11.3,4.8,0.7,Yes,Pending,15,5,1,32.3,Disputed,Low,Yes,Planned,Private,,Verified,No,Clear,No,Updated,60.4,No,,4,2,Not Required,Approved,Issued,95.1,721.18,1236.57,57.1,Yes,-0.8,No,No,Yes,Yes,Pending,4.07,2.47,0.72,Low,Medium,Low,III,Laterite,Good,69.6,Medium,SYNTHETIC_SIH26017_ENHANCED,Synthetic prototype dataset; added features are simulated and must not be represented as official parcel records.
LA-0218,Karnataka,Mysuru,Industrial,49.7,26,Partially Paid,52,0,Partial,55.3,69.8,72.4,Complete,Partially Completed,4,Notification,1,0,5,23.590407,85.42034,synthetic_demo_district_center,Non-Green Zone,41.3,10.5,8.7,5.62,No,No,270.0,No,Not Required,No,No,1762.0,5.6,2.24,2.46,5.18,16.05,Plain,Industrial,28.3,5.9,13.4,2.1,No,Pending,8,6,5,93.1,Pending,Medium,Yes,Planned,Private,,Verified,No,Clear,No,Updated,74.5,No,,4,2,Not Required,Partially Approved,Issued,60.1,2176.46,3244.88,53.3,Yes,32.8,No,No,Yes,No,In Progress,0.84,3.36,1.79,High,Low,Low,III,Red,Good,67.8,Medium,SYNTHETIC_SIH26017_ENHANCED,Synthetic prototype dataset; added features are simulated and must not be represented as official parcel records.
LA-0219,Rajasthan,Jodhpur,Highway,11.3,5,Partially Paid,7,0,Full,58.0,80.0,58.7,Partially Complete,Partially Completed,4,Compensation,1,1,89,25.499937,85.043841,synthetic_demo_district_center,Buffer Zone,15.8,9.5,22.2,6.99,No,Yes,637.0,No,Pending,No,No,1060.5,1.7,3.54,9.85,3.41,1.31,Plain,Wasteland,55.0,16.8,0.5,1.3,No,Pending,14,2,2,39.8,Disputed,High,Yes,Not Required,Private,,Verified,No,Reported,No,Updated,95.3,No,Pending,3,2,Not Required,Pending,Pending,77.9,2815.44,5716.95,21.2,No,-9.1,No,Yes,No,No,Not Required,2.12,0.7,5.29,Low,Low,Low,III,Alluvial,Moderate,50.3,Medium,SYNTHETIC_SIH26017_ENHANCED,Synthetic prototype dataset; added features are simulated and must not be represented as official parcel records.
LA-0220,Odisha,Khordha,Power,33.1,15,Mostly Paid,99,0,Partial,37.4,62.1,65.2,Partially Complete,Completed,5,Planning,3,0,8,20.420206,85.723246,synthetic_demo_district_center,Buffer Zone,25.0,8.9,24.7,5.11,No,No,259.0,No,Pending,No,No,776.9,1.9,2.59,20.77,15.63,11.3,Plain,Industrial,79.1,8.0,1.1,1.3,Yes,Not Required,3,0,1,73.9,Pending,Low,No,Planned,Private,,Verified,No,Reported,No,Updated,94.2,No,,6,5,Completed,Approved,Issued,77.6,211.13,440.45,22.0,No,2.7,No,Yes,Yes,Yes,Pending,4.47,2.02,2.42,Medium,Low,Medium,V,Sandy,Poor,40.4,Medium,SYNTHETIC_SIH26017_ENHANCED,Synthetic prototype dataset; added features are simulated and must not be represented as official parcel records.
LA-0221,Uttar Pradesh,Lucknow,Irrigation,95.3,32,Mostly Paid,13,1,Partial,13.0,32.4,18.0,Complete,Completed,6,Compensation,1,0,14,30.208689,77.985261,synthetic_demo_district_center,Non-Green Zone,5.4,6.8,11.5,1.29,No,No,299.0,No,Pending,No,No,840.9,1.8,2.66,0.59,7.65,12.52,Hilly,Commercial,65.4,9.6,0.6,4.7,No,Approved,11,2,3,21.0,Partial,Low,Yes,Planned,Joint,,Verified,No,Under Verification,No,Updated,82.7,Yes,,2,1,Pending,Approved,Pending,88.8,2505.19,3663.26,77.8,No,17.4,No,Yes,No,Yes,Not Required,3.89,2.19,1.41,Medium,Medium,Medium,IV,Loamy,Moderate,34.0,Low,SYNTHETIC_SIH26017_ENHANCED,Synthetic prototype dataset; added features are simulated and must not be represented as official parcel records.
LA-0222,West Bengal,Nadia,Railway,20.8,13,Mostly Paid,146,0,Full,42.3,68.9,95.4,Complete,Partially Completed,2,Compensation,0,0,19,26.076909,91.820069,synthetic_demo_district_center,Non-Green Zone,25.0,6.3,10.3,4.93,No,No,712.0,No,Approved,No,No,1391.4,2.9,2.49,2.32,2.56,1.98,Plain,Government,57.4,14.8,2.8,2.9,Yes,Pending,3,0,1,34.8,Partial,Low,No,Planned,Private,,Under Review,No,Under Verification,Yes,Updated,65.0,No,,2,2,Pending,Partially Approved,Issued,57.4,525.77,1010.56,13.4,No,10.2,No,Yes,No,No,Not Required,2.41,3.74,4.92,Low,Low,Low,II,Sandy,Moderate,36.4,Low,SYNTHETIC_SIH26017_ENHANCED,Synthetic prototype dataset; added features are simulated and must not be represented as official parcel records.
LA-0223,West Bengal,Darjeeling,Irrigation,13.0,7,Mostly Paid,54,4,Partial,79.2,60.6,58.1,Incomplete,Completed,5,Possession,0,1,144,23.43467,85.314628,synthetic_demo_district_center,Green Zone,1.3,11.4,8.9,7.86,No,Yes,238.0,Yes,Pending,No,No,1090.5,1.8,3.29,2.04,7.34,15.63,Plain,Agricultural,75.7,4.7,8.3,3.5,No,Not Required,3,1,1,86.8,Partial,Low,Yes,In Progress,Private,,Verified,No,Clear,No,Updated,87.6,No,,1,1,Not Required,Partially Approved,Issued,85.7,346.12,601.38,8.2,No,19.1,No,Yes,No,Yes,Not Required,1.31,7.83,1.14,Low,Medium,Low,III,Loamy,Good,44.2,Medium,SYNTHETIC_SIH26017_ENHANCED,Synthetic prototype dataset; added features are simulated and must not be represented as official parcel records.
LA-0224,Rajasthan,Udaipur,Airport,15.0,4,Partially Paid,51,0,Not Started,56.2,64.2,87.4,Complete,Completed,4,Possession,0,0,19,30.591089,75.729068,synthetic_demo_district_center,Green Zone,27.4,14.8,4.1,2.39,No,No,266.0,Yes,Pending,Yes,Yes,739.4,2.8,2.72,3.8,10.36,6.48,Plain,Agricultural,66.8,4.3,4.9,3.8,Yes,Pending,3,2,0,50.2,Disputed,Medium,Yes,Not Required,Joint,Confirmed,Issue Found,Yes,Clear,No,Pending,68.4,No,,5,2,Pending,Partially Approved,Issued,74.4,969.71,1861.56,16.8,No,16.9,No,Yes,No,No,In Progress,0.33,3.57,4.76,Low,High,Medium,IV,Black,Moderate,77.5,High,SYNTHETIC_SIH26017_ENHANCED,Synthetic prototype dataset; added features are simulated and must not be represented as official parcel records.
LA-0225,Karnataka,Bengaluru Urban,Railway,10.8,4,Partially Paid,14,1,Partial,85.3,,22.3,Incomplete,Completed,5,Possession,0,0,16,23.257765,77.291495,synthetic_demo_district_center,Non-Green Zone,14.3,3.6,11.8,2.08,No,No,451.0,No,Not Required,Yes,Yes,1713.8,0.3,3.08,10.31,8.17,7.53,Plain,Agricultural,44.7,5.6,1.3,3.0,Yes,Not Required,3,3,1,34.7,Pending,Low,Yes,Not Required,Government,Confirmed,Verified,No,Reported,No,Updated,69.3,No,,6,0,Not Required,Pending,Issued,74.7,483.08,1046.02,59.4,No,22.6,No,Yes,Yes,No,In Progress,2.05,2.42,2.52,Medium,Low,Low,II,Alluvial,Good,32.9,Low,SYNTHETIC_SIH26017_ENHANCED,Synthetic prototype dataset; added features are simulated and must not be represented as official parcel records.
LA-0226,Tamil Nadu,Chennai,Airport,13.6,7,Not Started,19,2,Mostly Obtained,88.2,84.3,75.0,Complete,Pending,1,Notification,1,0,0,28.324841,76.940565,synthetic_demo_district_center,Green Zone,11.1,5.9,6.9,11.08,No,No,244.0,Yes,Not Required,Yes,Yes,371.2,3.4,5.69,9.15,6.66,4.82,Plain,Residential,79.5,11.0,2.0,1.0,Yes,Pending,19,8,4,72.2,Pending,Medium,Yes,In Progress,Government,,Verified,No,Clear,No,Updated,93.9,No,,1,1,Not Required,Pending,Pending,99.6,3270.53,5450.05,35.3,No,0.3,No,Yes,Yes,Yes,Not Required,1.76,0.19,1.11,High,Medium,Medium,II,Sandy,Moderate,39.1,Low,SYNTHETIC_SIH26017_ENHANCED,Synthetic prototype dataset; added features are simulated and must not be represented as official parcel records.
LA-0227,Madhya Pradesh,Jabalpur,Highway,18.6,9,Partially Paid,94,0,Partial,16.8,42.8,46.9,Partially Complete,Pending,5,Closure,3,1,145,26.900313,75.82241,synthetic_demo_district_center,Non-Green Zone,16.5,6.8,12.6,5.3,No,Yes,542.0,No,Not Required,No,No,56.2,3.3,1.65,3.73,5.33,5.49,Plateau,Commercial,66.9,2.7,3.7,7.6,Yes,Approved,9,2,2,65.0,Pending,Low,Yes,Planned,Private,Confirmed,Under Review,No,Clear,No,Updated,63.8,No,,0,0,Completed,Pending,Issued,60.0,1886.98,2706.12,56.7,No,7.8,No,No,No,No,In Progress,0.19,0.79,5.74,Low,Low,Low,IV,Laterite,Poor,27.4,Low,SYNTHETIC_SIH26017_ENHANCED,Synthetic prototype dataset; added features are simulated and must not be represented as official parcel records.
LA-0228,Karnataka,Mangaluru,Highway,8.5,6,Mostly Paid,86,0,Partial,46.9,37.7,40.8,Partially Complete,Partially Completed,1,Compensation,4,0,4,19.242713,72.736012,synthetic_demo_district_center,Non-Green Zone,47.1,7.1,15.1,8.54,Yes,No,217.0,Yes,Approved,No,No,562.4,2.3,2.74,17.23,7.31,13.1,Plain,Agricultural,38.7,11.1,2.1,2.7,No,Approved,8,1,1,43.8,Obtained,Low,Yes,Not Required,Private,,Verified,No,Reported,No,Pending,57.6,Yes,,4,1,Completed,Approved,Issued,84.6,2380.15,4175.76,75.4,Yes,-2.0,No,Yes,Yes,Yes,Pending,2.99,3.79,13.57,Medium,Low,Low,III,Sandy,Poor,38.8,Low,SYNTHETIC_SIH26017_ENHANCED,Synthetic prototype dataset; added features are simulated and must not be represented as official parcel records.
LA-0229,Tamil Nadu,Coimbatore,Highway,24.8,16,Fully Paid,26,0,Not Started,57.1,85.6,75.8,Incomplete,Partially Completed,4,Notification,0,0,16,30.834029,75.839655,synthetic_demo_district_center,Non-Green Zone,27.3,10.0,7.4,25.08,No,No,209.0,No,Not Required,No,No,610.7,0.4,3.74,3.97,10.25,5.56,Plain,Agricultural,22.2,3.4,4.2,3.3,No,Not Required,7,3,0,64.1,Pending,Low,Yes,In Progress,Government,,Verified,No,Clear,No,Pending,71.6,No,,5,1,Not Required,Approved,Issued,85.7,1502.29,1662.16,46.0,Yes,-5.9,Yes,Yes,No,No,Pending,1.23,3.38,2.46,Low,High,Low,III,Laterite,Moderate,46.3,Medium,SYNTHETIC_SIH26017_ENHANCED,Synthetic prototype dataset; added features are simulated and must not be represented as official parcel records.
LA-0230,West Bengal,Nadia,Irrigation,48.3,24,Partially Paid,24,1,Mostly Obtained,29.7,92.0,71.0,Complete,Partially Completed,3,Possession,0,0,0,17.520136,78.429728,synthetic_demo_district_center,Non-Green Zone,36.4,4.7,12.2,10.54,No,No,341.0,No,Pending,Yes,Yes,1693.4,4.8,0.48,3.08,7.77,15.45,Plain,Residential,87.5,10.0,2.2,0.8,Yes,Not Required,8,1,1,51.7,Obtained,High,Yes,Not Required,Private,,Verified,No,Clear,No,Updated,88.4,No,,3,2,Pending,Approved,Issued,71.2,877.16,948.15,73.1,No,-14.7,Yes,Yes,No,Yes,Pending,3.21,2.26,5.38,Medium,Low,Low,IV,Red,Poor,53.9,Medium,SYNTHETIC_SIH26017_ENHANCED,Synthetic prototype dataset; added features are simulated and must not be represented as official parcel records.
LA-0231,Maharashtra,Pune,Power,12.4,8,Not Started,25,1,Mostly Obtained,34.5,74.2,61.5,Complete,Completed,2,Rehabilitation,0,1,123,12.946672,79.970808,synthetic_demo_district_center,Non-Green Zone,20.2,6.6,7.1,6.45,No,No,823.0,No,Not Required,No,No,1178.2,3.4,4.1,5.67,3.68,14.08,Plateau,Industrial,48.2,10.3,3.3,3.1,No,Not Required,8,0,2,88.0,Pending,Medium,No,Planned,Private,,Verified,No,Clear,No,Updated,76.2,No,,0,0,Not Required,Pending,Issued,89.4,1169.22,1362.71,28.5,No,9.3,No,Yes,No,No,Not Required,3.33,4.73,1.78,Low,Low,Low,III,Alluvial,Good,53.9,Medium,SYNTHETIC_SIH26017_ENHANCED,Synthetic prototype dataset; added features are simulated and must not be represented as official parcel records.
LA-0232,Uttar Pradesh,Lucknow,Highway,76.7,50,Fully Paid,65,3,Partial,76.7,70.4,47.6,Complete,Pending,5,Planning,1,0,15,27.111264,80.966007,synthetic_demo_district_center,Non-Green Zone,21.4,3.3,9.7,5.3,No,No,438.0,No,Pending,No,No,603.2,5.4,0.76,15.11,5.92,13.51,Plain,Residential,34.9,11.4,0.8,4.7,No,Not Required,3,1,1,85.6,Partial,Low,Yes,Not Required,Joint,,Verified,No,Clear,No,Not Available,85.0,No,,1,1,Pending,Pending,Pending,64.8,206.86,301.42,33.6,No,-14.5,No,No,No,Yes,Not Required,2.94,3.63,1.72,High,Medium,Medium,II,Sandy,Poor,72.8,High,SYNTHETIC_SIH26017_ENHANCED,Synthetic prototype dataset; added features are simulated and must not be represented as official parcel records.
LA-0233,Rajasthan,Kota,Metro,36.0,18,Partially Paid,60,2,Partial,56.7,26.4,71.7,Incomplete,Completed,6,Notification,0,1,191,13.041385,80.049546,synthetic_demo_district_center,Non-Green Zone,10.6,10.8,10.3,1.75,No,Yes,485.0,No,Not Required,No,No,982.4,15.9,2.75,2.14,7.75,2.13,Plateau,Industrial,73.2,0.3,9.1,3.6,Yes,Pending,4,0,1,35.8,Partial,Medium,No,Not Required,Private,,Verified,No,Reported,No,Updated,75.5,No,,2,1,Not Required,Approved,Issued,75.0,1377.17,2965.74,77.9,No,-11.6,Yes,Yes,Yes,Yes,Pending,3.51,1.01,1.31,Medium,Low,Low,II,Black,Poor,39.9,Low,SYNTHETIC_SIH26017_ENHANCED,Synthetic prototype dataset; added features are simulated and must not be represented as official parcel records.
LA-0234,Uttar Pradesh,Kanpur Nagar,Industrial,53.1,28,Fully Paid,39,0,Not Started,,39.0,35.8,Complete,Completed,1,Rehabilitation,1,1,99,10.138824,76.439703,synthetic_demo_district_center,Non-Green Zone,52.1,10.0,12.0,7.62,No,No,335.0,No,Not Required,No,No,1590.3,3.4,1.17,15.26,6.6,2.54,Plain,Agricultural,48.4,4.1,6.8,2.6,No,Pending,5,1,1,53.2,Partial,Low,Yes,Not Required,Government,,Verified,No,Clear,No,Updated,96.9,No,,0,0,Completed,Pending,Pending,78.4,1904.49,2336.09,64.5,No,2.8,No,Yes,No,No,Pending,1.73,1.93,10.15,High,Medium,Medium,IV,Loamy,Good,39.4,Low,SYNTHETIC_SIH26017_ENHANCED,Synthetic prototype dataset; added features are simulated and must not be represented as official parcel records.
LA-0235,Bihar,Nalanda,Highway,15.0,8,Mostly Paid,33,1,Partial,49.2,88.6,68.9,Incomplete,Partially Completed,6,Possession,2,0,22,30.289813,77.929419,synthetic_demo_district_center,Green Zone,15.3,6.8,18.9,9.05,No,No,206.0,Yes,Not Required,No,No,729.0,5.9,3.79,7.1,9.0,5.69,Plain,Agricultural,60.2,4.2,1.0,5.9,No,Not Required,6,2,1,91.9,Obtained,Low,Yes,Not Required,Joint,Possible,Under Review,No,Clear,No,Pending,91.2,No,,2,2,Completed,Pending,Issued,61.0,1055.06,2271.86,93.0,No,17.1,No,Yes,Yes,No,Pending,1.05,1.69,3.35,High,Low,Low,IV,Laterite,Moderate,55.1,Medium,SYNTHETIC_SIH26017_ENHANCED,Synthetic prototype dataset; added features are simulated and must not be represented as official parcel records.
LA-0236,Bihar,Patna,Irrigation,46.6,16,Partially Paid,26,1,Not Started,45.0,60.0,96.5,Complete,Completed,4,Compensation,0,0,19,25.824105,84.954441,synthetic_demo_district_center,Green Zone,17.7,6.7,12.3,0.89,No,No,173.0,Yes,Not Required,No,No,999.3,1.8,1.08,6.09,6.12,22.7,Plateau,Industrial,76.3,11.2,1.0,9.0,No,Pending,2,4,0,87.8,Obtained,Low,Yes,Not Required,Private,,Under Review,No,Clear,No,Updated,77.7,No,,0,0,Not Required,Pending,Pending,79.6,674.71,1114.0,62.2,No,0.1,No,Yes,Yes,No,In Progress,6.09,1.81,4.09,Medium,Low,Low,II,Alluvial,Good,31.6,Low,SYNTHETIC_SIH26017_ENHANCED,Synthetic prototype dataset; added features are simulated and must not be represented as official parcel records.
LA-0237,Karnataka,Belagavi,Irrigation,10.8,6,Partially Paid,138,2,Partial,21.9,62.4,48.3,Complete,Partially Completed,6,Closure,3,0,3,28.409591,77.040129,synthetic_demo_district_center,Non-Green Zone,26.9,1.7,12.3,3.89,No,No,1058.0,No,Not Required,No,No,353.1,2.2,3.61,3.32,19.22,13.47,Coastal,Agricultural,88.8,10.2,2.9,0.1,No,Approved,5,2,2,96.1,Obtained,High,Yes,Not Required,Private,,Verified,No,Clear,No,Pending,77.3,No,,3,2,Completed,Approved,Pending,80.2,255.41,271.11,36.1,No,22.1,No,Yes,No,No,Pending,1.28,1.68,3.94,Low,Low,Low,II,Loamy,Good,39.0,Low,SYNTHETIC_SIH26017_ENHANCED,Synthetic prototype dataset; added features are simulated and must not be represented as official parcel records.
LA-0238,West Bengal,Kolkata,Metro,47.8,22,Mostly Paid,8,0,Partial,55.5,47.4,61.4,Complete,Completed,6,Planning,1,0,2,20.289652,85.821152,synthetic_demo_district_center,Non-Green Zone,23.0,5.4,19.9,0.1,No,Yes,430.0,No,Pending,Yes,Yes,1298.2,0.7,2.57,6.73,4.29,2.84,Plain,Agricultural,59.6,9.9,0.1,4.4,Yes,Not Required,5,3,3,86.5,Partial,Medium,Yes,Not Required,Private,,Verified,No,Clear,No,Updated,90.2,No,,6,4,Not Required,Partially Approved,Issued,53.0,3196.84,3336.87,52.6,No,11.7,Yes,Yes,Yes,Yes,Not Required,0.82,2.12,0.33,Low,Medium,High,II,Laterite,Good,85.5,High,SYNTHETIC_SIH26017_ENHANCED,Synthetic prototype dataset; added features are simulated and must not be represented as official parcel records.
LA-0239,West Bengal,Howrah,Airport,27.9,11,Not Started,22,3,Full,50.8,64.7,66.0,Partially Complete,Partially Completed,4,Possession,1,0,0,26.83177,80.994751,synthetic_demo_district_center,Green Zone,22.8,3.4,1.7,5.45,No,No,894.0,Yes,Approved,No,No,1264.5,0.6,4.01,9.97,6.21,7.45,Hilly,Government,25.0,14.7,2.3,0.9,No,Pending,17,7,3,67.1,Obtained,Medium,Yes,In Progress,Private,,Under Review,No,Clear,No,Updated,74.4,No,,0,0,Pending,Partially Approved,Issued,66.6,3000.34,6058.68,9.8,No,1.6,No,No,Yes,Yes,Not Required,0.74,0.74,0.88,Low,Low,Medium,IV,Laterite,Moderate,44.2,Medium,SYNTHETIC_SIH26017_ENHANCED,Synthetic prototype dataset; added features are simulated and must not be represented as official parcel records.
LA-0240,Madhya Pradesh,Jabalpur,Railway,37.1,18,,37,0,Not Started,11.4,94.3,71.1,Partially Complete,Completed,3,Compensation,0,1,234,26.773444,75.859596,synthetic_demo_district_center,Green Zone,11.3,3.9,29.5,11.21,No,No,688.0,Yes,Pending,No,No,1330.6,1.5,1.6,14.97,4.54,34.16,Plain,Agricultural,58.4,16.9,7.7,1.2,No,Pending,25,7,6,51.1,Obtained,High,Yes,Not Required,Government,Confirmed,Under Review,No,Clear,No,Pending,85.3,No,,4,0,Completed,Approved,Pending,91.5,7698.64,11754.57,67.6,No,7.8,No,No,Yes,No,Completed,1.71,5.42,6.37,High,Low,Low,III,Red,Good,38.2,Low,SYNTHETIC_SIH26017_ENHANCED,Synthetic prototype dataset; added features are simulated and must not be represented as official parcel records.
LA-0241,Madhya Pradesh,Indore,Airport,10.2,7,Partially Paid,6,0,Mostly Obtained,81.8,78.5,60.4,Complete,Completed,6,Planning,2,0,12,22.77325,88.321899,synthetic_demo_district_center,Non-Green Zone,14.6,19.2,15.0,10.44,No,Yes,1520.0,No,Pending,No,No,1325.1,8.7,3.6,3.33,7.41,11.9,Plain,Wasteland,43.4,3.8,1.9,3.6,No,Approved,21,3,5,40.4,Obtained,Low,Yes,Not Required,Private,,Issue Found,Yes,Clear,Yes,Pending,96.4,No,,6,4,Completed,Pending,Issued,73.0,2276.38,3702.72,76.1,No,33.6,No,No,No,Yes,In Progress,1.75,3.28,2.34,Medium,Low,Low,III,Black,Moderate,65.7,Medium,SYNTHETIC_SIH26017_ENHANCED,Synthetic prototype dataset; added features are simulated and must not be represented as official parcel records.
LA-0242,Madhya Pradesh,Bhopal,Power,12.5,8,Fully Paid,18,1,Partial,29.4,72.6,43.0,Incomplete,Completed,6,Notification,2,0,31,23.382402,85.466151,synthetic_demo_district_center,Non-Green Zone,3.4,12.7,17.6,1.83,No,No,434.0,No,Not Required,No,No,536.2,5.3,5.29,6.2,7.02,2.89,Plain,Wasteland,58.6,2.4,1.2,4.4,No,Pending,32,13,3,55.5,Pending,Low,Yes,Not Required,Joint,,Verified,No,Clear,No,Updated,58.9,No,Pending,4,2,Not Required,Approved,Issued,88.5,1878.75,4107.64,41.1,Yes,-8.7,Yes,Yes,No,No,Completed,1.71,4.25,1.44,Low,Low,Medium,IV,Red,Poor,48.2,Medium,SYNTHETIC_SIH26017_ENHANCED,Synthetic prototype dataset; added features are simulated and must not be represented as official parcel records.
LA-0243,Maharashtra,Pune,Industrial,38.4,13,Mostly Paid,115,0,Partial,68.5,37.4,64.5,Complete,Completed,6,Possession,2,0,10,12.947865,77.70269,synthetic_demo_district_center,Non-Green Zone,48.4,3.9,16.2,4.43,No,No,275.0,No,Not Required,No,No,622.7,5.0,0.51,7.14,7.34,9.91,Hilly,Agricultural,55.6,3.4,3.0,1.0,Yes,Not Required,6,5,3,49.3,Pending,Low,Yes,Not Required,Private,,Verified,No,Clear,No,Updated,88.9,No,,6,0,Completed,Partially Approved,Issued,70.4,2104.8,2479.0,26.3,No,-10.3,No,Yes,No,No,In Progress,2.46,2.38,3.39,Low,Low,Medium,III,Alluvial,Moderate,36.4,Low,SYNTHETIC_SIH26017_ENHANCED,Synthetic prototype dataset; added features are simulated and must not be represented as official parcel records.
LA-0244,Odisha,Sambalpur,Highway,12.0,5,Not Started,58,0,Full,55.4,79.8,55.8,Partially Complete,Completed,4,Planning,3,0,15,9.866154,76.480747,synthetic_demo_district_center,Non-Green Zone,19.1,4.9,12.5,7.41,No,No,468.0,No,Not Required,No,No,1700.5,4.5,0.51,0.83,12.77,13.93,Plain,Residential,80.6,6.5,2.7,1.8,No,Not Required,9,9,2,38.2,Pending,Low,Yes,In Progress,Private,,Under Review,No,Clear,No,Pending,72.1,No,,5,0,Completed,Pending,Pending,72.1,2388.04,4500.8,76.9,No,23.5,No,Yes,Yes,No,In Progress,2.64,1.95,1.79,Low,Medium,Medium,II,Alluvial,Moderate,47.6,Medium,SYNTHETIC_SIH26017_ENHANCED,Synthetic prototype dataset; added features are simulated and must not be represented as official parcel records.
LA-0245,Gujarat,Vadodara,Irrigation,34.7,13,Mostly Paid,18,0,Partial,30.8,71.3,89.0,Partially Complete,Partially Completed,6,Possession,1,0,21,22.547189,88.450009,synthetic_demo_district_center,Buffer Zone,25.8,3.1,16.1,7.25,No,No,555.0,No,Approved,Yes,Yes,29.1,1.9,2.77,2.0,9.12,2.71,Hilly,Agricultural,68.2,5.9,0.3,1.6,No,Approved,6,2,4,84.6,Partial,Medium,Yes,Completed,Private,Possible,Verified,No,Under Verification,No,Not Available,60.0,No,,0,0,Completed,Approved,Issued,62.4,2251.02,3761.22,45.7,No,26.0,No,Yes,Yes,No,In Progress,1.21,5.05,8.33,High,High,Low,II,Alluvial,Moderate,43.2,Medium,SYNTHETIC_SIH26017_ENHANCED,Synthetic prototype dataset; added features are simulated and must not be represented as official parcel records.
LA-0246,Odisha,Puri,Railway,8.8,6,Mostly Paid,18,1,Not Started,67.2,65.5,69.6,Complete,Pending,4,Closure,1,0,28,25.444125,85.182607,synthetic_demo_district_center,Non-Green Zone,6.1,9.0,21.5,2.72,No,No,740.0,No,Pending,No,No,1019.6,1.5,0.8,3.27,4.9,20.72,Plain,Industrial,80.1,3.2,0.4,0.8,No,Not Required,6,1,1,23.7,Obtained,Low,Yes,Not Required,Private,,Verified,No,Clear,No,Updated,95.9,No,Pending,3,1,Completed,Pending,Issued,85.9,1273.81,2253.35,95.7,Yes,31.3,No,No,Yes,No,Not Required,1.51,2.25,4.41,Medium,Low,Medium,III,Sandy,Good,43.3,Medium,SYNTHETIC_SIH26017_ENHANCED,Synthetic prototype dataset; added features are simulated and must not be represented as official parcel records.
LA-0247,Uttar Pradesh,Agra,Highway,46.3,24,Mostly Paid,8,2,Mostly Obtained,65.5,50.5,33.5,Complete,Completed,3,Rehabilitation,1,0,17,10.130916,76.214532,synthetic_demo_district_center,Green Zone,13.3,3.3,12.2,0.59,Yes,No,138.0,Yes,Pending,Yes,Yes,1045.2,2.8,1.14,2.3,7.18,1.77,Plain,Residential,58.3,11.9,0.7,1.8,No,Pending,7,5,1,35.2,Obtained,Low,Yes,Not Required,Private,Possible,Under Review,No,Clear,No,Updated,76.5,No,,4,2,Completed,Partially Approved,Pending,58.1,3557.81,7815.99,79.5,No,-14.5,Yes,Yes,No,Yes,Not Required,2.46,5.35,2.91,Medium,High,Low,IV,Black,Moderate,45.2,Medium,SYNTHETIC_SIH26017_ENHANCED,Synthetic prototype dataset; added features are simulated and must not be represented as official parcel records.
LA-0248,Odisha,Ganjam,Highway,9.7,3,Partially Paid,20,3,Partial,30.0,53.2,84.9,Complete,Completed,4,Compensation,1,0,12,26.946215,80.976888,synthetic_demo_district_center,Buffer Zone,21.2,11.0,22.7,2.28,No,No,432.0,No,Not Required,Yes,Yes,173.8,6.9,1.52,3.31,6.83,5.86,Coastal,Commercial,92.4,2.7,7.2,1.5,No,Not Required,14,5,3,51.4,Partial,Medium,Yes,Planned,Private,Possible,Verified,No,Clear,No,Updated,90.2,No,,4,4,Pending,Partially Approved,Pending,86.0,4093.46,7696.07,14.3,No,26.0,No,Yes,Yes,No,Completed,1.17,3.19,3.58,Low,High,Low,III,Alluvial,Moderate,49.4,Medium,SYNTHETIC_SIH26017_ENHANCED,Synthetic prototype dataset; added features are simulated and must not be represented as official parcel records.
LA-0249,Maharashtra,Nagpur,Industrial,37.1,17,Mostly Paid,45,0,Not Started,48.3,15.5,68.5,Complete,Completed,6,Notification,2,1,135,31.111993,77.169442,synthetic_demo_district_center,Non-Green Zone,30.6,6.3,5.6,3.15,No,No,582.0,No,Not Required,No,No,1617.3,3.5,5.2,11.03,4.05,4.69,Plain,Agricultural,51.9,11.2,2.2,3.0,Yes,Approved,5,4,1,26.2,Pending,High,Yes,Not Required,Private,,Verified,No,Clear,No,Updated,75.8,No,,2,2,Completed,Partially Approved,Pending,91.9,1538.46,3384.45,53.5,No,2.9,No,Yes,Yes,No,Pending,2.55,1.55,3.3,Low,Low,Low,II,Laterite,Moderate,38.6,Low,SYNTHETIC_SIH26017_ENHANCED,Synthetic prototype dataset; added features are simulated and must not be represented as official parcel records.
LA-0250,Uttar Pradesh,Meerut,Metro,39.2,19,Fully Paid,39,0,Partial,69.0,8.2,74.2,Incomplete,Completed,1,Compensation,1,0,2,16.415196,80.829825,synthetic_demo_district_center,Non-Green Zone,8.8,11.5,11.7,0.81,Yes,No,588.0,Yes,Not Required,No,No,500.3,19.0,0.8,14.4,5.16,19.46,Plateau,Agricultural,52.6,2.9,0.9,1.9,No,Pending,4,2,0,56.2,Obtained,Medium,Yes,Not Required,Private,Possible,Verified,No,Clear,No,Not Available,87.0,No,,0,0,Completed,Partially Approved,Issued,51.2,3283.1,4768.72,12.0,Yes,-9.8,No,Yes,Yes,No,Pending,1.32,2.84,0.51,High,High,Low,III,Loamy,Moderate,44.3,Medium,SYNTHETIC_SIH26017_ENHANCED,Synthetic prototype dataset; added features are simulated and must not be represented as official parcel records.
LA-0251,Odisha,Cuttack,Power,14.5,10,Not Started,21,2,Partial,60.2,95.3,56.9,Incomplete,Pending,6,Compensation,1,0,8,26.032684,91.706353,synthetic_demo_district_center,Non-Green Zone,32.8,4.0,28.2,1.55,No,No,714.0,No,Pending,No,No,1077.7,2.4,0.35,8.56,5.03,22.92,Plain,Agricultural,48.3,7.1,3.3,1.2,No,Not Required,8,0,5,44.8,Obtained,Low,No,Not Required,Private,,Under Review,No,Reported,No,Not Available,87.9,No,,4,0,Not Required,Pending,Issued,83.1,2392.48,3338.3,78.6,No,-3.6,No,Yes,Yes,No,In Progress,1.41,1.4,9.64,Low,Low,Low,II,Black,Good,45.8,Medium,SYNTHETIC_SIH26017_ENHANCED,Synthetic prototype dataset; added features are simulated and must not be represented as official parcel records.
LA-0252,Maharashtra,Nashik,Irrigation,38.0,17,Partially Paid,13,0,Mostly Obtained,37.8,53.6,58.5,Partially Complete,Completed,5,Closure,1,1,121,20.448326,85.820774,synthetic_demo_district_center,Non-Green Zone,18.3,18.2,22.8,5.78,No,No,213.0,No,Not Required,No,No,837.0,1.4,1.9,2.17,19.55,3.25,Plain,Wasteland,73.1,23.4,6.9,2.9,No,Not Required,5,3,2,84.3,Partial,Medium,Yes,Completed,Private,Confirmed,Under Review,No,Clear,No,Pending,63.0,No,,1,1,Pending,Partially Approved,Issued,55.4,2592.78,4380.02,48.9,No,13.1,Yes,Yes,Yes,No,In Progress,2.0,5.3,1.46,Low,Low,Low,III,Black,Good,34.4,Low,SYNTHETIC_SIH26017_ENHANCED,Synthetic prototype dataset; added features are simulated and must not be represented as official parcel records.
LA-0253,Gujarat,Bhavnagar,Highway,29.8,14,Partially Paid,25,0,Not Started,23.2,66.5,61.7,Partially Complete,Pending,5,Closure,2,1,127,20.336779,85.717464,synthetic_demo_district_center,Buffer Zone,23.2,7.7,16.4,3.32,No,No,203.0,No,Not Required,No,No,538.2,3.4,6.46,2.92,7.01,17.24,Plain,Government,62.3,5.8,5.2,2.4,No,Not Required,23,8,4,30.7,Partial,Medium,Yes,Planned,Private,,Under Review,No,Clear,No,Updated,91.1,No,,0,0,Completed,Pending,Issued,62.5,2431.05,2932.82,29.3,No,27.5,No,Yes,Yes,No,In Progress,1.23,0.31,1.9,Low,High,Medium,III,Loamy,Good,30.0,Low,SYNTHETIC_SIH26017_ENHANCED,Synthetic prototype dataset; added features are simulated and must not be represented as official parcel records.
LA-0254,Odisha,Ganjam,Power,16.4,9,Partially Paid,25,1,Partial,16.3,53.7,57.7,Complete,Completed,1,Compensation,0,0,8,23.334473,85.452536,synthetic_demo_district_center,Non-Green Zone,15.3,3.4,14.8,5.81,Yes,No,230.0,Yes,Not Required,Yes,Yes,39.2,1.7,8.43,11.11,7.94,5.21,Plain,Agricultural,61.4,4.2,1.9,4.6,Yes,Pending,4,1,1,81.1,Obtained,Low,Yes,Planned,Joint,,Verified,No,Clear,No,Updated,57.1,No,,0,0,Not Required,Approved,Issued,75.3,1012.04,2081.07,42.6,Yes,-12.8,No,Yes,Yes,No,Not Required,1.51,0.33,3.18,Low,High,Medium,III,Sandy,Good,46.9,Medium,SYNTHETIC_SIH26017_ENHANCED,Synthetic prototype dataset; added features are simulated and must not be represented as official parcel records.
LA-0255,Maharashtra,Thane,Highway,11.5,7,Partially Paid,53,1,Partial,43.9,73.3,65.3,Complete,,5,Notification,0,0,23,26.126879,91.797798,synthetic_demo_district_center,Non-Green Zone,32.1,16.3,22.1,5.35,Yes,No,438.0,Yes,Not Required,No,No,381.9,0.9,4.88,6.79,6.39,4.75,Plateau,Government,82.1,6.0,1.3,0.8,No,Not Required,17,6,2,34.7,Pending,Medium,Yes,Not Required,Private,,Verified,No,Clear,No,Updated,56.0,No,,5,5,Pending,Approved,Issued,67.2,2904.83,5798.91,2.9,No,23.5,No,Yes,Yes,No,In Progress,1.4,1.28,2.21,High,Low,High,II,Loamy,Good,25.1,Low,SYNTHETIC_SIH26017_ENHANCED,Synthetic prototype dataset; added features are simulated and must not be represented as official parcel records.
LA-0256,Madhya Pradesh,Jabalpur,Irrigation,5.6,3,Fully Paid,35,0,Partial,38.5,80.2,53.2,Partially Complete,Pending,6,Closure,0,1,28,20.353337,85.690247,synthetic_demo_district_center,Non-Green Zone,38.9,8.4,4.6,3.59,No,No,806.0,No,Not Required,Yes,Yes,718.3,3.6,0.78,3.96,5.0,5.35,Plateau,Government,73.3,3.0,5.6,1.6,No,Not Required,5,0,1,97.3,Obtained,Medium,No,Not Required,Private,,Under Review,No,Clear,No,Pending,71.8,No,,1,1,Completed,Approved,Pending,55.0,862.92,1475.55,91.7,No,-1.6,No,Yes,No,No,Pending,1.3,1.01,2.37,Low,Low,Medium,III,Black,Poor,43.9,Medium,SYNTHETIC_SIH26017_ENHANCED,Synthetic prototype dataset; added features are simulated and must not be represented as official parcel records.
LA-0257,West Bengal,Darjeeling,Irrigation,31.9,19,Fully Paid,32,0,Full,28.9,86.8,96.5,Partially Complete,Completed,4,Rehabilitation,2,0,24,26.800851,80.908212,synthetic_demo_district_center,Non-Green Zone,36.4,8.5,15.2,18.45,No,No,783.0,No,Pending,Yes,Yes,1273.3,0.4,0.38,19.27,13.34,31.01,Plain,Agricultural,89.1,14.9,2.5,2.2,Yes,Pending,1,0,0,79.6,Obtained,High,No,Not Required,Private,,Verified,No,Under Verification,No,Pending,88.9,No,,4,4,Completed,Approved,Issued,88.2,806.79,1073.94,19.1,Yes,19.1,No,No,Yes,No,Completed,4.14,5.88,3.25,Medium,Medium,Medium,IV,Black,Moderate,44.0,Medium,SYNTHETIC_SIH26017_ENHANCED,Synthetic prototype dataset; added features are simulated and must not be represented as official parcel records.
LA-0258,Madhya Pradesh,Ujjain,Industrial,7.6,4,Partially Paid,69,0,Not Started,47.7,69.1,47.5,Partially Complete,Partially Completed,6,Possession,3,0,19,30.537109,78.076806,synthetic_demo_district_center,Non-Green Zone,12.6,14.5,11.5,0.79,No,No,946.0,No,Not Required,No,No,1176.1,0.9,1.24,13.8,1.62,9.18,Plain,Agricultural,51.1,12.5,3.0,0.7,No,Approved,18,4,6,99.0,Obtained,Medium,Yes,In Progress,Joint,,Under Review,No,Under Verification,No,Not Available,65.7,No,,1,1,Not Required,Approved,Pending,99.1,5644.36,11683.12,64.3,No,14.1,No,Yes,Yes,Yes,Completed,3.76,0.23,1.25,Low,Low,Low,III,Red,Moderate,36.0,Low,SYNTHETIC_SIH26017_ENHANCED,Synthetic prototype dataset; added features are simulated and must not be represented as official parcel records.
LA-0259,West Bengal,Kolkata,Power,26.4,10,Mostly Paid,86,0,Full,50.8,32.3,39.9,Partially Complete,Pending,5,Compensation,0,0,18,31.042802,77.199065,synthetic_demo_district_center,Non-Green Zone,7.0,3.8,8.1,8.5,No,No,225.0,No,Not Required,No,No,1220.8,1.8,0.2,4.09,7.23,5.06,Plain,Commercial,60.9,6.4,4.0,2.7,No,Approved,15,10,2,99.4,Disputed,Low,Yes,Completed,Private,,Verified,No,Clear,No,Pending,74.8,No,,1,1,Completed,Partially Approved,Issued,87.6,1863.8,4071.83,75.8,No,26.6,No,No,Yes,Yes,In Progress,3.17,3.12,2.46,Medium,Low,High,III,Loamy,Good,49.7,Medium,SYNTHETIC_SIH26017_ENHANCED,Synthetic prototype dataset; added features are simulated and must not be represented as official parcel records.
LA-0260,Rajasthan,Jodhpur,Railway,20.1,13,Mostly Paid,39,0,Mostly Obtained,55.3,39.4,60.2,Complete,Pending,5,Compensation,0,0,22,30.259052,77.838274,synthetic_demo_district_center,Non-Green Zone,35.8,4.1,20.2,2.08,No,No,226.0,No,Not Required,No,No,1652.6,1.3,5.86,1.22,1.1,13.75,Plain,Commercial,42.1,16.2,2.4,1.3,Yes,Not Required,2,1,1,43.0,Partial,Low,Yes,Not Required,Government,,Issue Found,Yes,Clear,No,Updated,58.9,No,Disposed,2,2,Not Required,Approved,Pending,69.2,1274.81,1903.38,73.4,No,28.0,No,Yes,No,Yes,In Progress,2.28,0.53,0.56,Low,Medium,Medium,IV,Loamy,Moderate,47.3,Medium,SYNTHETIC_SIH26017_ENHANCED,Synthetic prototype dataset; added features are simulated and must not be represented as official parcel records.
LA-0261,Rajasthan,Udaipur,Metro,40.8,13,Mostly Paid,40,0,Full,28.3,39.2,72.9,Complete,Completed,4,Closure,3,0,20,23.136853,77.255702,synthetic_demo_district_center,Green Zone,19.5,15.1,18.7,1.07,No,No,1217.0,Yes,Approved,No,No,584.1,9.8,2.52,7.69,1.74,5.78,Plain,Agricultural,32.2,10.4,2.1,0.8,No,Not Required,1,1,0,28.2,Obtained,Low,Yes,In Progress,Private,,Verified,No,Clear,No,Pending,80.7,No,,5,5,Completed,Approved,Issued,67.3,160.83,201.35,47.6,No,20.1,No,Yes,No,No,Not Required,2.81,5.8,1.33,Low,Medium,High,V,Black,Good,41.3,Medium,SYNTHETIC_SIH26017_ENHANCED,Synthetic prototype dataset; added features are simulated and must not be represented as official parcel records.
LA-0262,Rajasthan,Udaipur,Irrigation,19.6,11,Mostly Paid,27,0,Partial,47.9,91.5,43.6,Partially Complete,Partially Completed,5,Notification,2,0,23,25.629188,85.328071,synthetic_demo_district_center,Non-Green Zone,3.4,6.1,22.3,6.28,No,No,893.0,No,Not Required,No,No,1704.5,4.3,5.0,5.4,8.31,11.15,Plain,Agricultural,58.0,10.7,3.9,4.4,No,Not Required,5,1,3,29.4,Pending,Low,Yes,Not Required,Private,,Verified,No,Under Verification,No,Pending,94.0,No,,6,5,Not Required,Approved,Pending,94.9,1087.95,2174.65,15.9,No,-13.5,Yes,Yes,No,No,Completed,0.71,4.94,1.0,Low,Medium,Low,IV,Loamy,Good,37.5,Low,SYNTHETIC_SIH26017_ENHANCED,Synthetic prototype dataset; added features are simulated and must not be represented as official parcel records.
LA-0263,Gujarat,Vadodara,Metro,19.2,6,Partially Paid,14,0,Partial,38.5,17.6,40.7,Complete,Pending,4,Rehabilitation,0,0,33,31.215789,77.190976,synthetic_demo_district_center,Non-Green Zone,33.1,21.9,23.2,3.13,No,No,146.0,No,Pending,Yes,Yes,1288.8,1.7,1.12,3.0,13.39,1.08,Plain,Residential,76.6,10.1,4.3,1.4,No,Not Required,2,0,0,60.1,Disputed,Low,No,Not Required,Private,,Verified,No,Clear,No,Updated,57.1,No,Pending,0,0,Not Required,Pending,Issued,74.4,453.8,655.72,26.9,No,-7.7,No,Yes,Yes,Yes,Not Required,1.32,2.55,1.29,Low,Medium,Low,III,Laterite,Moderate,44.4,Medium,SYNTHETIC_SIH26017_ENHANCED,Synthetic prototype dataset; added features are simulated and must not be represented as official parcel records.
LA-0264,Madhya Pradesh,Indore,Railway,42.5,25,Mostly Paid,56,1,Full,89.5,68.3,28.8,Partially Complete,Completed,3,Planning,1,0,28,26.007766,91.896507,synthetic_demo_district_center,Non-Green Zone,23.1,9.7,6.9,12.03,No,No,221.0,No,Pending,Yes,Yes,62.6,0.4,1.53,6.86,4.69,9.79,Hilly,Agricultural,33.0,5.6,2.6,3.7,Yes,Pending,1,1,0,25.1,Obtained,Low,Yes,Not Required,Private,,Under Review,No,Clear,No,Updated,97.7,No,,0,0,Completed,Approved,Issued,79.6,216.4,360.03,53.5,No,28.8,Yes,Yes,Yes,No,Not Required,0.1,3.52,3.74,Medium,Low,Medium,III,Laterite,Good,50.0,Medium,SYNTHETIC_SIH26017_ENHANCED,Synthetic prototype dataset; added features are simulated and must not be represented as official parcel records.
LA-0265,West Bengal,Nadia,Metro,31.5,18,Mostly Paid,48,2,Full,51.5,67.7,18.8,Complete,Completed,6,Closure,0,0,17,31.100809,77.432956,synthetic_demo_district_center,Non-Green Zone,10.0,13.5,7.3,0.8,No,No,872.0,No,Not Required,Yes,Yes,1664.8,2.7,4.38,0.65,6.36,5.35,Plateau,Agricultural,58.0,10.4,6.0,2.3,No,Approved,5,2,0,92.2,Pending,Low,Yes,Not Required,Private,,Verified,No,Clear,No,Updated,60.1,No,,4,4,Not Required,Partially Approved,Pending,87.3,1567.07,2155.59,88.1,No,19.8,No,Yes,Yes,No,Not Required,0.53,2.97,4.88,Medium,Low,Medium,III,Sandy,Moderate,41.3,Medium,SYNTHETIC_SIH26017_ENHANCED,Synthetic prototype dataset; added features are simulated and must not be represented as official parcel records.
LA-0266,Maharashtra,Nashik,Irrigation,31.1,11,Fully Paid,29,1,Partial,48.7,23.2,60.3,Complete,Completed,3,Possession,0,0,8,26.789264,80.957419,synthetic_demo_district_center,Non-Green Zone,12.7,2.1,16.7,0.4,No,No,246.0,No,Not Required,No,No,137.2,0.6,0.6,2.03,7.64,4.37,Coastal,Residential,53.8,8.6,1.7,1.1,No,Not Required,15,12,5,62.0,Obtained,Medium,Yes,Completed,Joint,Possible,Verified,No,Under Verification,No,Updated,85.0,Yes,,2,1,Not Required,Approved,Issued,52.2,1114.21,1428.32,79.9,No,20.0,No,Yes,No,Yes,Pending,3.0,1.79,1.63,Medium,Low,Low,II,Alluvial,Good,28.6,Low,SYNTHETIC_SIH26017_ENHANCED,Synthetic prototype dataset; added features are simulated and must not be represented as official parcel records.
LA-0267,Uttar Pradesh,Lucknow,Railway,34.9,18,Fully Paid,35,3,Partial,44.6,39.1,40.5,Complete,Completed,5,Notification,2,0,16,22.724954,88.429533,synthetic_demo_district_center,Green Zone,28.7,12.8,14.2,18.18,No,Yes,396.0,Yes,Pending,No,No,1728.6,0.5,1.57,7.96,2.88,14.97,Plateau,Agricultural,45.8,11.8,1.6,4.1,Yes,Not Required,12,4,1,40.6,Disputed,Medium,Yes,Completed,Joint,,Verified,No,Clear,No,Not Available,96.3,No,,1,1,Not Required,Pending,Pending,64.5,2351.38,4712.07,82.3,Yes,13.4,Yes,Yes,No,No,Not Required,4.03,4.67,3.6,Low,Low,Low,IV,Laterite,Moderate,77.9,High,SYNTHETIC_SIH26017_ENHANCED,Synthetic prototype dataset; added features are simulated and must not be represented as official parcel records.
LA-0268,Maharashtra,Thane,Highway,7.8,7,Partially Paid,66,0,Partial,80.3,71.9,69.1,Partially Complete,Partially Completed,3,Planning,2,0,0,30.928962,75.853622,synthetic_demo_district_center,Buffer Zone,11.6,4.1,9.1,2.67,No,No,1553.0,No,Not Required,No,No,1255.8,8.2,1.58,0.53,19.55,12.2,Plain,Agricultural,84.1,8.5,3.5,5.1,No,Not Required,5,1,0,35.5,Partial,Medium,Yes,Not Required,Government,,Verified,No,Clear,No,Updated,56.1,Yes,,0,0,Completed,Pending,Issued,57.2,639.38,1250.58,91.1,No,4.5,No,Yes,Yes,No,Completed,0.58,0.54,1.26,Low,Medium,Low,III,Red,Good,48.0,Medium,SYNTHETIC_SIH26017_ENHANCED,Synthetic prototype dataset; added features are simulated and must not be represented as official parcel records.
LA-0269,Uttar Pradesh,Meerut,Power,43.3,19,Not Started,73,0,Full,52.2,49.3,75.0,Partially Complete,Completed,5,Possession,3,1,157,30.804809,75.736399,synthetic_demo_district_center,Green Zone,3.0,2.9,9.0,3.35,Yes,No,124.0,Yes,Approved,No,No,99.5,2.7,3.76,7.36,27.21,11.12,Plain,Wasteland,38.8,1.0,2.0,2.6,No,Approved,10,4,3,62.2,Partial,Medium,Yes,Completed,Private,,Verified,No,Clear,No,Updated,76.1,Yes,,3,3,Completed,Approved,Issued,51.1,1338.57,2328.24,51.1,No,-7.1,No,Yes,No,Yes,In Progress,2.43,3.73,7.2,Low,Low,Low,IV,Laterite,Moderate,30.3,Low,SYNTHETIC_SIH26017_ENHANCED,Synthetic prototype dataset; added features are simulated and must not be represented as official parcel records.
LA-0270,Bihar,Patna,Irrigation,38.8,20,Fully Paid,1,1,Partial,82.8,72.8,48.7,Complete,Partially Completed,3,Notification,1,0,1,25.887082,91.712315,synthetic_demo_district_center,Non-Green Zone,12.8,6.7,9.9,5.35,No,Yes,782.0,No,Pending,Yes,Yes,1219.6,8.5,0.38,2.73,37.0,2.74,Plain,Agricultural,60.8,5.6,4.0,0.4,No,Not Required,4,1,0,43.6,Obtained,Low,Yes,Completed,Joint,,Verified,No,Clear,No,Pending,83.5,No,Pending,2,2,Pending,Partially Approved,Pending,73.9,1489.21,3180.59,63.0,No,33.2,No,Yes,Yes,Yes,In Progress,0.6,1.91,0.96,Low,Medium,Medium,II,Loamy,Moderate,35.5,Low,SYNTHETIC_SIH26017_ENHANCED,Synthetic prototype dataset; added features are simulated and must not be represented as official parcel records.
LA-0271,Maharashtra,Nagpur,Highway,11.4,3,Mostly Paid,17,0,Mostly Obtained,68.6,,63.9,Complete,Completed,5,Possession,1,0,23,28.498211,76.957651,synthetic_demo_district_center,Non-Green Zone,32.6,10.4,25.6,5.64,No,No,261.0,No,Not Required,No,No,899.8,3.0,3.15,1.76,29.2,7.33,Plain,Industrial,80.3,10.8,1.7,0.6,Yes,Not Required,1,0,0,92.2,Obtained,Medium,No,Completed,Private,,Verified,No,Under Verification,No,Updated,95.0,No,,2,0,Pending,Pending,Issued,70.1,596.42,1305.43,44.1,No,1.7,No,Yes,No,Yes,Completed,1.01,5.6,1.5,Low,High,Low,III,Laterite,Poor,35.5,Low,SYNTHETIC_SIH26017_ENHANCED,Synthetic prototype dataset; added features are simulated and must not be represented as official parcel records.
LA-0272,Odisha,Ganjam,Highway,20.4,13,Fully Paid,29,1,Mostly Obtained,81.2,89.2,53.9,Partially Complete,Completed,2,Notification,2,0,32,20.291581,85.911565,synthetic_demo_district_center,Non-Green Zone,5.0,3.0,17.7,1.61,No,No,915.0,No,Pending,No,No,129.6,3.1,0.86,11.67,17.38,25.38,Hilly,Residential,50.3,14.5,5.6,1.7,No,Approved,6,3,1,71.1,Partial,Low,Yes,Planned,Government,,Verified,No,Under Verification,Yes,Pending,61.2,No,,4,4,Completed,Approved,Issued,95.0,927.2,1714.94,49.7,No,30.7,No,Yes,No,No,Not Required,2.16,2.46,2.75,Low,Medium,High,IV,Black,Good,47.9,Medium,SYNTHETIC_SIH26017_ENHANCED,Synthetic prototype dataset; added features are simulated and must not be represented as official parcel records.
LA-0273,Odisha,Khordha,Highway,23.8,13,Not Started,11,0,Mostly Obtained,64.2,82.9,77.6,Complete,Partially Completed,6,Planning,0,0,0,23.036622,72.414522,synthetic_demo_district_center,Non-Green Zone,19.8,12.0,16.8,2.76,No,No,762.0,No,Pending,No,No,1477.1,6.1,0.19,1.26,9.97,7.04,Coastal,Agricultural,63.1,3.9,4.0,0.7,No,Not Required,6,1,0,53.6,Obtained,Low,Yes,Planned,Private,,Verified,No,Clear,No,Updated,99.1,No,Pending,6,2,Pending,Pending,Issued,53.1,221.03,455.05,61.3,Yes,28.1,No,Yes,Yes,Yes,Completed,1.47,2.66,10.91,Low,Medium,Low,III,Sandy,Good,68.8,Medium,SYNTHETIC_SIH26017_ENHANCED,Synthetic prototype dataset; added features are simulated and must not be represented as official parcel records.
LA-0274,Karnataka,Belagavi,Railway,22.2,9,Mostly Paid,36,2,Mostly Obtained,48.2,72.7,33.1,Complete,Completed,1,Possession,2,0,11,28.341982,77.032501,synthetic_demo_district_center,Buffer Zone,24.5,2.7,7.5,5.97,No,No,198.0,No,Not Required,No,No,397.6,3.1,6.71,8.09,6.53,16.12,Plain,Agricultural,59.6,4.2,7.3,1.3,Yes,Not Required,8,0,1,97.2,Disputed,Low,No,Not Required,Joint,,Verified,No,Clear,No,Updated,99.3,No,,6,0,Pending,Pending,Issued,54.9,1299.27,2298.31,18.3,No,15.2,No,Yes,No,No,Completed,1.18,1.89,3.72,Low,Low,Medium,III,Red,Good,51.7,Medium,SYNTHETIC_SIH26017_ENHANCED,Synthetic prototype dataset; added features are simulated and must not be represented as official parcel records.
LA-0275,Madhya Pradesh,Gwalior,Metro,31.5,12,Mostly Paid,18,1,Partial,43.9,72.2,67.4,Complete,Pending,6,Possession,3,1,83,26.17289,91.839576,synthetic_demo_district_center,Buffer Zone,1.5,10.3,25.1,9.09,Yes,No,1016.0,Yes,Not Required,No,No,12.6,10.5,1.7,7.83,19.5,24.48,Plain,Residential,57.0,8.8,4.2,1.8,No,Not Required,5,3,0,37.2,Obtained,Low,Yes,Planned,Government,,Verified,No,Clear,No,Updated,89.2,No,,3,1,Completed,Approved,Issued,66.9,635.05,1215.78,19.7,No,33.8,No,No,Yes,Yes,In Progress,1.56,0.6,2.53,Low,Low,Low,II,Loamy,Moderate,26.7,Low,SYNTHETIC_SIH26017_ENHANCED,Synthetic prototype dataset; added features are simulated and must not be represented as official parcel records.
LA-0276,Uttar Pradesh,Mathura,Power,71.8,35,Fully Paid,37,3,Full,34.3,34.5,47.3,Complete,Partially Completed,3,Compensation,1,0,0,30.404654,78.039018,synthetic_demo_district_center,Non-Green Zone,34.8,6.2,6.4,3.48,No,No,1707.0,No,Not Required,No,No,1792.7,0.5,5.31,3.26,6.26,12.41,Hilly,Agricultural,70.5,1.6,7.6,1.5,No,Not Required,5,1,0,98.6,Obtained,Low,Yes,Planned,Private,,Verified,No,Reported,No,Updated,87.9,No,,0,0,Completed,Approved,Issued,96.8,1308.75,2692.71,35.3,No,32.6,No,Yes,Yes,Yes,Completed,3.37,1.96,0.35,Low,High,Low,III,Loamy,Moderate,28.9,Low,SYNTHETIC_SIH26017_ENHANCED,Synthetic prototype dataset; added features are simulated and must not be represented as official parcel records.
LA-0277,Uttar Pradesh,Meerut,Power,55.2,25,Not Started,18,0,Mostly Obtained,81.5,89.7,68.1,Complete,Partially Completed,4,Compensation,4,1,129,26.640396,75.773246,synthetic_demo_district_center,Non-Green Zone,48.6,2.5,13.7,2.19,No,No,776.0,No,Not Required,No,No,761.4,0.4,0.79,1.62,4.17,3.48,Plain,Industrial,90.2,5.4,1.9,2.6,Yes,Not Required,3,0,1,42.5,Partial,Medium,No,Not Required,Joint,Possible,Verified,No,Clear,No,Pending,59.0,No,Pending,4,1,Completed,Pending,Issued,96.7,1026.18,1734.16,41.0,Yes,30.2,No,Yes,No,Yes,Not Required,0.42,6.65,0.93,Medium,Low,Low,II,Sandy,Poor,46.1,Medium,SYNTHETIC_SIH26017_ENHANCED,Synthetic prototype dataset; added features are simulated and must not be represented as official parcel records.
LA-0278,Madhya Pradesh,Gwalior,Industrial,9.2,7,Partially Paid,19,0,Mostly Obtained,59.0,20.5,55.3,Complete,Partially Completed,1,Possession,0,0,18,26.704846,80.760071,synthetic_demo_district_center,Buffer Zone,8.8,10.6,23.5,3.76,No,No,1019.0,No,Not Required,No,No,714.8,4.9,3.16,3.71,7.91,10.97,Plain,Wasteland,47.2,5.2,0.4,0.2,No,Not Required,14,6,2,56.1,Pending,Low,Yes,Completed,Private,,Verified,No,Clear,No,Pending,82.5,No,,4,1,Not Required,Pending,Issued,91.4,1411.17,2544.56,54.7,No,0.9,No,Yes,Yes,Yes,Not Required,3.44,2.25,3.1,Low,Low,Medium,III,Alluvial,Good,25.6,Low,SYNTHETIC_SIH26017_ENHANCED,Synthetic prototype dataset; added features are simulated and must not be represented as official parcel records.
LA-0279,Gujarat,Bhavnagar,Railway,39.1,18,Mostly Paid,37,1,Partial,56.8,75.4,59.2,Complete,,5,Possession,2,1,120,21.180857,81.693649,synthetic_demo_district_center,Green Zone,42.5,17.6,17.9,8.14,No,No,206.0,Yes,Not Required,No,No,553.1,0.5,1.16,1.67,3.42,2.37,Hilly,Agricultural,59.7,18.3,12.7,1.4,No,Approved,5,4,0,84.5,Disputed,High,Yes,Planned,Government,,Verified,No,Clear,No,Updated,96.2,No,,3,3,Pending,Approved,Pending,50.4,1288.24,2799.55,0.3,No,28.0,No,Yes,Yes,Yes,Completed,1.81,5.09,6.53,Low,High,Low,IV,Sandy,Good,47.8,Medium,SYNTHETIC_SIH26017_ENHANCED,Synthetic prototype dataset; added features are simulated and must not be represented as official parcel records.
LA-0280,Karnataka,Bengaluru Urban,Irrigation,66.5,40,Fully Paid,57,1,Mostly Obtained,31.8,66.8,36.6,Complete,Pending,1,Notification,1,0,14,22.404627,88.419462,synthetic_demo_district_center,Non-Green Zone,13.7,8.3,34.1,9.18,No,No,577.0,No,Not Required,Yes,Yes,1795.2,1.8,0.81,4.99,12.48,6.06,Plain,Residential,16.9,15.3,1.2,0.4,Yes,Not Required,2,2,0,23.5,Obtained,Low,Yes,Completed,Institutional,,Under Review,No,Reported,No,Updated,74.5,No,,6,4,Pending,Partially Approved,Issued,98.9,933.96,1693.52,30.2,No,4.2,No,Yes,No,Yes,Pending,1.62,3.5,1.17,High,High,Medium,III,Alluvial,Good,56.2,Medium,SYNTHETIC_SIH26017_ENHANCED,Synthetic prototype dataset; added features are simulated and must not be represented as official parcel records.
LA-0281,Gujarat,Bhavnagar,Metro,32.8,15,Fully Paid,46,0,Partial,47.7,26.2,54.9,Complete,Completed,4,Notification,1,1,70,30.984923,75.816843,synthetic_demo_district_center,Green Zone,7.0,4.6,8.2,6.83,No,No,492.0,Yes,Not Required,Yes,Yes,130.1,0.6,1.4,22.16,10.63,1.71,Plain,Residential,54.6,2.0,3.3,4.0,No,Not Required,28,7,3,23.4,Obtained,Low,Yes,Not Required,Government,,Under Review,No,Clear,No,Pending,73.8,No,,3,3,Not Required,Approved,Issued,71.5,5157.26,10579.64,20.5,No,28.0,No,Yes,Yes,No,Not Required,0.67,6.9,5.6,Medium,Medium,Medium,II,Loamy,Good,25.7,Low,SYNTHETIC_SIH26017_ENHANCED,Synthetic prototype dataset; added features are simulated and must not be represented as official parcel records.
LA-0282,Gujarat,Surat,Airport,55.6,27,Fully Paid,29,0,Partial,81.9,56.4,84.9,Incomplete,Pending,4,Notification,2,0,13,21.233741,81.785274,synthetic_demo_district_center,Non-Green Zone,26.4,4.0,3.9,1.36,No,No,15.0,No,Not Required,Yes,Yes,1186.0,12.0,2.19,4.61,14.83,7.19,Plain,Residential,75.0,16.2,4.7,4.5,No,Pending,7,1,4,51.1,Partial,Low,Yes,In Progress,Private,Confirmed,Under Review,No,Clear,No,Pending,86.3,No,,6,6,Completed,Partially Approved,Pending,71.9,3189.95,6053.85,70.0,No,31.5,No,No,Yes,Yes,In Progress,4.79,0.31,3.72,Medium,Low,Low,III,Red,Good,36.9,Low,SYNTHETIC_SIH26017_ENHANCED,Synthetic prototype dataset; added features are simulated and must not be represented as official parcel records.
LA-0283,Gujarat,Rajkot,Industrial,111.0,44,Fully Paid,4,2,Mostly Obtained,36.7,90.1,66.7,Complete,Partially Completed,6,Possession,1,0,0,23.086151,77.393172,synthetic_demo_district_center,Non-Green Zone,16.2,9.6,7.5,2.07,No,No,1049.0,No,Approved,Yes,Yes,1073.7,7.0,5.2,5.19,6.46,29.61,Plain,Agricultural,46.9,14.3,2.1,1.8,No,Not Required,38,7,8,77.1,Pending,Low,Yes,Planned,Private,Possible,Verified,No,Reported,No,Updated,63.3,No,,3,3,Not Required,Approved,Issued,67.9,7858.94,10391.19,33.9,No,15.9,No,Yes,Yes,No,Completed,3.47,4.19,6.89,High,Low,High,II,Laterite,Moderate,35.6,Low,SYNTHETIC_SIH26017_ENHANCED,Synthetic prototype dataset; added features are simulated and must not be represented as official parcel records.
LA-0284,Madhya Pradesh,Gwalior,Highway,52.9,21,Not Started,19,0,Partial,55.8,59.1,86.6,Partially Complete,Completed,5,Possession,2,1,167,30.908976,75.824932,synthetic_demo_district_center,Buffer Zone,35.3,8.7,15.3,6.22,No,No,537.0,No,Approved,No,No,980.1,1.7,1.65,3.21,9.98,16.15,Plain,Residential,55.6,5.5,3.2,1.8,Yes,Pending,16,2,3,51.9,Partial,Low,Yes,Not Required,Joint,,Under Review,No,Clear,No,Updated,87.3,No,Pending,4,1,Completed,Partially Approved,Issued,68.8,660.64,894.72,51.1,No,25.2,Yes,Yes,Yes,Yes,Not Required,1.73,1.08,1.89,Medium,Low,Low,II,Loamy,Moderate,37.9,Low,SYNTHETIC_SIH26017_ENHANCED,Synthetic prototype dataset; added features are simulated and must not be represented as official parcel records.
LA-0285,Gujarat,Rajkot,Power,29.6,15,Not Started,17,1,Mostly Obtained,19.1,42.3,81.9,Complete,Completed,6,Compensation,1,0,2,13.103516,77.641329,synthetic_demo_district_center,Non-Green Zone,23.5,1.5,19.5,8.75,No,No,321.0,No,Not Required,No,No,1603.4,4.7,1.52,8.05,6.98,6.54,Plateau,Residential,65.4,1.7,4.4,3.2,Yes,Not Required,12,5,3,90.6,Obtained,High,Yes,Not Required,Government,Possible,Verified,No,Clear,No,Updated,64.1,No,,5,5,Pending,Pending,Issued,83.3,507.96,578.99,53.4,No,-3.9,No,Yes,No,No,Not Required,3.18,1.44,4.66,High,Low,Low,III,Red,Moderate,39.5,Low,SYNTHETIC_SIH26017_ENHANCED,Synthetic prototype dataset; added features are simulated and must not be represented as official parcel records.
LA-0286,Odisha,Sambalpur,Railway,53.7,26,Partially Paid,50,1,Partial,73.0,80.9,69.6,Partially Complete,Completed,3,Rehabilitation,0,0,22,26.086036,91.763414,synthetic_demo_district_center,Non-Green Zone,24.5,24.3,30.2,6.55,No,Yes,427.0,No,Pending,Yes,Yes,734.6,4.1,2.06,4.47,4.52,6.01,Plain,Government,37.8,4.4,1.3,0.9,Yes,Not Required,10,3,0,24.0,Disputed,Low,Yes,Not Required,Private,Confirmed,Under Review,No,Clear,No,Updated,58.4,No,Pending,6,4,Not Required,Pending,Issued,82.3,1715.42,2658.19,39.2,Yes,4.8,No,Yes,Yes,No,Not Required,1.47,5.69,1.0,Low,Low,Low,III,Red,Moderate,61.4,Medium,SYNTHETIC_SIH26017_ENHANCED,Synthetic prototype dataset; added features are simulated and must not be represented as official parcel records.
LA-0287,Rajasthan,Kota,Power,27.3,12,Partially Paid,33,1,Mostly Obtained,29.7,60.5,44.0,Incomplete,Pending,3,Compensation,1,0,17,26.132514,91.617268,synthetic_demo_district_center,Non-Green Zone,28.2,13.0,12.2,4.93,No,No,267.0,No,Pending,No,No,1121.9,3.0,3.0,4.8,11.57,1.78,Hilly,Agricultural,47.7,13.1,1.1,7.3,Yes,Approved,20,6,4,34.2,Obtained,Low,Yes,Not Required,Private,,Issue Found,Yes,Clear,No,Updated,94.0,No,,0,0,Completed,Approved,Issued,66.5,5308.09,10373.14,56.7,Yes,17.8,No,Yes,No,No,In Progress,1.07,6.48,1.4,Medium,High,High,II,Sandy,Good,61.4,Medium,SYNTHETIC_SIH26017_ENHANCED,Synthetic prototype dataset; added features are simulated and must not be represented as official parcel records.
LA-0288,Bihar,Nalanda,Highway,25.0,13,Fully Paid,34,3,Partial,20.2,75.0,62.8,Complete,Completed,2,Possession,0,0,15,22.829957,72.643066,synthetic_demo_district_center,Green Zone,37.3,23.4,14.1,8.67,No,No,338.0,Yes,Not Required,No,No,36.4,0.7,3.05,4.31,21.25,29.86,Hilly,Agricultural,54.5,7.8,1.6,0.9,No,Not Required,14,5,3,40.0,Obtained,Low,Yes,Planned,Private,,Verified,No,Clear,No,Pending,90.6,No,,6,3,Not Required,Partially Approved,Issued,98.8,3646.57,6616.14,24.2,No,-13.0,No,No,No,No,In Progress,3.36,0.28,2.0,Low,Low,Low,III,Loamy,Moderate,37.8,Low,SYNTHETIC_SIH26017_ENHANCED,Synthetic prototype dataset; added features are simulated and must not be represented as official parcel records.
LA-0289,Uttar Pradesh,Agra,Highway,18.8,9,Fully Paid,15,0,Mostly Obtained,16.2,53.3,46.2,Partially Complete,Pending,6,Planning,1,0,3,25.54877,85.101658,synthetic_demo_district_center,Non-Green Zone,16.2,1.4,11.8,5.63,No,No,186.0,No,Not Required,No,No,224.7,3.2,7.81,6.46,4.18,5.85,Plain,Agricultural,44.3,1.6,0.6,6.3,No,Not Required,7,2,2,57.6,Obtained,Medium,Yes,In Progress,Private,,Verified,No,Clear,No,Updated,95.1,No,,1,1,Not Required,Partially Approved,Pending,62.0,158.65,344.63,6.6,Yes,21.9,No,No,No,No,Completed,2.57,1.81,4.55,Medium,Low,Medium,II,Loamy,Poor,52.4,Medium,SYNTHETIC_SIH26017_ENHANCED,Synthetic prototype dataset; added features are simulated and must not be represented as official parcel records.
LA-0290,Uttar Pradesh,Mathura,Irrigation,79.2,33,Partially Paid,75,1,Partial,52.6,97.9,38.6,Complete,Pending,4,Rehabilitation,3,0,8,28.664622,76.83676,synthetic_demo_district_center,Non-Green Zone,35.7,16.6,4.8,1.32,No,No,843.0,No,Pending,No,No,74.8,1.9,3.99,8.53,4.26,33.47,Plain,Residential,56.8,19.5,5.9,0.7,No,Not Required,5,2,2,96.9,Obtained,High,Yes,Not Required,Government,Possible,Under Review,No,Clear,No,Updated,65.0,No,,2,1,Completed,Approved,Issued,63.0,1951.34,3222.53,23.4,No,-5.7,Yes,Yes,Yes,Yes,Not Required,2.52,1.74,1.31,Low,Low,Medium,III,Sandy,Moderate,41.1,Medium,SYNTHETIC_SIH26017_ENHANCED,Synthetic prototype dataset; added features are simulated and must not be represented as official parcel records.
LA-0291,Bihar,Muzaffarpur,Highway,13.3,6,Mostly Paid,34,1,Mostly Obtained,38.8,19.3,70.8,Complete,Pending,2,Possession,1,1,99,30.45548,78.075155,synthetic_demo_district_center,Non-Green Zone,30.6,10.9,19.3,3.37,No,No,46.0,No,Approved,No,No,1389.5,3.3,4.24,6.2,3.85,1.76,Plain,Agricultural,82.4,22.0,5.9,5.2,No,Pending,4,2,1,23.4,Obtained,Medium,Yes,In Progress,Private,,Verified,No,Clear,No,Updated,65.6,No,,3,3,Completed,Pending,Pending,58.3,718.12,1294.14,85.3,No,-13.8,No,Yes,No,No,In Progress,3.24,4.53,10.75,Low,Low,Low,V,Laterite,Good,37.0,Low,SYNTHETIC_SIH26017_ENHANCED,Synthetic prototype dataset; added features are simulated and must not be represented as official parcel records.
LA-0292,Madhya Pradesh,Indore,Irrigation,77.4,41,Fully Paid,14,0,Full,39.6,78.2,59.1,Complete,Completed,4,Rehabilitation,0,0,26,26.117255,91.907778,synthetic_demo_district_center,Non-Green Zone,12.2,4.1,29.0,10.77,No,Yes,977.0,No,Approved,Yes,Yes,317.6,6.4,3.11,1.41,6.7,17.04,Hilly,Commercial,58.2,8.9,1.0,0.9,No,Not Required,5,0,0,69.8,Obtained,Low,No,In Progress,Private,,Verified,No,Clear,No,Updated,76.8,No,,1,1,Completed,Partially Approved,Issued,85.1,1828.36,2955.76,52.6,No,0.9,No,Yes,No,No,Not Required,0.23,2.99,2.7,Low,Medium,Low,IV,Black,Good,42.2,Medium,SYNTHETIC_SIH26017_ENHANCED,Synthetic prototype dataset; added features are simulated and must not be represented as official parcel records.
LA-0293,Maharashtra,Nashik,Railway,35.7,18,Mostly Paid,15,0,Partial,67.4,62.1,23.2,Complete,Completed,2,Closure,0,0,34,16.402207,80.544728,synthetic_demo_district_center,Green Zone,26.9,5.6,15.8,1.66,No,No,2152.0,Yes,Approved,Yes,Yes,1591.9,2.2,0.42,5.58,2.86,16.0,Plain,Agricultural,60.4,4.1,5.9,1.4,Yes,Pending,2,1,3,46.3,Obtained,Low,Yes,Not Required,Private,,Verified,No,Clear,No,Updated,95.7,No,,2,2,Not Required,Pending,Issued,93.8,1116.51,2406.47,50.1,No,13.0,Yes,Yes,Yes,No,Not Required,1.59,0.34,0.55,Low,Medium,Medium,III,Black,Good,39.4,Low,SYNTHETIC_SIH26017_ENHANCED,Synthetic prototype dataset; added features are simulated and must not be represented as official parcel records.
LA-0294,Madhya Pradesh,Gwalior,Industrial,8.6,3,Not Started,38,1,Partial,65.2,76.1,49.8,,Pending,6,Rehabilitation,1,0,18,22.551697,88.442783,synthetic_demo_district_center,Non-Green Zone,18.2,9.0,8.8,6.56,No,No,1051.0,No,Not Required,No,No,46.0,2.8,0.05,4.87,2.6,14.97,Hilly,Residential,41.6,21.1,1.9,2.3,No,Not Required,13,5,5,79.4,Obtained,Low,Yes,Not Required,Private,,Verified,No,Clear,No,Pending,91.7,No,,1,1,Completed,Approved,Pending,92.8,869.47,1491.31,83.7,No,-0.6,No,Yes,Yes,No,In Progress,0.92,2.04,3.7,High,Medium,Low,II,Sandy,Good,58.6,Medium,SYNTHETIC_SIH26017_ENHANCED,Synthetic prototype dataset; added features are simulated and must not be represented as official parcel records.
LA-0295,Uttar Pradesh,Meerut,Power,32.3,18,Mostly Paid,13,1,Mostly Obtained,58.6,34.7,80.0,Complete,Pending,3,Rehabilitation,3,0,19,31.22605,77.061448,synthetic_demo_district_center,Green Zone,32.0,5.0,14.3,7.56,No,No,1061.0,Yes,Approved,No,No,74.4,4.1,4.16,4.35,4.79,18.18,Plateau,Wasteland,65.8,9.9,0.1,3.1,Yes,Not Required,1,1,1,68.1,Partial,Low,Yes,Not Required,Private,,Verified,No,Clear,No,Not Available,85.6,No,,2,2,Not Required,Approved,Issued,95.9,156.23,172.73,92.8,No,16.2,No,Yes,Yes,Yes,Not Required,1.51,0.15,3.89,High,Low,Low,III,Black,Good,51.0,Medium,SYNTHETIC_SIH26017_ENHANCED,Synthetic prototype dataset; added features are simulated and must not be represented as official parcel records.
LA-0296,Uttar Pradesh,Agra,Metro,5.1,3,Partially Paid,17,0,Mostly Obtained,45.1,86.5,53.5,Complete,Completed,4,Compensation,3,1,70,31.001502,77.376388,synthetic_demo_district_center,Non-Green Zone,15.6,9.8,12.8,0.92,No,Yes,96.0,No,Approved,No,No,674.4,8.1,3.38,9.18,11.18,8.41,Plain,Government,80.9,9.4,2.5,1.2,Yes,Not Required,12,4,2,37.1,Partial,High,Yes,In Progress,Private,Possible,Under Review,No,Clear,No,Updated,93.4,No,,2,2,Pending,Approved,Issued,62.7,2965.2,4691.69,81.0,No,17.8,No,Yes,Yes,No,Not Required,1.64,3.3,6.86,Low,Low,Medium,II,Laterite,Good,38.7,Low,SYNTHETIC_SIH26017_ENHANCED,Synthetic prototype dataset; added features are simulated and must not be represented as official parcel records.
LA-0297,Bihar,Bhagalpur,Railway,39.2,17,Mostly Paid,10,1,Mostly Obtained,68.8,69.1,83.5,Partially Complete,Completed,6,Compensation,2,0,0,26.875712,81.006789,synthetic_demo_district_center,Non-Green Zone,4.9,6.6,15.4,6.86,No,No,91.0,No,Not Required,No,No,1069.2,3.1,0.52,3.26,3.31,21.23,Plain,Wasteland,50.6,4.0,3.1,1.5,No,Not Required,6,6,2,85.3,Obtained,Medium,Yes,Not Required,Private,,Verified,No,Clear,No,Updated,68.6,No,,6,3,Completed,Approved,Issued,88.6,1895.77,2893.41,31.5,No,32.6,Yes,Yes,Yes,No,Completed,1.29,4.34,10.43,Low,Medium,Low,III,Red,Good,34.5,Low,SYNTHETIC_SIH26017_ENHANCED,Synthetic prototype dataset; added features are simulated and must not be represented as official parcel records.
LA-0298,Gujarat,Surat,Highway,47.7,35,Mostly Paid,50,1,Mostly Obtained,30.2,59.9,23.4,Complete,Completed,6,Closure,1,0,4,23.217802,77.309224,synthetic_demo_district_center,Buffer Zone,24.5,1.7,9.0,9.11,No,No,259.0,No,Not Required,Yes,Yes,848.3,3.7,3.78,4.38,17.53,2.35,Plain,Agricultural,65.9,5.0,3.6,0.5,Yes,Not Required,5,4,1,68.7,Partial,Medium,Yes,Not Required,Private,,Issue Found,Yes,Clear,No,Updated,87.6,No,,5,0,Pending,Approved,Issued,77.5,1527.35,1554.33,72.9,No,30.1,No,Yes,Yes,No,Completed,1.22,2.96,2.5,Low,Low,Medium,III,Loamy,Good,73.9,High,SYNTHETIC_SIH26017_ENHANCED,Synthetic prototype dataset; added features are simulated and must not be represented as official parcel records.
LA-0299,Madhya Pradesh,Ujjain,Highway,15.7,5,Not Started,14,1,Partial,5.5,88.3,45.6,Complete,Completed,3,Closure,0,0,7,26.785588,80.995233,synthetic_demo_district_center,Green Zone,25.9,3.2,14.8,6.11,No,Yes,839.0,Yes,Not Required,No,No,646.6,4.0,2.86,5.48,6.21,7.61,Plain,Residential,54.4,10.7,1.7,12.6,No,Pending,7,3,2,37.1,Obtained,Medium,Yes,Planned,Joint,,Under Review,No,Reported,No,Pending,87.6,Yes,,6,1,Completed,Pending,Pending,84.0,598.91,979.64,46.5,Yes,20.2,No,Yes,Yes,Yes,In Progress,0.48,1.12,0.57,Medium,High,Low,II,Loamy,Moderate,44.9,Medium,SYNTHETIC_SIH26017_ENHANCED,Synthetic prototype dataset; added features are simulated and must not be represented as official parcel records.
LA-0300,West Bengal,Darjeeling,Railway,26.9,9,Fully Paid,84,0,Partial,45.4,64.6,85.8,Complete,Partially Completed,1,Possession,1,0,8,23.652568,85.253878,synthetic_demo_district_center,Non-Green Zone,25.5,4.4,10.5,5.13,No,No,983.0,No,Not Required,Yes,Yes,1533.5,3.5,5.95,9.18,3.38,3.44,Plain,Residential,60.2,10.2,0.7,8.2,No,Not Required,6,5,1,61.1,Obtained,Low,Yes,Not Required,Private,,Verified,No,Clear,No,Updated,76.7,Yes,,3,3,Pending,Approved,Pending,75.2,1662.24,1808.05,53.9,Yes,34.4,Yes,No,No,Yes,Not Required,1.06,8.06,2.92,Medium,Low,Medium,IV,Alluvial,Good,28.6,Low,SYNTHETIC_SIH26017_ENHANCED,Synthetic prototype dataset; added features are simulated and must not be represented as official parcel records.
LA-0301,Bihar,Bhagalpur,Power,106.2,51,Mostly Paid,41,1,Partial,29.6,92.6,58.4,Complete,Pending,3,Compensation,2,0,6,12.889218,77.493134,synthetic_demo_district_center,Non-Green Zone,10.8,13.2,14.7,9.66,Yes,No,1270.0,Yes,Not Required,No,No,897.3,3.9,0.88,2.98,2.33,4.2,Hilly,Agricultural,48.0,16.2,8.1,0.4,No,Pending,5,2,1,21.6,Obtained,Low,Yes,Not Required,Private,,Verified,No,Under Verification,No,Updated,92.6,No,,6,0,Completed,Partially Approved,Pending,62.7,1045.53,1324.47,34.4,No,27.3,No,Yes,No,No,Pending,1.51,1.91,1.36,Medium,Low,Low,III,Loamy,Moderate,36.3,Low,SYNTHETIC_SIH26017_ENHANCED,Synthetic prototype dataset; added features are simulated and must not be represented as official parcel records.
LA-0302,Odisha,Cuttack,Airport,16.8,13,Mostly Paid,10,0,Not Started,43.0,67.2,60.4,Complete,Partially Completed,4,Rehabilitation,1,0,12,30.897341,76.05919,synthetic_demo_district_center,Non-Green Zone,23.8,6.7,0.9,10.27,No,Yes,872.0,No,Pending,No,No,1421.3,0.5,0.59,11.01,4.69,4.12,Plain,Agricultural,52.9,16.4,0.1,2.0,No,Not Required,7,4,1,32.0,Partial,High,Yes,In Progress,Government,Confirmed,Issue Found,Yes,Under Verification,No,Pending,97.2,Yes,Pending,6,3,Not Required,Pending,Issued,56.2,2772.21,4379.03,67.5,No,17.0,No,No,Yes,Yes,In Progress,1.85,4.49,2.59,Medium,High,Medium,III,Loamy,Moderate,79.2,High,SYNTHETIC_SIH26017_ENHANCED,Synthetic prototype dataset; added features are simulated and must not be represented as official parcel records.
LA-0303,Uttar Pradesh,Meerut,Irrigation,11.1,9,Fully Paid,46,1,Mostly Obtained,74.3,38.8,59.3,Complete,Completed,1,Compensation,2,0,3,23.244758,77.568344,synthetic_demo_district_center,Non-Green Zone,19.0,12.4,18.8,1.03,No,No,328.0,No,Not Required,No,No,790.4,3.3,13.51,0.92,16.98,9.8,Plain,Commercial,52.5,11.5,10.5,7.8,No,Not Required,30,8,3,91.4,Pending,Low,Yes,Completed,Private,,Verified,No,Clear,No,Updated,92.4,No,,6,1,Completed,Pending,Issued,58.3,4650.85,6546.56,81.7,Yes,23.7,No,Yes,Yes,No,In Progress,0.72,0.8,3.54,Medium,Medium,High,V,Red,Good,46.8,Medium,SYNTHETIC_SIH26017_ENHANCED,Synthetic prototype dataset; added features are simulated and must not be represented as official parcel records.
LA-0304,Bihar,Muzaffarpur,Irrigation,74.5,27,Partially Paid,75,0,Not Started,30.5,69.5,57.3,Complete,Completed,2,Notification,4,0,34,17.397955,78.646192,synthetic_demo_district_center,Non-Green Zone,27.1,3.7,16.7,2.84,No,No,429.0,No,Not Required,Yes,Yes,860.0,1.3,3.56,4.62,1.93,7.94,Plain,Wasteland,44.6,6.1,2.7,2.5,Yes,Not Required,4,0,2,65.5,Obtained,Low,No,Completed,Government,,Issue Found,Yes,Clear,No,Pending,67.0,No,,0,0,Pending,Approved,Issued,84.4,1142.48,1642.46,42.9,No,-0.6,No,Yes,No,Yes,Completed,0.64,0.59,3.6,Low,Low,Low,II,Alluvial,Good,52.0,Medium,SYNTHETIC_SIH26017_ENHANCED,Synthetic prototype dataset; added features are simulated and must not be represented as official parcel records.
LA-0305,Madhya Pradesh,Bhopal,Irrigation,106.9,51,Partially Paid,28,2,Full,54.1,71.2,57.8,Complete,Completed,5,Possession,1,1,126,16.612321,80.55901,synthetic_demo_district_center,Green Zone,31.1,5.7,32.8,6.03,No,No,310.0,Yes,Approved,No,No,1067.6,2.6,1.21,4.56,3.45,4.8,Plain,Government,55.0,3.4,5.8,10.5,Yes,Pending,13,4,5,98.7,Partial,Medium,Yes,Not Required,Private,Possible,Under Review,No,Under Verification,No,Updated,91.4,No,,2,2,Pending,Approved,Pending,55.3,1971.8,3378.87,43.3,No,5.2,Yes,Yes,No,No,Not Required,0.62,2.11,3.09,Low,Low,Medium,II,Black,Moderate,56.7,Medium,SYNTHETIC_SIH26017_ENHANCED,Synthetic prototype dataset; added features are simulated and must not be represented as official parcel records.
LA-0306,Uttar Pradesh,Mathura,Power,24.6,4,Fully Paid,81,0,Full,41.4,34.5,52.8,Incomplete,Pending,4,Planning,3,0,21,26.208108,91.676125,synthetic_demo_district_center,Non-Green Zone,8.1,2.3,11.5,2.58,Yes,No,283.0,Yes,Not Required,No,No,1040.3,6.1,0.51,11.07,6.5,20.03,Plain,Agricultural,84.0,5.3,4.7,3.1,No,Not Required,7,3,0,80.0,Partial,Low,Yes,In Progress,Private,,Verified,No,Clear,No,Not Available,79.5,No,,6,2,Not Required,Pending,Issued,82.7,1434.05,2807.79,19.9,No,-12.2,Yes,Yes,No,No,Pending,0.57,3.97,3.78,Medium,Low,Low,V,Black,Moderate,46.9,Medium,SYNTHETIC_SIH26017_ENHANCED,Synthetic prototype dataset; added features are simulated and must not be represented as official parcel records.
LA-0307,Maharashtra,Pune,Railway,52.4,34,Partially Paid,42,0,Full,34.3,68.5,50.9,Complete,Completed,5,Compensation,2,0,9,25.396131,85.026585,synthetic_demo_district_center,Non-Green Zone,43.3,17.2,14.8,5.21,Yes,No,779.0,Yes,Not Required,Yes,Yes,1137.1,2.7,5.79,8.86,6.51,7.89,Plateau,Residential,68.2,17.5,4.6,5.0,No,Not Required,2,1,0,38.0,Obtained,Medium,Yes,In Progress,Joint,,Issue Found,Yes,Clear,No,Updated,93.9,No,,3,3,Pending,Approved,Issued,83.4,371.1,458.68,1.2,No,10.0,No,Yes,Yes,No,Not Required,3.17,0.98,7.47,Medium,Low,Low,III,Alluvial,Good,56.0,Medium,SYNTHETIC_SIH26017_ENHANCED,Synthetic prototype dataset; added features are simulated and must not be represented as official parcel records.
LA-0308,Bihar,Gaya,Airport,67.1,37,Fully Paid,18,1,Full,75.7,28.1,87.6,Complete,Pending,5,Rehabilitation,3,0,17,30.44097,78.151818,synthetic_demo_district_center,Non-Green Zone,29.2,12.7,14.9,4.45,No,No,791.0,No,Approved,No,No,1234.7,6.1,3.86,9.65,3.11,5.39,Plain,Industrial,50.1,13.9,2.5,0.6,No,Not Required,18,6,1,69.1,Obtained,Low,Yes,Not Required,Private,,Verified,No,Clear,No,Pending,76.8,No,,1,1,Not Required,Pending,Issued,62.5,3010.79,3513.92,49.9,No,-2.2,Yes,No,Yes,No,Not Required,1.27,4.32,4.09,Low,Low,Low,IV,Laterite,Moderate,46.4,Medium,SYNTHETIC_SIH26017_ENHANCED,Synthetic prototype dataset; added features are simulated and must not be represented as official parcel records.
LA-0309,Karnataka,Hubballi,Power,14.1,8,Partially Paid,116,0,Partial,83.7,66.4,54.6,Complete,Completed,1,Notification,1,1,129,31.276315,77.073594,synthetic_demo_district_center,Non-Green Zone,13.4,2.3,18.2,4.05,No,No,415.0,No,Not Required,No,No,1263.0,3.1,3.94,5.15,11.84,25.96,Plain,Agricultural,72.7,3.8,0.7,5.8,No,Not Required,6,3,0,74.1,Pending,Medium,Yes,Planned,Private,Possible,Under Review,No,Under Verification,No,Pending,86.3,No,,2,2,Completed,Pending,Issued,73.3,1656.16,2377.02,93.7,No,-3.0,No,Yes,No,No,Not Required,2.52,2.3,3.12,Medium,Low,Low,IV,Black,Good,38.0,Low,SYNTHETIC_SIH26017_ENHANCED,Synthetic prototype dataset; added features are simulated and must not be represented as official parcel records.
LA-0310,Uttar Pradesh,Meerut,Industrial,17.0,9,Not Started,8,1,Full,73.4,54.8,62.6,Incomplete,Completed,2,Closure,1,0,14,30.485085,78.01137,synthetic_demo_district_center,Non-Green Zone,22.9,6.3,12.7,5.49,No,No,377.0,No,Not Required,No,No,1063.8,1.5,5.47,3.15,10.86,6.98,Plain,Residential,35.2,6.8,1.1,0.9,No,Pending,5,2,0,48.5,Obtained,Low,Yes,Completed,Government,Possible,Verified,No,Under Verification,No,Updated,95.4,Yes,,0,0,Completed,Pending,Pending,88.1,302.5,557.43,21.3,No,-9.6,Yes,Yes,Yes,No,In Progress,2.57,0.29,4.15,Medium,Low,Low,II,Black,Poor,33.7,Low,SYNTHETIC_SIH26017_ENHANCED,Synthetic prototype dataset; added features are simulated and must not be represented as official parcel records.
LA-0311,Madhya Pradesh,Gwalior,Highway,61.8,31,Mostly Paid,23,0,Not Started,47.3,46.4,95.0,Partially Complete,Completed,3,Closure,1,0,1,17.329346,78.333778,synthetic_demo_district_center,Non-Green Zone,2.8,3.0,34.6,7.29,No,No,187.0,No,Not Required,No,No,1526.8,3.1,3.58,14.25,7.72,3.94,Hilly,Agricultural,95.0,7.3,3.9,1.0,No,Not Required,6,3,2,45.1,Obtained,Medium,Yes,Completed,Private,,Verified,No,Under Verification,No,Pending,78.5,No,,6,4,Not Required,Partially Approved,Issued,51.0,951.55,1295.22,5.7,No,29.3,Yes,Yes,Yes,No,Not Required,0.39,2.83,4.96,Medium,Low,Medium,IV,Loamy,Moderate,33.5,Low,SYNTHETIC_SIH26017_ENHANCED,Synthetic prototype dataset; added features are simulated and must not be represented as official parcel records.
LA-0312,Rajasthan,Kota,Metro,86.8,46,Partially Paid,29,1,Not Started,15.7,78.8,69.8,Complete,Partially Completed,1,Rehabilitation,3,0,9,23.285338,77.330201,synthetic_demo_district_center,Green Zone,49.9,16.1,16.9,10.67,Yes,No,180.0,Yes,Approved,Yes,Yes,115.7,8.6,2.88,4.53,11.12,4.9,Plain,Industrial,50.8,2.1,6.4,0.8,No,Approved,15,7,3,22.7,Pending,Medium,Yes,In Progress,Private,,Verified,No,Under Verification,No,Updated,62.2,No,Pending,2,2,Not Required,Pending,Pending,99.1,4815.08,6845.54,60.4,No,25.3,No,No,Yes,No,In Progress,3.16,1.74,4.36,Low,High,Low,II,Alluvial,Good,47.9,Medium,SYNTHETIC_SIH26017_ENHANCED,Synthetic prototype dataset; added features are simulated and must not be represented as official parcel records.
LA-0313,West Bengal,Howrah,Metro,37.4,17,Fully Paid,103,0,Full,66.4,54.0,70.9,Complete,Completed,2,Closure,0,0,14,9.874486,76.106554,synthetic_demo_district_center,Non-Green Zone,38.8,6.4,22.2,3.48,No,No,522.0,No,Approved,No,No,1095.8,2.9,0.96,3.76,14.72,4.59,Plateau,Agricultural,62.7,7.7,2.0,4.3,No,Not Required,3,2,0,66.9,Pending,Low,Yes,In Progress,Private,,Issue Found,Yes,Clear,No,Not Available,55.1,No,,2,1,Pending,Approved,Issued,52.5,1417.57,1767.26,1.5,No,-8.8,No,Yes,Yes,No,Not Required,0.82,5.24,1.74,Medium,Medium,High,IV,Sandy,Good,47.1,Medium,SYNTHETIC_SIH26017_ENHANCED,Synthetic prototype dataset; added features are simulated and must not be represented as official parcel records.
LA-0314,Tamil Nadu,Chennai,Irrigation,12.7,5,Mostly Paid,51,2,Not Started,93.6,41.6,45.3,Complete,Completed,3,Possession,1,0,13,25.513885,85.086386,synthetic_demo_district_center,Non-Green Zone,38.7,2.1,9.8,2.13,No,No,470.0,No,Not Required,No,No,1187.1,5.2,11.77,3.31,6.96,18.65,Plain,Agricultural,67.6,11.2,6.0,1.1,No,Pending,8,2,1,92.0,Obtained,High,Yes,Not Required,Joint,,Under Review,No,Clear,No,Updated,80.0,Yes,,6,1,Not Required,Approved,Issued,59.4,982.96,1414.19,91.7,No,12.5,Yes,Yes,Yes,Yes,Not Required,0.93,1.75,3.48,High,Low,Low,III,Alluvial,Poor,60.9,Medium,SYNTHETIC_SIH26017_ENHANCED,Synthetic prototype dataset; added features are simulated and must not be represented as official parcel records.
LA-0315,Gujarat,Surat,Industrial,108.9,58,Fully Paid,45,2,Full,52.8,43.6,72.8,Complete,Partially Completed,3,Possession,0,0,2,20.32219,85.904774,synthetic_demo_district_center,Non-Green Zone,28.7,6.1,10.6,5.11,No,No,67.0,No,Not Required,No,No,540.5,6.3,1.68,4.32,7.35,14.76,Plain,Agricultural,62.4,12.9,0.6,3.7,No,Not Required,1,0,0,70.8,Pending,Medium,No,Planned,Private,,Under Review,No,Under Verification,No,Updated,83.3,No,,5,0,Completed,Pending,Issued,62.6,221.41,235.85,27.2,No,10.2,No,No,Yes,Yes,Not Required,1.46,0.64,2.44,High,Low,Low,III,Sandy,Good,30.7,Low,SYNTHETIC_SIH26017_ENHANCED,Synthetic prototype dataset; added features are simulated and must not be represented as official parcel records.
LA-0316,Tamil Nadu,Salem,Railway,16.5,5,Fully Paid,16,1,Mostly Obtained,53.6,56.1,81.0,Partially Complete,Pending,2,Rehabilitation,2,0,25,16.49206,80.542545,synthetic_demo_district_center,Green Zone,55.3,8.4,5.9,4.78,No,No,1192.0,Yes,Pending,No,No,174.3,6.7,0.59,1.41,9.79,8.68,Plain,Commercial,82.8,1.1,1.3,1.6,No,Approved,12,3,1,33.1,Pending,Low,Yes,In Progress,Private,Possible,Verified,No,Clear,No,Updated,66.6,Yes,,2,2,Completed,Partially Approved,Issued,82.2,1639.64,3393.96,17.9,No,-6.8,No,Yes,No,No,In Progress,0.33,3.49,3.44,Low,Low,Low,II,Sandy,Poor,50.3,Medium,SYNTHETIC_SIH26017_ENHANCED,Synthetic prototype dataset; added features are simulated and must not be represented as official parcel records.
LA-0317,Madhya Pradesh,Jabalpur,Airport,19.1,11,Partially Paid,27,2,Mostly Obtained,28.9,48.1,99.9,Partially Complete,Completed,3,Compensation,1,0,0,22.324723,88.272979,synthetic_demo_district_center,Non-Green Zone,2.6,10.7,9.1,7.31,No,No,37.0,No,Not Required,Yes,Yes,562.6,6.5,0.14,3.34,0.58,16.93,Coastal,Agricultural,79.3,17.0,2.0,4.6,Yes,Approved,5,1,2,95.7,Pending,High,Yes,Completed,Private,,Verified,No,Reported,No,Pending,89.5,No,,1,1,Completed,Approved,Issued,95.2,326.33,443.1,11.2,No,-6.6,No,No,Yes,No,Completed,3.8,2.97,4.57,High,Medium,Low,III,Loamy,Moderate,42.0,Medium,SYNTHETIC_SIH26017_ENHANCED,Synthetic prototype dataset; added features are simulated and must not be represented as official parcel records.
LA-0318,Odisha,Sambalpur,Highway,31.7,20,Fully Paid,18,0,Partial,9.7,25.6,96.1,Complete,Completed,4,Compensation,0,0,9,9.845269,76.316462,synthetic_demo_district_center,Non-Green Zone,37.4,8.5,10.0,2.46,No,No,1167.0,No,Not Required,No,No,930.8,0.9,1.43,2.69,19.46,9.8,Plain,Agricultural,71.0,2.0,3.4,4.4,No,Pending,14,3,0,59.2,Obtained,Medium,Yes,Not Required,Joint,,Under Review,No,Under Verification,No,Pending,55.9,No,,3,0,Not Required,Approved,Issued,67.3,3965.4,4293.21,29.2,No,31.9,No,Yes,No,No,In Progress,2.04,1.54,4.17,High,Low,Low,II,Black,Moderate,37.9,Low,SYNTHETIC_SIH26017_ENHANCED,Synthetic prototype dataset; added features are simulated and must not be represented as official parcel records.
LA-0319,Odisha,Sambalpur,Railway,78.7,28,Mostly Paid,44,0,Mostly Obtained,64.4,51.8,83.1,Complete,Completed,4,Possession,1,0,3,31.076881,75.790264,synthetic_demo_district_center,Non-Green Zone,8.2,10.7,21.2,2.94,No,No,239.0,No,Not Required,No,No,861.4,0.5,8.65,2.93,15.54,9.75,Plateau,Commercial,59.1,16.4,0.3,5.9,No,Not Required,2,1,0,86.0,Pending,Low,Yes,Not Required,Private,,Verified,No,Clear,No,Pending,71.0,No,,0,0,Pending,Partially Approved,Issued,71.1,1120.8,1870.88,71.3,No,1.1,No,Yes,Yes,No,Not Required,1.73,8.37,5.17,Medium,Low,Low,II,Loamy,Good,34.9,Low,SYNTHETIC_SIH26017_ENHANCED,Synthetic prototype dataset; added features are simulated and must not be represented as official parcel records.
LA-0320,Rajasthan,Ajmer,Highway,46.5,17,Mostly Paid,67,0,Not Started,87.4,61.7,73.1,Partially Complete,Pending,1,Possession,0,1,164,30.151593,77.77654,synthetic_demo_district_center,Green Zone,20.9,11.9,6.0,4.12,No,No,1121.0,Yes,Not Required,Yes,Yes,885.8,1.0,0.66,3.85,12.22,15.02,Plain,Agricultural,62.0,1.2,2.7,0.3,Yes,Pending,5,0,0,42.7,Obtained,Low,No,Completed,Government,,Verified,No,Under Verification,No,Pending,69.3,No,,3,3,Pending,Approved,Issued,84.1,632.29,687.17,27.7,No,27.5,No,Yes,Yes,No,In Progress,1.52,2.33,6.32,Low,Low,Medium,II,Loamy,Good,40.7,Medium,SYNTHETIC_SIH26017_ENHANCED,Synthetic prototype dataset; added features are simulated and must not be represented as official parcel records.
LA-0321,Gujarat,Rajkot,Power,33.5,19,Fully Paid,134,0,Full,35.6,84.7,76.0,Partially Complete,Pending,3,Rehabilitation,0,1,165,28.671948,77.066514,synthetic_demo_district_center,Buffer Zone,13.0,18.1,18.8,7.01,No,No,225.0,No,Not Required,No,No,283.5,3.2,2.89,4.57,2.89,8.14,Plain,Wasteland,58.1,25.3,3.0,1.3,No,Not Required,3,1,0,91.3,Obtained,Medium,Yes,Not Required,Private,,Verified,No,Under Verification,No,Updated,59.0,No,,5,2,Completed,Approved,Pending,75.3,784.15,1655.93,61.1,No,1.2,No,No,Yes,Yes,Not Required,0.73,2.9,2.99,Low,Medium,Low,V,Black,Good,50.0,Medium,SYNTHETIC_SIH26017_ENHANCED,Synthetic prototype dataset; added features are simulated and must not be represented as official parcel records.
LA-0322,Karnataka,Hubballi,Airport,34.7,17,Mostly Paid,20,0,Not Started,70.6,47.9,70.4,Partially Complete,Completed,3,Possession,0,0,0,30.844878,77.21498,synthetic_demo_district_center,Non-Green Zone,9.3,15.1,8.4,3.51,No,No,1269.0,No,Not Required,Yes,Yes,1050.2,4.1,3.51,3.33,7.23,25.32,Coastal,Government,38.3,3.3,2.5,3.1,Yes,Not Required,17,5,4,63.5,Partial,High,Yes,Not Required,Private,Possible,Under Review,No,Clear,No,Updated,60.5,No,,1,1,Completed,Approved,Pending,59.0,1938.06,2963.83,98.2,Yes,31.3,No,Yes,Yes,No,Pending,1.18,1.29,0.57,Medium,Low,Low,III,Sandy,Good,43.2,Medium,SYNTHETIC_SIH26017_ENHANCED,Synthetic prototype dataset; added features are simulated and must not be represented as official parcel records.
LA-0323,Rajasthan,Jodhpur,Railway,25.3,19,Mostly Paid,8,1,Mostly Obtained,43.5,49.7,30.6,Complete,Partially Completed,2,Rehabilitation,1,1,122,31.242854,77.11231,synthetic_demo_district_center,Non-Green Zone,13.0,10.6,25.3,8.7,No,No,301.0,No,Not Required,No,No,1445.2,4.0,4.87,15.22,5.35,6.28,Coastal,Agricultural,42.7,10.6,6.1,1.8,No,Approved,2,1,1,73.6,Pending,Medium,Yes,Not Required,Private,,Under Review,No,Clear,No,Pending,69.8,No,,1,1,Completed,Pending,Issued,82.8,1375.02,2225.86,66.8,No,-0.7,No,Yes,Yes,Yes,Not Required,0.8,4.44,1.85,Low,Low,Low,II,Red,Good,43.7,Medium,SYNTHETIC_SIH26017_ENHANCED,Synthetic prototype dataset; added features are simulated and must not be represented as official parcel records.
LA-0324,Tamil Nadu,Salem,Irrigation,37.3,27,Mostly Paid,23,2,Partial,53.3,91.7,83.5,Partially Complete,Completed,4,Possession,2,0,14,21.462367,81.26941,synthetic_demo_district_center,Buffer Zone,30.7,8.6,10.2,2.35,No,No,199.0,No,Not Required,Yes,Yes,1507.5,6.9,1.58,4.28,11.0,8.1,Coastal,Industrial,40.2,3.7,1.5,4.0,No,Not Required,10,6,2,69.1,Pending,Medium,Yes,In Progress,Government,,Verified,No,Clear,No,Pending,98.3,No,Pending,6,4,Not Required,Approved,Issued,54.9,1248.43,1929.04,25.0,Yes,5.4,No,No,Yes,No,Not Required,0.98,2.55,4.01,Low,Medium,Medium,III,Sandy,Good,40.5,Medium,SYNTHETIC_SIH26017_ENHANCED,Synthetic prototype dataset; added features are simulated and must not be represented as official parcel records.
LA-0325,Rajasthan,Kota,Railway,5.0,5,Partially Paid,61,1,Not Started,7.6,63.3,35.3,Complete,Completed,5,Compensation,2,1,205,22.452128,88.358285,synthetic_demo_district_center,Buffer Zone,15.5,6.3,11.1,4.54,No,No,504.0,No,Not Required,Yes,Yes,298.7,10.6,2.83,4.24,4.93,4.02,Plain,Industrial,93.2,3.0,1.2,5.2,No,Pending,15,7,4,59.4,Pending,Medium,Yes,Planned,Joint,,Verified,No,Clear,Yes,Updated,89.0,No,,1,1,Completed,Pending,Pending,59.8,3370.18,6403.85,64.1,No,-1.5,No,Yes,Yes,No,Completed,2.18,7.5,3.89,Low,Low,Low,IV,Loamy,Good,37.5,Low,SYNTHETIC_SIH26017_ENHANCED,Synthetic prototype dataset; added features are simulated and must not be represented as official parcel records.
LA-0326,Tamil Nadu,Chennai,Airport,19.6,11,Partially Paid,14,0,Partial,52.9,63.7,64.3,Complete,Partially Completed,1,Notification,2,0,0,20.28631,85.647724,synthetic_demo_district_center,Non-Green Zone,32.5,17.8,13.8,4.1,No,No,77.0,No,Not Required,Yes,Yes,1000.0,3.0,3.9,1.99,0.87,9.11,Plain,Agricultural,63.9,3.5,0.8,2.4,No,Pending,6,4,1,42.1,Partial,Medium,Yes,Planned,Private,Possible,Verified,No,Clear,No,Updated,99.6,No,,1,1,Not Required,Pending,Issued,87.2,1167.85,2564.21,54.2,No,6.9,No,Yes,Yes,No,Not Required,0.65,5.91,8.99,Low,High,Low,II,Alluvial,Moderate,46.1,Medium,SYNTHETIC_SIH26017_ENHANCED,Synthetic prototype dataset; added features are simulated and must not be represented as official parcel records.
LA-0327,Uttar Pradesh,Kanpur Nagar,Irrigation,29.4,12,Mostly Paid,30,1,Not Started,55.9,52.9,78.3,Partially Complete,Completed,6,Rehabilitation,2,1,106,22.548907,88.427355,synthetic_demo_district_center,Buffer Zone,12.2,5.8,13.8,5.2,No,No,278.0,No,Approved,No,No,1117.4,2.3,1.23,2.72,3.11,6.05,Coastal,Residential,61.7,21.2,3.5,2.3,Yes,Not Required,3,4,1,70.5,Obtained,Low,Yes,Not Required,Private,,Verified,No,Reported,No,Updated,70.1,No,,3,3,Completed,Approved,Issued,59.8,882.95,994.31,46.0,No,14.7,No,No,Yes,Yes,Not Required,1.35,1.06,2.02,Medium,Low,Medium,II,Red,Moderate,28.4,Low,SYNTHETIC_SIH26017_ENHANCED,Synthetic prototype dataset; added features are simulated and must not be represented as official parcel records.
LA-0328,Odisha,Khordha,Irrigation,10.3,3,Partially Paid,45,3,Mostly Obtained,59.3,53.6,60.2,Partially Complete,,4,Planning,1,0,22,22.596623,88.271803,synthetic_demo_district_center,Non-Green Zone,31.8,8.0,10.6,3.02,No,No,319.0,No,Approved,No,No,842.7,3.4,1.14,12.6,9.26,6.51,Hilly,Agricultural,73.6,16.8,0.1,4.8,Yes,Not Required,4,3,1,89.5,Pending,Medium,Yes,Not Required,Joint,,Issue Found,Yes,Under Verification,No,Updated,86.7,No,,6,2,Not Required,Pending,Pending,72.5,694.96,1280.2,61.1,No,32.5,No,Yes,No,No,Not Required,4.73,1.94,0.39,Low,High,Medium,III,Laterite,Moderate,55.5,Medium,SYNTHETIC_SIH26017_ENHANCED,Synthetic prototype dataset; added features are simulated and must not be represented as official parcel records.
LA-0329,Uttar Pradesh,Agra,Highway,32.8,14,Not Started,21,1,Partial,,28.8,93.9,Complete,Pending,2,Closure,2,0,14,23.258842,77.440913,synthetic_demo_district_center,Buffer Zone,16.4,4.7,5.9,3.74,No,No,401.0,No,Not Required,No,No,509.6,2.5,2.3,10.57,22.56,8.87,Plateau,Government,50.6,7.9,0.7,4.6,No,Not Required,5,0,1,20.5,Obtained,Medium,No,Completed,Private,,Verified,No,Clear,No,Not Available,56.6,No,,2,2,Pending,Approved,Issued,71.4,918.39,1508.24,70.3,Yes,29.7,No,No,Yes,Yes,Completed,0.54,2.2,2.06,Low,Medium,Low,IV,Black,Good,49.4,Medium,SYNTHETIC_SIH26017_ENHANCED,Synthetic prototype dataset; added features are simulated and must not be represented as official parcel records.
LA-0330,West Bengal,Kolkata,Airport,21.0,12,Not Started,35,0,Partial,65.3,54.1,69.3,,Completed,1,Rehabilitation,0,0,13,16.625871,80.507456,synthetic_demo_district_center,Non-Green Zone,47.1,7.8,9.5,16.58,No,No,428.0,No,Not Required,Yes,Yes,1570.4,0.9,4.05,6.26,7.62,12.99,Plain,Residential,43.6,6.5,4.5,2.2,Yes,Not Required,9,4,2,75.6,Pending,Medium,Yes,Completed,Private,,Verified,No,Reported,No,Updated,92.1,Yes,,3,0,Not Required,Partially Approved,Issued,52.2,2284.74,3284.79,2.9,No,31.7,No,No,Yes,Yes,Not Required,0.88,2.62,7.12,Low,Low,Medium,III,Laterite,Good,37.5,Low,SYNTHETIC_SIH26017_ENHANCED,Synthetic prototype dataset; added features are simulated and must not be represented as official parcel records.
LA-0331,Gujarat,Surat,Power,91.5,41,Mostly Paid,13,1,Mostly Obtained,93.0,73.0,52.7,Partially Complete,Completed,5,Possession,2,0,11,26.918019,80.761245,synthetic_demo_district_center,Non-Green Zone,25.7,1.7,12.9,6.46,No,No,518.0,No,Approved,Yes,Yes,1226.4,4.2,5.61,8.47,4.95,8.76,Plain,Agricultural,69.0,2.9,4.1,0.5,No,Approved,1,1,0,36.3,Partial,Low,Yes,Not Required,Institutional,Possible,Verified,No,Clear,No,Updated,77.6,No,,3,1,Completed,Approved,Pending,51.9,286.45,390.84,91.4,No,-10.1,Yes,No,No,Yes,In Progress,1.06,3.01,0.98,Medium,High,Medium,II,Laterite,Moderate,33.9,Low,SYNTHETIC_SIH26017_ENHANCED,Synthetic prototype dataset; added features are simulated and must not be represented as official parcel records.
LA-0332,Karnataka,Belagavi,Railway,79.8,34,Partially Paid,71,0,Partial,73.6,89.9,74.8,Complete,Completed,6,Closure,0,0,0,12.878257,77.50879,synthetic_demo_district_center,Green Zone,9.8,2.3,11.1,2.62,No,No,665.0,Yes,Pending,No,No,1134.3,3.4,2.29,7.99,2.85,17.18,Plain,Agricultural,33.1,11.2,5.1,4.2,No,Not Required,2,1,1,79.4,Obtained,Low,Yes,Completed,Private,,Under Review,No,Clear,No,Pending,55.9,No,,1,1,Completed,Pending,Issued,82.7,531.14,899.0,76.2,No,13.6,No,Yes,No,No,Not Required,0.98,4.03,6.1,Low,Medium,Low,II,Red,Good,40.0,Medium,SYNTHETIC_SIH26017_ENHANCED,Synthetic prototype dataset; added features are simulated and must not be represented as official parcel records.
LA-0333,Tamil Nadu,Coimbatore,Irrigation,17.3,7,Fully Paid,24,0,Partial,34.8,63.3,70.5,Incomplete,Partially Completed,1,Possession,2,0,0,16.702062,80.726211,synthetic_demo_district_center,Non-Green Zone,20.8,4.9,11.9,0.57,No,No,179.0,No,Not Required,Yes,Yes,825.2,2.4,5.35,5.45,12.35,6.72,Hilly,Commercial,48.5,8.4,4.1,0.7,No,Not Required,6,2,0,36.7,Obtained,Low,Yes,Planned,Private,,Under Review,No,Clear,No,Pending,71.6,No,,1,1,Pending,Pending,Issued,69.1,416.07,531.24,64.0,No,-5.7,No,No,No,No,Pending,2.37,3.56,2.39,Low,Low,Low,III,Alluvial,Good,35.0,Low,SYNTHETIC_SIH26017_ENHANCED,Synthetic prototype dataset; added features are simulated and must not be represented as official parcel records.
LA-0334,Karnataka,Mysuru,Railway,21.9,8,Partially Paid,34,1,Full,47.9,82.7,85.8,Complete,Completed,4,Planning,2,0,24,22.479261,88.535208,synthetic_demo_district_center,Non-Green Zone,35.7,4.5,8.1,21.84,Yes,No,993.0,Yes,Not Required,Yes,Yes,1186.1,2.5,5.4,8.39,0.31,6.34,Plain,Industrial,45.3,3.4,3.1,3.9,No,Pending,11,5,2,30.1,Disputed,Medium,Yes,Not Required,Private,Confirmed,Under Review,No,Reported,No,Updated,66.9,No,,0,0,Pending,Pending,Issued,89.2,557.77,1205.67,4.2,No,8.5,No,No,Yes,No,Completed,4.45,5.88,7.14,Low,Low,High,II,Alluvial,Poor,66.1,Medium,SYNTHETIC_SIH26017_ENHANCED,Synthetic prototype dataset; added features are simulated and must not be represented as official parcel records.
LA-0335,Tamil Nadu,Tiruchirappalli,Irrigation,23.2,10,Mostly Paid,4,1,Not Started,26.1,60.6,86.1,Partially Complete,Completed,5,Possession,1,0,21,26.783262,75.864298,synthetic_demo_district_center,Non-Green Zone,20.2,3.4,11.7,3.28,No,No,421.0,No,Not Required,No,No,1693.0,6.5,8.44,14.01,1.41,3.99,Plain,Residential,57.4,7.0,5.4,0.8,No,Pending,1,1,0,57.0,Obtained,Low,Yes,Planned,Joint,Possible,Under Review,No,Clear,No,Updated,91.9,No,,4,1,Not Required,Approved,Issued,62.6,507.82,924.33,9.2,No,32.1,No,No,Yes,No,In Progress,1.11,5.18,2.43,Low,Low,Low,II,Laterite,Good,35.3,Low,SYNTHETIC_SIH26017_ENHANCED,Synthetic prototype dataset; added features are simulated and must not be represented as official parcel records.
LA-0336,Madhya Pradesh,Jabalpur,Highway,17.5,9,Mostly Paid,11,0,Not Started,46.1,42.9,74.4,Complete,,6,Notification,0,0,22,28.485237,76.929765,synthetic_demo_district_center,Non-Green Zone,11.7,6.1,18.9,1.55,Yes,No,957.0,Yes,Not Required,No,No,199.4,1.4,2.15,5.36,14.71,5.71,Plain,Agricultural,73.3,12.4,3.8,2.2,No,Not Required,6,2,0,27.6,Obtained,Low,Yes,Not Required,Private,,Verified,No,Clear,Yes,Pending,57.6,No,Pending,5,3,Completed,Pending,Issued,59.1,1732.08,1922.58,21.6,No,7.5,No,Yes,Yes,Yes,In Progress,1.29,1.26,11.36,Medium,Medium,Medium,II,Laterite,Good,39.3,Low,SYNTHETIC_SIH26017_ENHANCED,Synthetic prototype dataset; added features are simulated and must not be represented as official parcel records.
LA-0337,Rajasthan,Ajmer,Power,28.4,14,Mostly Paid,60,0,Partial,76.3,33.2,53.0,Complete,Pending,2,Compensation,0,1,101,26.990212,81.048346,synthetic_demo_district_center,Non-Green Zone,17.3,1.9,28.6,5.39,No,No,205.0,No,Not Required,No,No,1351.3,6.7,0.45,6.63,15.49,8.47,Plain,Agricultural,75.1,9.4,2.0,6.7,No,Not Required,9,2,1,76.0,Partial,Low,Yes,Completed,Joint,Confirmed,Verified,No,Clear,No,Updated,65.7,No,,1,1,Pending,Partially Approved,Pending,76.5,1041.96,1630.66,96.4,No,22.2,No,No,Yes,No,Pending,3.99,0.77,4.36,Low,Low,Low,IV,Loamy,Moderate,41.5,Medium,SYNTHETIC_SIH26017_ENHANCED,Synthetic prototype dataset; added features are simulated and must not be represented as official parcel records.
LA-0338,West Bengal,Nadia,Industrial,13.9,6,Partially Paid,20,0,Partial,83.3,12.3,78.1,Partially Complete,Completed,1,Compensation,1,0,10,23.387274,77.312495,synthetic_demo_district_center,Non-Green Zone,25.8,10.0,15.1,12.31,No,No,175.0,No,Not Required,No,No,1339.2,2.2,6.93,8.08,11.97,4.07,Plain,Commercial,58.0,4.8,0.2,6.2,No,Approved,20,3,4,25.8,Pending,High,Yes,In Progress,Private,,Under Review,No,Clear,No,Updated,80.8,No,Pending,5,3,Completed,Approved,Pending,56.8,2872.33,3380.02,16.4,No,26.9,No,Yes,Yes,No,Not Required,5.16,2.43,1.6,Medium,Low,Low,III,Black,Moderate,45.6,Medium,SYNTHETIC_SIH26017_ENHANCED,Synthetic prototype dataset; added features are simulated and must not be represented as official parcel records.
LA-0339,Odisha,Puri,Highway,10.5,2,Fully Paid,13,1,Mostly Obtained,77.5,66.3,82.9,Complete,Completed,4,Rehabilitation,1,0,24,26.165352,91.592866,synthetic_demo_district_center,Green Zone,11.2,12.3,23.3,2.66,No,No,1674.0,Yes,Not Required,No,No,586.8,6.0,4.89,7.24,4.24,5.53,Coastal,Industrial,38.2,2.7,3.1,3.2,Yes,Not Required,10,3,3,25.5,Obtained,Medium,Yes,Planned,Private,,Verified,No,Under Verification,No,Updated,58.4,No,,1,1,Not Required,Approved,Issued,50.7,789.4,885.23,30.1,No,6.2,No,Yes,No,No,Pending,2.18,0.89,2.14,Medium,Medium,Low,III,Laterite,Good,44.3,Medium,SYNTHETIC_SIH26017_ENHANCED,Synthetic prototype dataset; added features are simulated and must not be represented as official parcel records.
LA-0340,Tamil Nadu,Salem,Highway,39.1,17,Fully Paid,7,0,Partial,41.9,79.2,55.8,Complete,Partially Completed,2,Possession,0,0,0,9.82172,76.353385,synthetic_demo_district_center,Green Zone,1.3,10.1,5.9,7.86,No,No,27.0,Yes,Not Required,Yes,Yes,436.1,5.6,0.46,8.04,6.03,11.14,Coastal,Agricultural,77.5,1.7,1.6,1.2,No,Approved,6,3,0,87.6,Pending,Medium,Yes,Not Required,Private,,Verified,No,Reported,No,Updated,60.9,No,,2,0,Pending,Approved,Issued,69.4,1309.54,2332.37,57.2,No,31.1,No,Yes,Yes,No,Not Required,2.6,3.27,2.05,Low,Low,Low,II,Loamy,Moderate,37.8,Low,SYNTHETIC_SIH26017_ENHANCED,Synthetic prototype dataset; added features are simulated and must not be represented as official parcel records.
LA-0341,Karnataka,Mangaluru,Highway,39.3,20,Fully Paid,70,1,Full,31.9,86.8,60.2,Incomplete,Completed,5,Compensation,2,0,23,23.10179,72.476249,synthetic_demo_district_center,Non-Green Zone,25.0,6.9,12.7,2.96,Yes,No,465.0,Yes,Not Required,No,No,596.5,7.7,5.88,14.28,17.72,15.54,Plateau,Residential,64.9,11.0,1.7,5.8,No,Not Required,5,0,0,33.0,Partial,Low,No,Planned,Private,,Verified,No,Reported,No,Updated,55.9,Yes,Pending,3,2,Completed,Pending,Issued,82.6,304.34,331.71,46.3,No,-6.4,Yes,Yes,No,Yes,In Progress,1.75,0.25,2.6,High,Low,Low,III,Loamy,Moderate,32.7,Low,SYNTHETIC_SIH26017_ENHANCED,Synthetic prototype dataset; added features are simulated and must not be represented as official parcel records.
LA-0342,West Bengal,Hooghly,Metro,13.4,6,Fully Paid,49,0,Not Started,52.8,76.7,64.8,Partially Complete,Completed,1,Compensation,0,0,6,28.426865,77.017072,synthetic_demo_district_center,Non-Green Zone,16.1,8.0,13.7,7.01,No,No,441.0,No,Approved,No,No,239.5,2.6,2.54,11.27,5.79,6.89,Plain,Wasteland,82.6,12.5,1.5,0.2,No,Approved,13,2,1,78.0,Obtained,Low,Yes,Completed,Private,,Issue Found,Yes,Clear,No,Pending,61.7,No,Disposed,4,3,Completed,Partially Approved,Issued,84.5,2268.97,4805.6,43.9,No,19.2,No,No,Yes,Yes,Completed,1.67,2.35,1.74,High,Low,Low,II,Red,Moderate,55.3,Medium,SYNTHETIC_SIH26017_ENHANCED,Synthetic prototype dataset; added features are simulated and must not be represented as official parcel records.
LA-0343,Maharashtra,Thane,Railway,48.0,23,Mostly Paid,47,0,Partial,56.9,81.0,71.6,Complete,Pending,3,Possession,3,0,3,18.927373,72.891763,synthetic_demo_district_center,Non-Green Zone,41.5,2.1,9.9,6.79,No,Yes,1085.0,No,Pending,No,No,1495.4,0.8,0.97,3.39,4.3,4.76,Plain,Agricultural,88.2,9.3,4.7,1.5,No,Not Required,16,4,3,81.3,Obtained,Low,Yes,Completed,Private,,Verified,No,Clear,No,Updated,94.3,No,,5,5,Not Required,Partially Approved,Pending,62.2,2025.21,3169.09,36.3,No,29.0,No,Yes,No,No,Not Required,0.85,5.87,2.5,Low,Low,Low,III,Red,Moderate,38.6,Low,SYNTHETIC_SIH26017_ENHANCED,Synthetic prototype dataset; added features are simulated and must not be represented as official parcel records.
LA-0344,Maharashtra,Nagpur,Industrial,15.3,6,Mostly Paid,89,2,Partial,30.8,46.8,87.1,Complete,Partially Completed,4,Notification,2,0,12,9.955851,76.221234,synthetic_demo_district_center,Non-Green Zone,20.0,16.1,23.4,2.21,No,No,420.0,No,Not Required,Yes,Yes,374.2,2.2,1.44,3.35,1.84,15.49,Plateau,Residential,30.5,6.6,9.2,3.1,Yes,Not Required,18,10,1,27.5,Obtained,Low,Yes,In Progress,Government,,Verified,No,Under Verification,No,Updated,82.3,Yes,,3,3,Not Required,Pending,Issued,96.6,1567.26,2696.32,8.8,Yes,30.5,No,No,Yes,No,Completed,0.69,1.73,1.85,Low,Low,Medium,IV,Red,Poor,57.4,Medium,SYNTHETIC_SIH26017_ENHANCED,Synthetic prototype dataset; added features are simulated and must not be represented as official parcel records.
LA-0345,Uttar Pradesh,Mathura,Railway,29.7,10,Fully Paid,23,1,Mostly Obtained,65.4,67.1,57.5,Partially Complete,Completed,4,Notification,0,0,1,9.876359,76.304814,synthetic_demo_district_center,Non-Green Zone,18.8,4.6,18.3,3.52,No,No,38.0,No,Approved,Yes,Yes,959.4,2.0,1.95,2.29,2.79,10.42,Plain,Government,51.0,17.2,4.5,1.7,No,Pending,7,1,1,22.5,Obtained,High,Yes,In Progress,Government,Confirmed,Under Review,No,Clear,No,Updated,77.5,No,Pending,5,0,Not Required,Approved,Issued,69.2,2057.36,2492.77,47.7,Yes,-5.2,No,Yes,Yes,No,Not Required,0.99,3.63,1.27,Medium,Low,Medium,II,Red,Good,49.0,Medium,SYNTHETIC_SIH26017_ENHANCED,Synthetic prototype dataset; added features are simulated and must not be represented as official parcel records.
LA-0346,Odisha,Puri,Railway,45.4,25,Mostly Paid,8,0,Full,83.5,60.3,34.3,Complete,Completed,3,Rehabilitation,0,0,0,25.937328,91.884859,synthetic_demo_district_center,Green Zone,18.4,8.3,15.1,1.62,No,No,109.0,Yes,Pending,No,No,1759.7,1.2,0.84,13.4,1.47,7.58,Plain,Commercial,89.7,9.9,2.9,7.1,No,Pending,21,13,3,29.4,Obtained,Low,Yes,Not Required,Private,,Verified,No,Clear,No,Pending,66.7,Yes,,6,6,Pending,Pending,Pending,85.2,7557.72,16522.38,2.3,Yes,19.9,No,No,No,No,In Progress,2.29,2.28,1.36,Low,Low,Medium,II,Laterite,Moderate,50.0,Medium,SYNTHETIC_SIH26017_ENHANCED,Synthetic prototype dataset; added features are simulated and must not be represented as official parcel records.
LA-0347,Madhya Pradesh,Gwalior,Power,23.9,8,Fully Paid,31,2,Partial,10.0,55.8,46.6,Complete,Completed,2,Compensation,1,0,13,16.353114,80.716585,synthetic_demo_district_center,Green Zone,31.1,7.1,24.6,2.62,No,No,773.0,Yes,Approved,No,No,503.1,4.1,1.04,5.41,9.31,5.4,Hilly,Industrial,59.6,9.2,2.1,3.8,Yes,Not Required,18,2,4,72.2,Obtained,Medium,Yes,Completed,Joint,,Under Review,No,Clear,No,Not Available,75.5,No,,4,0,Not Required,Approved,Pending,75.4,4997.91,6901.21,50.8,Yes,-12.3,No,No,Yes,No,In Progress,4.67,3.82,6.56,Medium,Low,Medium,II,Loamy,Good,46.9,Medium,SYNTHETIC_SIH26017_ENHANCED,Synthetic prototype dataset; added features are simulated and must not be represented as official parcel records.
LA-0348,Karnataka,Mysuru,Highway,34.5,13,Mostly Paid,100,1,Full,23.3,64.0,81.2,Complete,Completed,4,Planning,0,0,17,26.282561,91.825192,synthetic_demo_district_center,Buffer Zone,20.9,9.0,13.5,6.71,Yes,No,1141.0,Yes,Not Required,Yes,Yes,827.5,9.9,5.21,4.48,15.21,5.98,Plain,Government,76.1,15.9,4.4,9.3,No,Not Required,1,2,0,39.0,Obtained,Low,Yes,Planned,Joint,,Verified,No,Clear,No,Updated,91.1,No,,5,1,Not Required,Pending,Issued,93.6,618.31,1295.69,31.2,No,-2.3,No,No,No,No,In Progress,2.6,5.54,11.16,Low,Medium,Low,IV,Sandy,Moderate,48.0,Medium,SYNTHETIC_SIH26017_ENHANCED,Synthetic prototype dataset; added features are simulated and must not be represented as official parcel records.
LA-0349,Rajasthan,Jodhpur,Airport,16.7,6,Fully Paid,31,0,Partial,84.9,25.0,49.3,Partially Complete,Pending,2,Compensation,2,0,24,10.063224,76.393175,synthetic_demo_district_center,Non-Green Zone,9.8,8.5,11.9,11.37,No,No,912.0,No,Not Required,No,No,1196.5,3.7,2.14,2.49,0.73,3.91,Plateau,Residential,27.5,5.3,1.5,0.9,No,Not Required,3,1,0,42.8,Pending,Medium,Yes,Planned,Private,,Under Review,No,Clear,No,Not Available,90.1,Yes,,6,1,Pending,Pending,Issued,66.8,663.24,813.74,98.1,No,22.8,No,Yes,Yes,Yes,Not Required,0.98,1.05,0.4,Low,Low,Low,III,Loamy,Good,38.7,Low,SYNTHETIC_SIH26017_ENHANCED,Synthetic prototype dataset; added features are simulated and must not be represented as official parcel records.
LA-0350,Rajasthan,Jodhpur,Irrigation,21.2,8,Partially Paid,66,0,Not Started,39.3,89.5,70.4,Complete,Pending,5,Possession,2,0,18,9.809889,76.280624,synthetic_demo_district_center,Non-Green Zone,13.2,5.5,8.1,2.18,No,No,434.0,No,Not Required,Yes,Yes,1493.4,0.4,1.97,4.22,6.37,32.7,Plain,Agricultural,84.5,20.8,4.2,3.7,No,Not Required,3,2,1,29.5,Obtained,Medium,Yes,Not Required,Private,,Verified,No,Clear,No,Updated,93.4,No,,3,3,Completed,Approved,Issued,80.4,1014.37,2111.83,1.2,No,-4.7,Yes,Yes,Yes,No,Not Required,1.74,1.48,1.49,High,Medium,Low,IV,Loamy,Good,46.8,Medium,SYNTHETIC_SIH26017_ENHANCED,Synthetic prototype dataset; added features are simulated and must not be represented as official parcel records.
LA-0351,Karnataka,Mysuru,Power,21.0,7,Fully Paid,8,0,Not Started,82.1,84.1,73.2,Partially Complete,Pending,3,Rehabilitation,3,0,32,26.11629,91.75229,synthetic_demo_district_center,Non-Green Zone,17.1,14.2,8.2,1.07,No,No,356.0,No,Approved,No,No,938.7,4.2,2.0,2.79,7.6,3.07,Coastal,Residential,28.6,14.1,7.6,2.7,No,Pending,4,2,1,98.0,Obtained,High,Yes,Not Required,Private,,Verified,No,Clear,No,Pending,80.2,No,,6,0,Not Required,Approved,Issued,78.5,576.58,812.0,84.9,Yes,27.2,No,Yes,No,No,Completed,0.78,1.15,3.32,Low,Low,Medium,III,Red,Good,40.5,Medium,SYNTHETIC_SIH26017_ENHANCED,Synthetic prototype dataset; added features are simulated and must not be represented as official parcel records.
LA-0352,Gujarat,Bhavnagar,Industrial,14.0,7,Mostly Paid,15,1,Partial,73.8,35.0,67.5,Partially Complete,,2,Closure,1,0,26,21.323933,81.611395,synthetic_demo_district_center,Non-Green Zone,21.0,11.5,11.3,1.83,No,No,26.0,No,Approved,Yes,Yes,1459.1,8.1,1.8,6.13,0.73,17.3,Plateau,Residential,87.4,1.3,1.7,1.2,No,Not Required,2,0,1,20.4,Obtained,Low,No,In Progress,Private,,Verified,No,Clear,No,Not Available,92.4,No,Pending,3,3,Not Required,Partially Approved,Issued,58.9,601.89,1023.96,49.7,No,-4.6,No,Yes,Yes,No,Not Required,3.86,3.23,0.44,Low,Medium,Low,IV,Loamy,Good,44.5,Medium,SYNTHETIC_SIH26017_ENHANCED,Synthetic prototype dataset; added features are simulated and must not be represented as official parcel records.
LA-0353,Madhya Pradesh,Jabalpur,Irrigation,21.5,12,Mostly Paid,57,0,Partial,64.5,54.2,74.5,Complete,Partially Completed,5,Rehabilitation,1,1,162,19.349064,72.857792,synthetic_demo_district_center,Green Zone,31.3,0.2,15.3,6.08,No,No,479.0,Yes,Not Required,No,No,595.6,6.5,5.48,4.36,12.72,22.09,Plain,Residential,50.8,17.4,3.6,10.0,Yes,Not Required,9,3,3,78.9,Partial,Low,Yes,Completed,Government,,Under Review,No,Clear,No,Not Available,94.9,No,,0,0,Pending,Partially Approved,Pending,56.0,3709.06,4107.94,81.5,No,21.4,No,Yes,Yes,No,In Progress,1.32,2.05,3.75,Medium,Low,Low,V,Red,Good,37.9,Low,SYNTHETIC_SIH26017_ENHANCED,Synthetic prototype dataset; added features are simulated and must not be represented as official parcel records.
LA-0354,West Bengal,Kolkata,Highway,7.7,3,Partially Paid,34,4,Not Started,31.1,88.6,76.5,Complete,Completed,1,Compensation,1,1,186,13.141523,80.344409,synthetic_demo_district_center,Non-Green Zone,21.6,7.7,9.6,6.35,Yes,No,255.0,Yes,Pending,Yes,Yes,1026.5,1.5,4.0,7.88,0.73,12.06,Coastal,Agricultural,77.6,4.2,3.4,3.4,No,Pending,6,1,2,86.5,Obtained,Low,Yes,In Progress,Institutional,,Under Review,No,Clear,No,Updated,67.6,No,,6,2,Not Required,Approved,Issued,62.3,1498.97,1868.28,42.5,No,14.3,No,Yes,Yes,Yes,Completed,1.29,0.23,2.32,Medium,Low,Medium,IV,Laterite,Moderate,54.5,Medium,SYNTHETIC_SIH26017_ENHANCED,Synthetic prototype dataset; added features are simulated and must not be represented as official parcel records.
LA-0355,Tamil Nadu,Madurai,Highway,17.0,5,Fully Paid,27,3,Partial,14.4,32.3,92.0,Complete,Partially Completed,4,Notification,1,0,24,30.815792,75.891509,synthetic_demo_district_center,Non-Green Zone,3.5,3.2,16.4,1.74,No,Yes,673.0,No,Not Required,No,No,799.1,4.6,0.29,2.32,14.05,7.71,Plateau,Agricultural,84.4,7.8,2.3,1.5,No,Pending,2,1,0,27.5,Disputed,Low,Yes,In Progress,Private,Possible,Verified,No,Clear,No,Updated,97.9,No,,0,0,Not Required,Approved,Issued,56.3,1514.9,1931.15,90.9,No,-14.3,No,Yes,Yes,Yes,Pending,1.56,1.8,3.81,Medium,Low,Low,III,Black,Moderate,60.6,Medium,SYNTHETIC_SIH26017_ENHANCED,Synthetic prototype dataset; added features are simulated and must not be represented as official parcel records.
LA-0356,Gujarat,Bhavnagar,Highway,19.8,11,Fully Paid,65,0,Partial,25.6,27.6,73.1,Complete,Completed,3,Notification,2,1,134,13.197984,77.657807,synthetic_demo_district_center,Green Zone,11.6,9.7,5.5,2.27,No,No,1117.0,Yes,Approved,No,No,312.5,4.7,0.71,1.07,13.11,24.17,Hilly,Commercial,38.3,6.5,1.5,3.4,No,Not Required,3,4,2,86.6,Partial,Low,Yes,Not Required,Private,,Under Review,No,Clear,No,Updated,67.5,Yes,,5,0,Not Required,Approved,Pending,52.5,1170.03,1933.06,55.1,No,-6.1,No,Yes,No,Yes,Not Required,1.16,6.28,5.77,Low,High,Low,II,Alluvial,Good,44.9,Medium,SYNTHETIC_SIH26017_ENHANCED,Synthetic prototype dataset; added features are simulated and must not be represented as official parcel records.
LA-0357,Tamil Nadu,Chennai,Irrigation,20.2,11,Partially Paid,57,1,Not Started,68.7,67.6,56.1,Complete,Pending,1,Possession,0,0,7,21.480475,81.538675,synthetic_demo_district_center,Buffer Zone,6.7,4.2,15.0,4.83,No,No,607.0,No,Approved,Yes,Yes,1226.2,8.7,3.65,6.23,3.29,9.11,Plain,Agricultural,84.2,5.0,1.8,4.1,No,Not Required,13,4,3,92.5,Obtained,High,Yes,Completed,Joint,,Issue Found,Yes,Clear,No,Updated,73.8,No,Pending,5,3,Completed,Pending,Pending,96.4,1465.34,3112.76,51.4,No,31.8,Yes,No,No,No,Completed,1.26,5.65,7.68,Low,Low,Low,II,Black,Moderate,46.6,Medium,SYNTHETIC_SIH26017_ENHANCED,Synthetic prototype dataset; added features are simulated and must not be represented as official parcel records.
LA-0358,Tamil Nadu,Tiruchirappalli,Highway,20.5,16,Mostly Paid,35,0,Partial,39.3,52.7,45.9,Partially Complete,Completed,1,Possession,2,0,0,16.661568,80.688324,synthetic_demo_district_center,Buffer Zone,53.7,1.0,25.8,4.33,No,No,488.0,No,Approved,Yes,Yes,1144.6,3.6,1.47,4.16,8.79,9.7,Coastal,Agricultural,62.8,8.3,2.3,3.2,Yes,Not Required,11,9,4,24.5,Disputed,Low,Yes,Planned,Joint,Possible,Verified,No,Clear,No,Not Available,80.5,No,,2,2,Not Required,Pending,Issued,82.2,5184.87,9403.99,58.9,No,3.4,No,Yes,Yes,Yes,Completed,0.93,2.46,2.06,Medium,Medium,Low,III,Red,Good,35.2,Low,SYNTHETIC_SIH26017_ENHANCED,Synthetic prototype dataset; added features are simulated and must not be represented as official parcel records.
LA-0359,Gujarat,Bhavnagar,Industrial,23.4,11,Partially Paid,1,0,Full,63.7,81.6,66.3,Complete,Completed,1,Possession,0,0,19,22.701737,88.332138,synthetic_demo_district_center,Buffer Zone,6.2,18.2,6.8,5.25,No,Yes,348.0,No,Approved,No,No,276.8,3.3,0.94,5.13,6.61,3.6,Plateau,Residential,46.9,15.9,2.0,2.3,No,Not Required,5,2,2,37.1,Obtained,Low,Yes,Completed,Private,,Verified,No,Clear,No,Updated,85.8,No,,5,3,Completed,Partially Approved,Issued,67.1,1067.03,1252.1,11.1,Yes,-7.6,No,Yes,Yes,Yes,Pending,2.09,1.84,3.42,Low,Medium,Low,III,Red,Moderate,58.8,Medium,SYNTHETIC_SIH26017_ENHANCED,Synthetic prototype dataset; added features are simulated and must not be represented as official parcel records.
LA-0360,Uttar Pradesh,Lucknow,Airport,35.1,15,Fully Paid,30,1,Partial,20.5,44.9,82.4,Partially Complete,Partially Completed,2,Notification,1,0,5,13.015135,77.570346,synthetic_demo_district_center,Non-Green Zone,32.4,7.2,32.7,0.7,Yes,No,132.0,Yes,Not Required,No,No,586.8,4.2,2.98,0.94,3.53,13.68,Hilly,Government,67.8,15.2,7.3,3.2,No,Not Required,7,3,1,26.5,Obtained,Low,Yes,Completed,Private,,Issue Found,Yes,Clear,No,Updated,69.3,No,,2,2,Pending,Approved,Issued,60.2,1011.8,1902.08,85.7,No,33.0,No,Yes,Yes,No,Completed,1.41,1.86,4.95,Low,Low,Medium,III,Sandy,Good,74.0,High,SYNTHETIC_SIH26017_ENHANCED,Synthetic prototype dataset; added features are simulated and must not be represented as official parcel records.
LA-0361,Maharashtra,Aurangabad,Irrigation,47.3,21,Mostly Paid,41,1,Mostly Obtained,68.1,80.0,37.2,Partially Complete,Completed,4,Compensation,2,0,42,23.432961,85.398816,synthetic_demo_district_center,Buffer Zone,46.3,5.1,6.4,1.77,No,No,348.0,No,Not Required,No,No,1303.3,3.6,1.22,2.46,2.74,8.9,Plain,Agricultural,75.6,17.4,0.6,1.4,Yes,Pending,3,0,0,89.6,Pending,High,No,Not Required,Private,,Verified,No,Reported,No,Pending,68.0,No,,0,0,Not Required,Approved,Issued,78.9,337.09,363.91,28.2,No,27.0,No,No,Yes,No,Completed,0.95,2.39,2.04,Medium,Low,Medium,II,Loamy,Poor,49.9,Medium,SYNTHETIC_SIH26017_ENHANCED,Synthetic prototype dataset; added features are simulated and must not be represented as official parcel records.
LA-0362,Tamil Nadu,Coimbatore,Metro,15.1,9,Partially Paid,5,1,Mostly Obtained,22.0,85.5,80.1,Complete,Completed,3,Notification,4,0,7,20.293571,85.88052,synthetic_demo_district_center,Green Zone,3.4,19.7,7.6,10.88,No,No,191.0,Yes,Not Required,No,No,244.0,3.3,1.89,7.25,5.92,13.55,Coastal,Agricultural,42.5,14.4,7.1,2.4,Yes,Not Required,4,0,1,84.6,Disputed,Low,No,In Progress,Private,,Verified,No,Under Verification,No,Updated,75.5,No,,5,5,Not Required,Partially Approved,Issued,90.8,222.3,389.89,63.7,No,-0.3,No,Yes,Yes,No,In Progress,1.01,8.4,5.36,Low,High,Medium,III,Black,Good,52.5,Medium,SYNTHETIC_SIH26017_ENHANCED,Synthetic prototype dataset; added features are simulated and must not be represented as official parcel records.
LA-0363,Gujarat,Rajkot,Highway,10.0,5,Partially Paid,40,2,Partial,66.4,47.2,56.0,Complete,Pending,6,Rehabilitation,2,1,110,31.109807,77.275578,synthetic_demo_district_center,Non-Green Zone,13.0,7.4,21.9,12.75,No,No,1151.0,No,Not Required,Yes,Yes,268.7,6.2,3.14,1.58,5.68,10.71,Plain,Agricultural,68.1,14.4,1.4,4.9,Yes,Not Required,5,2,1,100.0,Pending,Low,Yes,Not Required,Private,,Verified,No,Under Verification,No,Updated,60.3,No,,5,4,Not Required,Approved,Pending,64.6,1025.49,1629.16,47.8,No,5.5,No,Yes,No,No,Completed,2.0,1.62,1.11,Low,Low,Low,IV,Laterite,Moderate,50.1,Medium,SYNTHETIC_SIH26017_ENHANCED,Synthetic prototype dataset; added features are simulated and must not be represented as official parcel records.
LA-0364,Gujarat,Vadodara,Irrigation,11.2,6,Mostly Paid,68,0,Partial,74.8,75.7,68.5,Partially Complete,Pending,6,Notification,0,0,8,30.885681,75.980135,synthetic_demo_district_center,Non-Green Zone,27.5,5.6,6.4,1.12,No,No,178.0,No,Not Required,No,No,1349.1,2.7,1.42,3.0,3.33,4.84,Plain,Agricultural,64.9,8.4,3.7,6.4,No,Not Required,5,1,0,28.9,Obtained,Medium,Yes,Planned,Private,,Verified,No,Under Verification,No,Updated,90.6,No,Disposed,5,5,Pending,Approved,Pending,94.2,2061.52,3677.44,95.4,No,10.8,No,Yes,Yes,No,In Progress,2.75,4.27,12.67,Medium,Medium,Low,IV,Alluvial,Good,44.1,Medium,SYNTHETIC_SIH26017_ENHANCED,Synthetic prototype dataset; added features are simulated and must not be represented as official parcel records.
LA-0365,Bihar,Muzaffarpur,Industrial,17.0,10,Not Started,30,3,Partial,79.8,53.3,68.4,Partially Complete,Pending,4,Possession,2,1,127,21.328873,81.471095,synthetic_demo_district_center,Non-Green Zone,9.0,6.1,19.0,2.94,No,No,849.0,No,Not Required,No,No,547.6,1.0,2.87,2.27,5.67,9.11,Hilly,Government,70.7,23.2,8.4,7.6,No,Pending,6,0,2,60.7,Disputed,Low,No,Not Required,Private,Possible,Verified,No,Clear,No,Updated,85.5,No,,3,3,Pending,Pending,Pending,88.6,2081.81,3812.3,79.3,Yes,19.5,No,Yes,No,Yes,In Progress,2.78,2.53,6.46,High,Low,Low,II,Red,Good,73.6,High,SYNTHETIC_SIH26017_ENHANCED,Synthetic prototype dataset; added features are simulated and must not be represented as official parcel records.
LA-0366,Uttar Pradesh,Lucknow,Highway,18.8,12,Mostly Paid,12,1,Mostly Obtained,20.7,76.3,50.7,Incomplete,Completed,4,Planning,2,0,0,25.538207,85.265216,synthetic_demo_district_center,Buffer Zone,23.6,11.7,3.1,4.19,No,No,636.0,No,Pending,No,No,793.4,4.8,1.77,10.24,2.94,8.37,Plain,Residential,83.5,4.3,5.1,1.5,Yes,Not Required,7,5,0,66.2,Partial,High,Yes,Not Required,Private,,Under Review,No,Clear,Yes,Pending,92.6,No,,0,0,Completed,Partially Approved,Issued,95.4,1851.06,3437.95,65.1,No,12.1,No,Yes,Yes,Yes,Not Required,1.46,4.1,1.6,Medium,High,Low,II,Laterite,Good,31.4,Low,SYNTHETIC_SIH26017_ENHANCED,Synthetic prototype dataset; added features are simulated and must not be represented as official parcel records.
LA-0367,Odisha,Khordha,Highway,13.8,9,Fully Paid,2,2,Partial,83.9,70.5,38.7,Complete,Completed,4,Possession,0,0,0,19.042459,73.075044,synthetic_demo_district_center,Green Zone,26.8,4.2,21.6,1.46,No,No,113.0,Yes,Not Required,No,No,40.7,10.8,2.21,4.07,10.63,4.47,Plain,Industrial,89.0,3.8,2.8,2.9,Yes,Not Required,7,5,2,34.6,Obtained,Low,Yes,Not Required,Private,,Issue Found,Yes,Clear,No,Updated,62.0,No,,5,0,Not Required,Approved,Pending,66.9,2476.65,4834.19,74.0,No,14.7,No,Yes,No,No,In Progress,3.06,1.24,5.36,High,Low,Low,IV,Sandy,Poor,62.0,Medium,SYNTHETIC_SIH26017_ENHANCED,Synthetic prototype dataset; added features are simulated and must not be represented as official parcel records.
LA-0368,Bihar,Bhagalpur,Airport,9.3,7,Fully Paid,41,2,Partial,50.0,36.1,18.7,Incomplete,Partially Completed,5,Planning,0,1,150,28.411552,77.027183,synthetic_demo_district_center,Non-Green Zone,16.0,1.2,15.9,8.46,No,No,668.0,No,Not Required,Yes,Yes,341.6,4.4,4.11,0.34,12.1,18.18,Plain,Agricultural,39.0,10.6,2.6,6.4,No,Not Required,1,1,0,29.5,Partial,Low,Yes,Not Required,Private,,Verified,No,Clear,No,Updated,97.5,No,,2,2,Completed,Approved,Pending,52.9,1106.85,2090.23,97.3,No,29.2,No,Yes,Yes,No,Not Required,1.11,4.55,1.16,Medium,Low,High,III,Loamy,Poor,36.4,Low,SYNTHETIC_SIH26017_ENHANCED,Synthetic prototype dataset; added features are simulated and must not be represented as official parcel records.
LA-0369,Bihar,Bhagalpur,Power,17.4,9,Not Started,5,0,Not Started,30.0,84.8,53.5,Complete,Completed,5,Notification,2,0,17,21.257784,81.572562,synthetic_demo_district_center,Non-Green Zone,41.9,4.6,20.5,1.3,No,Yes,391.0,No,Not Required,No,No,222.4,6.3,3.67,5.44,3.97,3.54,Plain,Agricultural,85.4,13.6,1.4,5.4,Yes,Not Required,9,3,2,26.4,Obtained,Low,Yes,Not Required,Private,Possible,Verified,No,Clear,No,Updated,85.5,No,,2,0,Completed,Approved,Issued,82.0,557.12,1024.72,77.9,No,-0.1,No,Yes,Yes,No,Pending,1.04,10.86,2.26,Medium,High,Low,III,Alluvial,Moderate,45.5,Medium,SYNTHETIC_SIH26017_ENHANCED,Synthetic prototype dataset; added features are simulated and must not be represented as official parcel records.
LA-0370,Karnataka,Mangaluru,Irrigation,28.1,12,Fully Paid,47,0,Full,59.7,83.0,72.5,Complete,Pending,5,Planning,2,1,123,31.200332,76.97891,synthetic_demo_district_center,Non-Green Zone,3.7,3.8,6.8,1.53,No,No,813.0,No,Approved,Yes,Yes,1578.1,7.3,3.54,5.85,19.65,10.66,Plain,Residential,43.2,6.3,1.0,11.5,No,Not Required,16,4,5,43.5,Obtained,Low,Yes,In Progress,Institutional,,Verified,No,Clear,No,Updated,82.3,No,,4,4,Not Required,Pending,Issued,78.3,4599.36,8717.85,75.1,No,12.7,No,No,Yes,Yes,Pending,3.27,0.65,6.2,Medium,Low,Low,III,Sandy,Good,28.0,Low,SYNTHETIC_SIH26017_ENHANCED,Synthetic prototype dataset; added features are simulated and must not be represented as official parcel records.
LA-0371,Maharashtra,Thane,Irrigation,38.3,17,Mostly Paid,97,1,Partial,48.8,58.6,32.3,Complete,Completed,5,Compensation,1,1,183,25.515908,85.03125,synthetic_demo_district_center,Non-Green Zone,12.6,6.0,26.0,4.21,No,No,765.0,No,Not Required,No,No,1442.4,2.5,0.91,3.65,3.19,4.2,Plain,Agricultural,50.6,7.0,0.5,1.0,No,Approved,10,4,2,43.6,Partial,Medium,Yes,Planned,Government,,Verified,No,Clear,No,Updated,58.5,No,Pending,5,2,Not Required,Approved,Issued,86.3,2176.65,2649.41,16.5,No,13.8,Yes,Yes,No,Yes,Not Required,5.61,3.13,1.47,Low,Low,Low,II,Red,Poor,64.2,Medium,SYNTHETIC_SIH26017_ENHANCED,Synthetic prototype dataset; added features are simulated and must not be represented as official parcel records.
LA-0372,Gujarat,Bhavnagar,Industrial,16.2,5,Partially Paid,16,0,Mostly Obtained,63.8,61.0,61.5,Complete,Completed,4,Compensation,0,0,0,26.762254,75.717246,synthetic_demo_district_center,Buffer Zone,14.1,8.4,8.6,13.56,No,No,644.0,No,Not Required,No,No,912.2,7.9,8.43,11.8,10.34,3.55,Plain,Industrial,71.0,17.7,2.9,3.1,No,Approved,9,2,1,69.9,Partial,Low,Yes,Planned,Private,Possible,Verified,No,Clear,No,Updated,99.6,No,,5,4,Completed,Pending,Issued,87.5,761.73,1235.49,38.8,No,-6.4,No,Yes,Yes,No,In Progress,3.46,3.83,5.76,Medium,Low,Medium,III,Loamy,Good,46.6,Medium,SYNTHETIC_SIH26017_ENHANCED,Synthetic prototype dataset; added features are simulated and must not be represented as official parcel records.
LA-0373,Maharashtra,Nagpur,Metro,18.0,7,Not Started,25,1,Partial,44.7,67.5,27.1,Partially Complete,Completed,4,Rehabilitation,0,1,94,22.854085,72.624625,synthetic_demo_district_center,Buffer Zone,26.0,21.5,8.2,10.18,Yes,No,745.0,Yes,Pending,Yes,Yes,1108.0,11.0,1.36,1.86,18.53,10.69,Plain,Agricultural,48.5,7.1,10.5,8.2,Yes,Not Required,5,1,1,62.3,Obtained,Low,Yes,Not Required,Institutional,,Verified,No,Clear,No,Updated,81.9,No,Pending,0,0,Completed,Approved,Pending,86.3,458.73,856.14,27.2,No,25.2,No,Yes,Yes,No,Not Required,1.13,1.07,2.46,Low,Low,Low,II,Black,Good,50.9,Medium,SYNTHETIC_SIH26017_ENHANCED,Synthetic prototype dataset; added features are simulated and must not be represented as official parcel records.
LA-0374,Madhya Pradesh,Jabalpur,Metro,12.2,6,Partially Paid,101,1,Full,60.2,37.4,97.9,Complete,Pending,6,Notification,0,0,28,13.112132,80.091206,synthetic_demo_district_center,Green Zone,3.4,6.1,23.9,3.25,No,No,119.0,Yes,Approved,No,No,967.9,0.2,2.62,6.98,6.02,5.77,Plateau,Residential,74.3,15.9,4.8,1.2,No,Not Required,8,2,4,35.8,Obtained,High,Yes,Not Required,Joint,Possible,Under Review,No,Clear,No,Updated,67.5,No,,1,0,Pending,Approved,Pending,55.5,604.42,774.38,85.0,No,1.3,No,No,Yes,Yes,Not Required,0.43,1.1,3.28,High,Low,Medium,IV,Loamy,Moderate,40.1,Medium,SYNTHETIC_SIH26017_ENHANCED,Synthetic prototype dataset; added features are simulated and must not be represented as official parcel records.
LA-0375,Karnataka,Belagavi,Railway,24.0,14,Fully Paid,33,0,Mostly Obtained,75.2,,87.6,Incomplete,Completed,3,Planning,0,0,25,18.946065,73.015602,synthetic_demo_district_center,Non-Green Zone,2.4,11.3,20.1,4.61,No,No,664.0,No,Not Required,Yes,Yes,509.5,3.0,0.58,5.93,4.58,9.49,Plateau,Residential,76.5,11.6,3.9,1.3,No,Pending,4,3,0,78.1,Disputed,High,Yes,Planned,Private,Possible,Verified,No,Clear,No,Updated,67.4,No,,2,2,Completed,Pending,Pending,54.4,1372.05,2972.53,62.7,No,25.7,No,Yes,Yes,No,In Progress,1.28,9.83,1.49,Low,Low,Low,IV,Black,Moderate,48.6,Medium,SYNTHETIC_SIH26017_ENHANCED,Synthetic prototype dataset; added features are simulated and must not be represented as official parcel records.
LA-0376,Odisha,Khordha,Metro,13.0,7,Not Started,20,2,Partial,58.8,66.8,69.2,Partially Complete,Completed,6,Possession,3,0,14,26.872243,81.016797,synthetic_demo_district_center,Buffer Zone,16.4,12.4,18.3,5.69,No,No,824.0,No,Not Required,No,No,192.9,0.6,4.16,10.34,0.34,12.76,Plateau,Agricultural,49.2,9.1,8.3,6.4,No,Pending,4,5,0,64.8,Partial,Medium,Yes,Planned,Government,,Verified,No,Clear,No,Updated,68.9,Yes,,2,2,Not Required,Approved,Issued,98.5,1412.75,2308.7,7.3,Yes,28.6,No,Yes,No,No,Completed,4.01,3.9,0.89,Low,Low,Medium,II,Laterite,Good,54.7,Medium,SYNTHETIC_SIH26017_ENHANCED,Synthetic prototype dataset; added features are simulated and must not be represented as official parcel records.
LA-0377,Maharashtra,Thane,Irrigation,37.7,10,Partially Paid,61,1,Full,75.8,71.8,80.0,Incomplete,Completed,6,Possession,1,0,9,28.389563,76.770766,synthetic_demo_district_center,Non-Green Zone,9.0,3.6,15.2,7.17,No,No,737.0,No,Not Required,No,No,62.9,9.6,3.31,9.67,6.94,4.29,Plain,Agricultural,82.4,18.5,2.9,0.2,No,Approved,2,1,0,98.5,Obtained,Low,Yes,Planned,Private,,Issue Found,Yes,Clear,No,Updated,85.2,No,,3,3,Not Required,Partially Approved,Pending,94.2,349.58,419.41,80.1,No,-4.7,No,No,No,No,Not Required,2.2,1.03,5.01,Low,Low,Medium,II,Sandy,Good,45.7,Medium,SYNTHETIC_SIH26017_ENHANCED,Synthetic prototype dataset; added features are simulated and must not be represented as official parcel records.
LA-0378,Rajasthan,Kota,Industrial,6.4,4,Fully Paid,21,0,Mostly Obtained,30.7,79.9,61.7,Complete,Completed,3,Notification,1,0,25,30.782586,75.795823,synthetic_demo_district_center,Non-Green Zone,4.4,3.1,15.6,1.78,No,No,395.0,No,Approved,No,No,1043.7,4.6,3.91,0.24,5.0,2.85,Plain,Agricultural,71.6,3.5,3.5,1.4,No,Not Required,8,2,2,39.2,Partial,Low,Yes,Not Required,Private,,Verified,No,Clear,Yes,Updated,97.7,Yes,,4,3,Pending,Pending,Pending,83.8,2298.36,3091.08,85.7,No,2.6,Yes,No,Yes,No,In Progress,0.99,4.27,5.56,High,Low,Low,III,Sandy,Good,39.1,Low,SYNTHETIC_SIH26017_ENHANCED,Synthetic prototype dataset; added features are simulated and must not be represented as official parcel records.
LA-0379,Tamil Nadu,Madurai,Irrigation,18.7,10,Mostly Paid,15,0,Not Started,55.6,72.6,66.6,Partially Complete,Completed,3,Possession,1,0,4,23.067014,72.716338,synthetic_demo_district_center,Non-Green Zone,11.0,2.8,23.8,0.69,No,No,406.0,No,Not Required,Yes,Yes,1317.2,3.6,7.03,9.28,1.3,8.14,Plain,Agricultural,64.8,9.6,2.2,4.2,Yes,Not Required,7,0,4,22.2,Obtained,Low,No,Planned,Private,Possible,Under Review,No,Clear,No,Pending,69.0,No,,6,4,Not Required,Partially Approved,Issued,70.8,368.25,683.08,29.0,Yes,15.4,No,Yes,No,No,Not Required,4.01,5.14,1.5,Medium,High,Medium,II,Laterite,Moderate,42.1,Medium,SYNTHETIC_SIH26017_ENHANCED,Synthetic prototype dataset; added features are simulated and must not be represented as official parcel records.
LA-0380,Madhya Pradesh,Bhopal,Metro,30.7,16,Fully Paid,46,0,Not Started,82.8,57.6,76.4,Complete,Completed,6,Rehabilitation,2,1,80,9.920695,76.193209,synthetic_demo_district_center,Non-Green Zone,21.3,1.5,23.7,5.14,No,No,631.0,No,Approved,No,No,1400.1,7.1,3.2,1.35,12.94,5.34,Plain,Agricultural,86.1,2.2,0.4,2.1,Yes,Not Required,6,4,1,93.6,Obtained,Medium,Yes,Planned,Joint,,Verified,No,Clear,No,Updated,66.0,No,,4,4,Completed,Partially Approved,Issued,89.4,1062.43,1844.86,34.1,No,-2.6,No,No,No,Yes,Completed,2.51,2.28,4.73,Medium,Medium,Medium,II,Loamy,Good,47.6,Medium,SYNTHETIC_SIH26017_ENHANCED,Synthetic prototype dataset; added features are simulated and must not be represented as official parcel records.
LA-0381,Uttar Pradesh,Agra,Industrial,28.2,13,Fully Paid,64,1,Full,65.1,69.9,78.2,Complete,Pending,6,Compensation,1,0,12,16.505838,80.873355,synthetic_demo_district_center,Non-Green Zone,10.8,9.8,24.1,5.24,No,No,1537.0,No,Approved,No,No,905.8,6.2,4.0,4.6,12.14,6.81,Plain,Residential,57.8,3.2,2.7,5.4,No,Pending,21,8,9,77.1,Partial,Medium,Yes,Planned,Private,,Verified,No,Under Verification,No,Updated,65.1,No,,6,4,Pending,Approved,Issued,98.5,1272.17,2303.01,87.7,No,26.9,No,Yes,Yes,Yes,Not Required,2.21,1.01,0.72,Low,Low,Low,II,Laterite,Moderate,46.8,Medium,SYNTHETIC_SIH26017_ENHANCED,Synthetic prototype dataset; added features are simulated and must not be represented as official parcel records.
LA-0382,Odisha,Ganjam,Industrial,184.9,86,Not Started,15,0,Full,43.6,88.4,88.6,Partially Complete,Completed,6,Possession,0,0,3,13.351051,77.383881,synthetic_demo_district_center,Non-Green Zone,8.5,11.9,10.1,3.29,Yes,No,332.0,Yes,Not Required,Yes,Yes,1436.0,2.2,2.2,20.25,15.07,11.7,Plain,Agricultural,58.3,10.5,6.1,2.1,No,Not Required,9,0,3,67.7,Obtained,Low,No,Planned,Private,,Issue Found,Yes,Under Verification,No,Updated,56.2,No,,5,1,Completed,Partially Approved,Issued,52.1,336.66,351.15,36.5,No,22.2,No,Yes,No,No,Not Required,3.57,2.63,1.79,Low,Low,Medium,II,Sandy,Good,36.4,Low,SYNTHETIC_SIH26017_ENHANCED,Synthetic prototype dataset; added features are simulated and must not be represented as official parcel records.
LA-0383,Madhya Pradesh,Indore,Industrial,31.9,13,Fully Paid,35,1,Mostly Obtained,19.9,61.0,80.8,Complete,Completed,3,Notification,1,0,15,13.215402,77.49969,synthetic_demo_district_center,Buffer Zone,12.3,5.5,7.1,3.77,No,No,484.0,No,Pending,No,No,310.3,5.3,2.56,12.57,2.21,3.86,Coastal,Residential,54.5,2.9,3.5,10.1,No,Pending,1,2,0,45.1,Obtained,Low,Yes,Not Required,Government,,Verified,No,Clear,No,Updated,68.4,No,,5,0,Pending,Partially Approved,Issued,92.7,820.82,1367.17,38.9,No,-10.8,Yes,Yes,Yes,No,Pending,0.99,0.62,5.07,Low,Medium,Low,III,Loamy,Moderate,36.0,Low,SYNTHETIC_SIH26017_ENHANCED,Synthetic prototype dataset; added features are simulated and must not be represented as official parcel records.
LA-0384,Tamil Nadu,Tiruchirappalli,Power,11.6,6,Partially Paid,26,0,Mostly Obtained,67.0,69.1,81.7,Complete,Partially Completed,3,Planning,0,0,19,22.740215,72.509296,synthetic_demo_district_center,Buffer Zone,22.8,8.3,3.2,1.84,No,No,667.0,No,Not Required,No,No,930.8,13.2,0.84,0.71,3.27,5.61,Plateau,Residential,82.5,1.0,6.8,0.5,No,Pending,6,2,0,98.7,Disputed,Medium,Yes,In Progress,Private,,Verified,No,Clear,No,Pending,55.8,No,,2,1,Not Required,Approved,Issued,51.5,1365.27,1451.91,13.5,No,-8.1,No,Yes,Yes,Yes,Not Required,4.78,1.12,3.26,Medium,Low,Low,II,Alluvial,Moderate,47.4,Medium,SYNTHETIC_SIH26017_ENHANCED,Synthetic prototype dataset; added features are simulated and must not be represented as official parcel records.
LA-0385,Karnataka,Belagavi,Highway,22.8,11,Mostly Paid,29,1,Mostly Obtained,12.2,8.0,41.5,Partially Complete,Completed,5,Closure,1,1,132,23.387224,77.480996,synthetic_demo_district_center,Non-Green Zone,9.8,8.2,14.2,4.87,Yes,No,408.0,Yes,Approved,Yes,Yes,355.2,3.8,4.4,9.13,4.12,4.79,Hilly,Agricultural,68.9,6.9,1.6,4.6,No,Not Required,5,1,0,81.7,Obtained,Low,Yes,Completed,Private,,Under Review,No,Clear,No,Updated,60.3,No,,2,2,Pending,Partially Approved,Issued,80.5,1491.71,3017.11,51.7,No,26.7,No,No,No,No,Not Required,2.17,2.59,4.54,Low,Low,Medium,II,Sandy,Good,37.9,Low,SYNTHETIC_SIH26017_ENHANCED,Synthetic prototype dataset; added features are simulated and must not be represented as official parcel records.
LA-0386,Tamil Nadu,Chennai,Metro,6.5,5,Mostly Paid,12,2,Partial,95.1,18.2,63.1,Partially Complete,Partially Completed,4,Notification,0,0,17,16.408107,80.656932,synthetic_demo_district_center,Non-Green Zone,20.5,5.8,8.1,9.38,No,No,1118.0,No,Not Required,No,No,1323.7,1.5,1.33,0.67,4.73,0.39,Plain,Industrial,62.4,9.4,1.1,6.3,No,Not Required,2,1,0,73.1,Pending,Low,Yes,Planned,Private,,Issue Found,Yes,Clear,No,Updated,86.6,No,,2,2,Not Required,Approved,Issued,87.5,950.41,1831.19,49.1,No,20.2,No,Yes,No,No,In Progress,1.99,10.16,2.45,Low,Low,Low,II,Sandy,Good,62.8,Medium,SYNTHETIC_SIH26017_ENHANCED,Synthetic prototype dataset; added features are simulated and must not be represented as official parcel records.
LA-0387,Bihar,Patna,Highway,23.1,16,Partially Paid,49,1,Mostly Obtained,23.1,88.2,87.6,Complete,Completed,3,Notification,0,0,0,20.42068,85.941981,synthetic_demo_district_center,Buffer Zone,9.4,4.6,13.5,2.38,No,No,231.0,No,Pending,No,No,1322.8,7.0,2.68,3.65,5.47,9.48,Coastal,Agricultural,51.2,13.0,1.1,0.9,No,Not Required,13,5,0,36.7,Disputed,Low,Yes,In Progress,Private,Possible,Verified,No,Clear,Yes,Pending,67.8,No,,1,1,Not Required,Approved,Issued,52.1,2365.67,2508.57,55.5,No,17.1,No,No,No,No,Not Required,2.0,0.18,1.16,Medium,Low,Medium,II,Red,Good,57.7,Medium,SYNTHETIC_SIH26017_ENHANCED,Synthetic prototype dataset; added features are simulated and must not be represented as official parcel records.
LA-0388,Tamil Nadu,Salem,Railway,13.1,6,Fully Paid,83,2,Not Started,17.9,46.7,64.2,Complete,Completed,2,Closure,2,1,62,20.40781,85.74389,synthetic_demo_district_center,Non-Green Zone,9.6,3.4,14.5,5.73,No,No,398.0,No,Not Required,No,No,236.0,1.6,1.1,3.23,5.39,20.18,Plateau,Industrial,69.8,5.1,1.7,0.7,Yes,Not Required,16,5,6,55.2,Obtained,Medium,Yes,In Progress,Private,Possible,Verified,No,Clear,No,Updated,91.4,No,,5,2,Pending,Approved,Issued,92.7,2383.39,3809.74,67.0,No,15.4,No,Yes,No,Yes,Pending,0.21,8.34,3.73,Low,Low,High,III,Laterite,Good,37.9,Low,SYNTHETIC_SIH26017_ENHANCED,Synthetic prototype dataset; added features are simulated and must not be represented as official parcel records.
LA-0389,Bihar,Gaya,Metro,48.7,21,Mostly Paid,15,1,Full,75.7,93.3,53.3,Complete,Completed,3,Rehabilitation,0,0,7,25.846725,85.340084,synthetic_demo_district_center,Buffer Zone,31.5,12.0,8.7,7.64,No,No,1257.0,No,Pending,Yes,Yes,494.2,1.0,2.1,3.54,0.97,27.18,Plain,Agricultural,53.0,1.8,2.9,1.9,Yes,Not Required,1,1,0,79.9,Obtained,Medium,Yes,In Progress,Private,,Verified,No,Clear,Yes,Not Available,70.8,No,,3,3,Pending,Approved,Issued,90.9,314.01,457.5,79.2,No,19.2,No,No,No,No,Completed,1.23,3.59,3.51,Medium,Low,Low,II,Red,Good,41.2,Medium,SYNTHETIC_SIH26017_ENHANCED,Synthetic prototype dataset; added features are simulated and must not be represented as official parcel records.
LA-0390,Karnataka,Hubballi,Power,16.2,10,Not Started,49,0,Mostly Obtained,71.0,66.1,62.5,Partially Complete,Completed,3,Possession,0,1,104,19.192184,72.931738,synthetic_demo_district_center,Non-Green Zone,15.6,6.7,14.9,4.32,No,No,507.0,No,Not Required,No,No,1573.1,1.3,2.83,6.62,21.87,14.46,Hilly,Residential,81.2,1.6,2.6,3.6,No,Not Required,5,1,1,52.1,Obtained,Medium,Yes,In Progress,Private,,Verified,No,Reported,Yes,Updated,79.1,Yes,Disposed,6,4,Pending,Partially Approved,Issued,59.0,379.75,610.56,65.0,No,4.8,No,No,Yes,No,In Progress,2.91,5.4,3.71,Medium,Low,Low,IV,Black,Moderate,34.6,Low,SYNTHETIC_SIH26017_ENHANCED,Synthetic prototype dataset; added features are simulated and must not be represented as official parcel records.
LA-0391,West Bengal,Nadia,Airport,22.5,9,Fully Paid,60,1,Mostly Obtained,51.7,43.0,53.7,Complete,Pending,4,Possession,1,0,21,9.882266,76.280337,synthetic_demo_district_center,Buffer Zone,35.4,1.3,19.4,6.26,No,No,699.0,No,Approved,No,No,415.6,9.1,1.87,2.38,5.38,5.98,Plain,Agricultural,81.2,5.4,4.2,7.4,Yes,Not Required,6,2,0,61.5,Obtained,Low,Yes,Completed,Joint,,Under Review,No,Clear,No,Updated,84.0,No,,1,0,Not Required,Approved,Pending,97.1,1889.69,4128.02,79.5,No,-0.3,No,Yes,Yes,No,Not Required,1.29,0.91,5.99,Low,High,Low,II,Black,Good,49.4,Medium,SYNTHETIC_SIH26017_ENHANCED,Synthetic prototype dataset; added features are simulated and must not be represented as official parcel records.
LA-0392,Bihar,Bhagalpur,Industrial,15.2,13,Mostly Paid,35,0,Partial,79.6,43.1,84.0,Partially Complete,Completed,6,Rehabilitation,0,0,13,12.983005,77.501376,synthetic_demo_district_center,Buffer Zone,18.2,9.7,17.4,7.45,No,No,1086.0,No,Approved,Yes,Yes,1399.1,2.7,6.29,5.47,9.7,15.79,Plain,Agricultural,80.8,3.7,10.1,5.9,No,Pending,4,1,0,83.6,Partial,Low,Yes,Planned,Private,Possible,Verified,No,Clear,No,Updated,75.1,No,Pending,0,0,Not Required,Approved,Issued,69.9,855.08,1604.68,12.0,No,-12.1,No,No,Yes,No,In Progress,0.24,3.81,4.48,Medium,Medium,Low,III,Sandy,Good,31.8,Low,SYNTHETIC_SIH26017_ENHANCED,Synthetic prototype dataset; added features are simulated and must not be represented as official parcel records.
LA-0393,Uttar Pradesh,Mathura,Power,90.4,33,Mostly Paid,47,0,Not Started,34.3,,87.2,Partially Complete,Pending,5,Rehabilitation,1,0,18,26.88069,80.874825,synthetic_demo_district_center,Non-Green Zone,19.0,15.6,14.6,2.58,Yes,No,260.0,Yes,Not Required,Yes,Yes,929.8,3.7,3.77,7.76,23.94,3.57,Plain,Government,71.8,4.8,1.3,6.7,No,Not Required,3,3,0,56.1,Pending,Low,Yes,Not Required,Private,,Under Review,No,Clear,No,Pending,77.5,No,,5,2,Pending,Pending,Issued,73.1,264.27,322.99,38.0,No,7.7,No,Yes,Yes,No,Completed,1.48,1.57,10.96,Low,Low,Low,II,Sandy,Moderate,20.5,Low,SYNTHETIC_SIH26017_ENHANCED,Synthetic prototype dataset; added features are simulated and must not be represented as official parcel records.
LA-0394,Tamil Nadu,Chennai,Metro,19.3,4,Mostly Paid,16,1,Partial,81.1,77.2,89.2,Partially Complete,Completed,1,Planning,1,0,10,23.013563,72.747673,synthetic_demo_district_center,Non-Green Zone,9.3,2.7,7.8,1.61,No,No,249.0,No,Not Required,No,No,179.9,6.4,2.2,8.87,7.5,1.31,Plain,Agricultural,71.4,10.1,5.0,3.4,No,Not Required,9,3,0,90.0,Obtained,Medium,Yes,Not Required,Joint,Possible,Under Review,No,Reported,No,Updated,72.4,No,,5,1,Completed,Approved,Issued,76.5,1006.15,2132.61,5.2,No,20.9,No,No,Yes,No,Completed,1.47,1.92,1.51,Low,Medium,High,III,Alluvial,Good,47.9,Medium,SYNTHETIC_SIH26017_ENHANCED,Synthetic prototype dataset; added features are simulated and must not be represented as official parcel records.
LA-0395,Tamil Nadu,Tiruchirappalli,Industrial,97.0,46,Fully Paid,80,1,Mostly Obtained,22.4,48.3,44.3,Incomplete,Completed,6,Compensation,2,1,174,22.519785,88.23167,synthetic_demo_district_center,Non-Green Zone,25.6,5.8,19.7,11.04,No,No,389.0,No,Not Required,Yes,Yes,1544.3,4.6,5.57,4.48,3.96,2.59,Plain,Agricultural,43.2,21.5,1.5,1.0,Yes,Not Required,10,2,2,84.1,Partial,High,Yes,Planned,Private,,Verified,No,Clear,No,Updated,76.6,No,,0,0,Not Required,Partially Approved,Issued,100.0,1217.21,2663.89,75.9,No,23.7,No,Yes,No,Yes,Not Required,1.22,2.55,2.26,Low,High,Low,IV,Sandy,Good,31.4,Low,SYNTHETIC_SIH26017_ENHANCED,Synthetic prototype dataset; added features are simulated and must not be represented as official parcel records.
LA-0396,Uttar Pradesh,Meerut,Highway,45.2,34,Not Started,65,0,Mostly Obtained,24.0,62.5,66.3,Complete,Pending,6,Notification,0,0,16,17.247004,78.447001,synthetic_demo_district_center,Buffer Zone,15.0,10.0,9.8,4.12,No,No,483.0,No,Not Required,No,No,194.4,4.6,6.23,3.66,4.14,1.47,Coastal,Government,53.6,3.8,7.1,3.3,No,Not Required,5,5,1,38.9,Pending,Low,Yes,Not Required,Private,,Verified,No,Clear,Yes,Updated,71.2,No,,6,0,Completed,Approved,Issued,52.0,363.61,387.66,67.3,No,4.5,No,Yes,Yes,No,In Progress,10.78,2.95,6.79,Medium,Low,Low,II,Red,Moderate,29.6,Low,SYNTHETIC_SIH26017_ENHANCED,Synthetic prototype dataset; added features are simulated and must not be represented as official parcel records.
LA-0397,Rajasthan,Kota,Railway,35.2,9,Partially Paid,70,1,Partial,61.0,47.8,71.9,Complete,Pending,4,Planning,2,1,131,23.001905,77.564483,synthetic_demo_district_center,Buffer Zone,6.0,12.0,20.7,8.24,No,No,174.0,No,Pending,No,No,1591.9,6.6,1.51,5.67,1.92,5.34,Coastal,Government,69.2,4.1,4.6,3.4,No,Pending,3,1,1,72.8,Pending,Medium,Yes,Not Required,Joint,Possible,Verified,No,Clear,No,Pending,76.7,No,,2,2,Completed,Partially Approved,Issued,79.9,1121.21,1657.78,8.2,No,33.3,No,Yes,Yes,Yes,Completed,1.4,2.22,5.85,High,Low,Low,III,Black,Good,40.0,Medium,SYNTHETIC_SIH26017_ENHANCED,Synthetic prototype dataset; added features are simulated and must not be represented as official parcel records.
LA-0398,Gujarat,Surat,Railway,32.3,15,Mostly Paid,10,1,Mostly Obtained,53.9,59.9,55.9,Complete,Completed,5,Compensation,2,0,8,16.633996,80.535094,synthetic_demo_district_center,Non-Green Zone,55.8,9.3,7.5,3.45,No,No,962.0,No,Not Required,No,No,1405.2,1.4,4.65,6.64,3.21,16.96,Plain,Wasteland,88.7,10.1,6.8,2.9,Yes,Pending,5,1,0,36.4,Obtained,Medium,Yes,Completed,Private,,Verified,No,Clear,No,Updated,89.2,No,,3,0,Completed,Approved,Issued,95.8,1000.78,1547.95,22.1,No,-0.8,No,Yes,No,No,Not Required,1.3,4.11,3.98,High,Medium,Low,II,Loamy,Good,49.0,Medium,SYNTHETIC_SIH26017_ENHANCED,Synthetic prototype dataset; added features are simulated and must not be represented as official parcel records.
LA-0399,West Bengal,Hooghly,Metro,33.0,22,Not Started,43,0,Full,51.4,41.0,87.6,Complete,Completed,2,Possession,0,0,18,30.910553,75.792774,synthetic_demo_district_center,Non-Green Zone,13.6,11.4,11.2,6.54,No,No,552.0,No,Not Required,No,No,700.8,4.8,6.7,1.86,1.11,17.34,Plateau,Agricultural,63.0,22.6,3.3,6.0,Yes,Approved,2,4,1,56.1,Pending,Low,Yes,In Progress,Private,,Verified,No,Under Verification,No,Updated,91.6,No,,2,0,Pending,Pending,Issued,67.6,513.71,808.77,74.0,No,8.9,No,Yes,No,Yes,Completed,2.96,1.34,4.82,Low,Low,Low,II,Laterite,Good,37.8,Low,SYNTHETIC_SIH26017_ENHANCED,Synthetic prototype dataset; added features are simulated and must not be represented as official parcel records.
LA-0400,Odisha,Puri,Highway,5.8,3,Mostly Paid,17,0,Not Started,4.0,77.3,71.3,Complete,Partially Completed,1,Notification,0,0,30,30.85347,75.875497,synthetic_demo_district_center,Green Zone,30.5,17.7,11.4,1.26,No,No,538.0,Yes,Pending,No,No,722.6,4.8,1.24,4.91,4.14,26.47,Plateau,Government,45.1,11.2,0.4,1.7,No,Not Required,14,2,3,63.0,Obtained,Low,Yes,Planned,Private,,Verified,No,Clear,No,Pending,55.5,Yes,,1,1,Pending,Partially Approved,Issued,68.4,1302.41,1803.43,37.2,No,27.7,No,No,Yes,No,Pending,2.04,3.73,0.17,Medium,Medium,Low,III,Red,Good,45.6,Medium,SYNTHETIC_SIH26017_ENHANCED,Synthetic prototype dataset; added features are simulated and must not be represented as official parcel records.
LA-0401,Bihar,Nalanda,Highway,19.9,9,Partially Paid,85,2,Partial,44.5,63.0,75.4,Partially Complete,Partially Completed,5,Compensation,1,1,88,12.93839,77.716974,synthetic_demo_district_center,Non-Green Zone,20.3,3.8,13.6,2.92,No,No,1957.0,No,Pending,No,No,544.0,1.4,1.97,2.13,3.78,6.15,Hilly,Residential,31.3,14.4,0.8,1.5,No,Not Required,6,4,2,30.3,Obtained,Low,Yes,Not Required,Private,Possible,Under Review,No,Clear,No,Updated,75.1,No,Pending,0,0,Not Required,Partially Approved,Pending,55.2,463.46,845.02,85.0,No,-12.8,No,Yes,No,No,In Progress,1.4,1.21,1.89,Medium,Low,High,III,Alluvial,Good,37.1,Low,SYNTHETIC_SIH26017_ENHANCED,Synthetic prototype dataset; added features are simulated and must not be represented as official parcel records.
LA-0402,Uttar Pradesh,Kanpur Nagar,Railway,46.2,30,Partially Paid,15,0,Mostly Obtained,42.6,66.3,82.4,Partially Complete,Completed,6,Possession,1,0,1,12.76374,77.507888,synthetic_demo_district_center,Green Zone,19.5,4.7,12.3,9.13,No,No,405.0,Yes,Not Required,No,No,374.4,2.1,3.51,5.11,2.15,5.11,Plain,Agricultural,68.1,13.4,2.5,1.2,No,Approved,7,3,4,45.5,Obtained,High,Yes,Not Required,Private,Possible,Verified,No,Clear,No,Updated,66.2,No,,2,2,Completed,Approved,Pending,58.5,574.29,1240.21,64.2,Yes,-4.5,No,Yes,Yes,No,Not Required,3.34,2.07,5.93,Medium,Low,Low,III,Sandy,Moderate,34.8,Low,SYNTHETIC_SIH26017_ENHANCED,Synthetic prototype dataset; added features are simulated and must not be represented as official parcel records.
LA-0403,Karnataka,Mangaluru,Airport,23.6,13,Not Started,36,1,Mostly Obtained,53.1,89.6,77.2,Complete,Partially Completed,5,Possession,2,0,1,31.06626,76.043375,synthetic_demo_district_center,Buffer Zone,15.3,11.4,16.8,0.9,No,No,436.0,No,Not Required,No,No,1095.9,2.9,2.38,1.86,8.59,3.67,Plain,Agricultural,52.9,7.3,1.7,4.3,Yes,Approved,8,2,0,99.7,Disputed,Low,Yes,Not Required,Private,,Verified,No,Clear,No,Updated,75.1,No,Pending,0,0,Completed,Approved,Issued,65.9,705.84,1050.7,58.5,No,33.5,No,Yes,Yes,No,Pending,3.29,1.4,3.5,High,Low,Low,II,Sandy,Good,52.5,Medium,SYNTHETIC_SIH26017_ENHANCED,Synthetic prototype dataset; added features are simulated and must not be represented as official parcel records.
LA-0404,Bihar,Bhagalpur,Railway,8.6,7,Mostly Paid,3,3,Mostly Obtained,23.0,59.2,74.9,Complete,Completed,4,Rehabilitation,2,0,7,28.406966,76.857386,synthetic_demo_district_center,Green Zone,36.3,9.0,26.6,1.17,Yes,No,255.0,Yes,Not Required,Yes,Yes,308.3,5.6,1.9,1.55,1.48,8.52,Plain,Commercial,75.3,2.7,2.8,3.0,No,Not Required,8,1,3,29.7,Pending,Low,Yes,Completed,Private,,Verified,No,Under Verification,No,Not Available,91.5,No,,3,3,Completed,Partially Approved,Issued,52.3,1561.31,3039.93,24.1,No,34.7,No,Yes,Yes,Yes,Completed,4.7,9.39,1.59,Medium,Medium,Low,II,Loamy,Poor,43.5,Medium,SYNTHETIC_SIH26017_ENHANCED,Synthetic prototype dataset; added features are simulated and must not be represented as official parcel records.
LA-0405,Gujarat,Surat,Metro,23.6,7,Fully Paid,36,1,Partial,7.9,74.9,81.3,Complete,Partially Completed,5,Rehabilitation,0,0,13,26.943477,75.983405,synthetic_demo_district_center,Non-Green Zone,10.2,8.7,17.3,6.56,No,No,706.0,No,Approved,No,No,121.4,12.4,0.94,6.01,0.71,26.1,Plain,Wasteland,71.7,13.6,2.4,0.9,No,Pending,10,4,4,48.0,Obtained,Medium,Yes,Planned,Private,Possible,Verified,No,Under Verification,No,Pending,63.9,No,Pending,4,4,Completed,Pending,Issued,61.7,1322.68,1737.04,34.9,No,-5.6,No,Yes,Yes,Yes,Not Required,2.0,5.0,2.25,Medium,Medium,Low,II,Alluvial,Good,35.1,Low,SYNTHETIC_SIH26017_ENHANCED,Synthetic prototype dataset; added features are simulated and must not be represented as official parcel records.
LA-0406,Karnataka,Belagavi,Highway,88.1,40,Partially Paid,10,1,Full,46.2,40.7,64.3,Incomplete,Pending,3,Closure,0,0,12,31.482907,77.461809,synthetic_demo_district_center,Non-Green Zone,8.1,7.3,10.6,4.29,Yes,No,1006.0,Yes,Pending,No,No,42.7,6.0,0.98,3.16,12.15,5.65,Plain,Government,73.9,11.6,4.0,5.5,Yes,Not Required,5,3,1,47.1,Obtained,Medium,Yes,Planned,Private,Possible,Verified,No,Clear,No,Updated,86.4,No,,3,3,Completed,Pending,Issued,50.6,565.93,632.31,61.1,No,16.1,No,Yes,Yes,No,Pending,0.71,2.38,5.78,Medium,Low,Low,III,Loamy,Good,45.2,Medium,SYNTHETIC_SIH26017_ENHANCED,Synthetic prototype dataset; added features are simulated and must not be represented as official parcel records.
LA-0407,Madhya Pradesh,Jabalpur,Industrial,62.5,29,Mostly Paid,45,0,Not Started,44.0,77.1,80.9,Incomplete,Partially Completed,5,Possession,1,0,24,16.406786,80.672902,synthetic_demo_district_center,Non-Green Zone,64.2,3.7,6.1,2.59,Yes,Yes,718.0,Yes,Approved,Yes,Yes,228.2,2.7,2.16,5.55,5.51,8.4,Plain,Government,46.0,19.8,2.6,5.9,Yes,Pending,29,13,8,66.5,Pending,High,Yes,In Progress,Institutional,Confirmed,Under Review,No,Clear,No,Updated,62.3,No,,3,3,Not Required,Partially Approved,Issued,82.5,8735.62,14542.06,0.7,No,33.7,Yes,No,Yes,No,Pending,2.9,0.75,2.32,Medium,Medium,Low,II,Laterite,Moderate,36.5,Low,SYNTHETIC_SIH26017_ENHANCED,Synthetic prototype dataset; added features are simulated and must not be represented as official parcel records.
LA-0408,Tamil Nadu,Chennai,Railway,23.4,10,Partially Paid,26,0,Partial,51.7,79.0,52.1,Complete,Pending,1,Possession,4,0,25,10.177047,76.274934,synthetic_demo_district_center,Non-Green Zone,11.9,12.1,8.4,7.11,No,No,521.0,No,Not Required,No,No,1555.9,2.5,1.84,1.92,2.28,14.27,Plain,Industrial,55.1,2.8,5.4,2.8,No,Approved,3,1,1,82.7,Partial,High,Yes,Planned,Private,Possible,Issue Found,Yes,Clear,No,Updated,88.0,No,Pending,6,5,Pending,Pending,Issued,91.5,637.21,1208.47,91.5,No,-13.6,No,Yes,Yes,No,Not Required,1.3,2.3,5.87,High,Low,Medium,II,Laterite,Good,52.2,Medium,SYNTHETIC_SIH26017_ENHANCED,Synthetic prototype dataset; added features are simulated and must not be represented as official parcel records.
LA-0409,Madhya Pradesh,Bhopal,Highway,50.1,27,Mostly Paid,22,0,Not Started,22.6,42.0,90.8,Partially Complete,Completed,5,Rehabilitation,0,0,12,30.250722,77.930987,synthetic_demo_district_center,Non-Green Zone,32.2,10.1,26.2,1.54,No,No,147.0,No,Approved,No,No,757.8,2.7,1.47,3.0,7.09,0.44,Plain,Agricultural,64.5,8.0,0.1,3.4,Yes,Not Required,1,1,1,47.5,Partial,Medium,Yes,Not Required,Private,,Verified,No,Clear,No,Updated,86.6,No,,2,2,Pending,Approved,Issued,91.5,1183.3,1787.59,20.9,No,17.2,Yes,Yes,No,Yes,In Progress,2.34,1.0,4.19,Medium,Low,Low,III,Sandy,Moderate,42.3,Medium,SYNTHETIC_SIH26017_ENHANCED,Synthetic prototype dataset; added features are simulated and must not be represented as official parcel records.
LA-0410,Bihar,Bhagalpur,Metro,18.6,7,Not Started,86,0,Not Started,42.5,42.4,68.0,Complete,Completed,2,Rehabilitation,1,1,125,19.035684,72.851257,synthetic_demo_district_center,Buffer Zone,28.2,11.2,18.3,6.51,No,No,1016.0,No,Not Required,Yes,Yes,870.1,0.3,0.71,16.05,4.68,5.1,Plain,Agricultural,59.8,14.8,8.6,2.8,Yes,Pending,6,3,1,90.7,Pending,Low,Yes,Not Required,Private,,Under Review,No,Clear,No,Pending,73.7,No,,2,1,Pending,Partially Approved,Pending,81.1,978.6,1352.33,87.7,No,28.3,No,Yes,No,No,Not Required,4.44,2.25,4.37,Low,Low,Low,IV,Red,Moderate,38.6,Low,SYNTHETIC_SIH26017_ENHANCED,Synthetic prototype dataset; added features are simulated and must not be represented as official parcel records.
LA-0411,Gujarat,Rajkot,Highway,6.8,3,Mostly Paid,121,2,Partial,47.2,82.5,37.6,Complete,Completed,3,Rehabilitation,0,0,17,23.312789,77.333945,synthetic_demo_district_center,Green Zone,14.8,11.0,22.8,7.52,No,No,187.0,Yes,Not Required,No,No,509.1,11.0,2.54,5.31,8.14,22.45,Plain,Agricultural,61.7,12.1,4.5,6.8,No,Not Required,2,2,0,74.4,Obtained,Medium,Yes,Planned,Private,Confirmed,Under Review,No,Clear,No,Updated,72.2,No,Pending,4,1,Not Required,Partially Approved,Pending,60.5,676.93,1054.62,1.7,Yes,-3.8,No,Yes,No,No,Completed,1.78,4.31,2.94,Medium,Low,Medium,III,Alluvial,Moderate,39.4,Low,SYNTHETIC_SIH26017_ENHANCED,Synthetic prototype dataset; added features are simulated and must not be represented as official parcel records.
LA-0412,West Bengal,Hooghly,Highway,12.3,3,Mostly Paid,7,1,Not Started,57.0,64.4,48.2,Complete,Completed,1,Possession,0,0,23,23.285683,77.28853,synthetic_demo_district_center,Green Zone,24.5,13.8,9.2,15.31,No,No,258.0,Yes,Approved,No,No,1346.7,3.0,1.89,1.86,4.11,16.66,Plain,Residential,50.6,18.9,2.4,2.2,No,Not Required,19,14,5,98.5,Obtained,Medium,Yes,Completed,Private,Possible,Verified,No,Clear,No,Updated,76.8,No,Pending,2,2,Not Required,Pending,Issued,68.8,4162.83,5806.74,24.5,No,16.7,No,No,No,Yes,Not Required,4.48,0.84,2.87,Medium,Medium,Low,III,Loamy,Poor,32.5,Low,SYNTHETIC_SIH26017_ENHANCED,Synthetic prototype dataset; added features are simulated and must not be represented as official parcel records.
LA-0413,Bihar,Patna,Highway,79.2,27,Fully Paid,23,1,Full,40.4,68.1,45.7,Partially Complete,Completed,1,Notification,1,0,18,23.46259,77.467046,synthetic_demo_district_center,Non-Green Zone,53.8,5.4,15.7,6.54,No,Yes,194.0,No,Not Required,No,No,1502.7,3.7,2.37,5.93,6.51,9.77,Plain,Government,71.0,11.3,0.5,2.1,No,Pending,8,2,2,64.3,Obtained,Medium,Yes,Planned,Private,,Verified,No,Clear,No,Updated,94.6,No,Pending,1,0,Completed,Approved,Issued,98.1,857.44,1358.2,71.2,No,-14.6,No,Yes,Yes,No,Not Required,1.93,4.36,4.51,Medium,Low,Low,IV,Loamy,Good,46.4,Medium,SYNTHETIC_SIH26017_ENHANCED,Synthetic prototype dataset; added features are simulated and must not be represented as official parcel records.
LA-0414,Uttar Pradesh,Mathura,Highway,20.0,15,Partially Paid,54,1,Full,81.9,33.9,24.5,Complete,Partially Completed,6,Rehabilitation,2,1,117,23.168485,77.566172,synthetic_demo_district_center,Green Zone,11.1,16.4,13.9,5.17,No,No,836.0,Yes,Not Required,No,No,730.4,4.6,1.15,3.17,8.44,8.28,Coastal,Commercial,68.4,5.5,0.5,4.5,No,Not Required,4,0,1,25.4,Obtained,Low,No,In Progress,Private,,Under Review,No,Clear,No,Updated,100.0,Yes,,5,0,Not Required,Pending,Pending,90.1,384.45,433.97,47.7,No,23.3,No,Yes,No,No,Completed,1.92,1.24,3.25,Low,Low,Medium,III,Alluvial,Good,25.8,Low,SYNTHETIC_SIH26017_ENHANCED,Synthetic prototype dataset; added features are simulated and must not be represented as official parcel records.
LA-0415,Maharashtra,Aurangabad,Highway,20.4,6,Fully Paid,39,0,Partial,55.6,61.1,76.8,Complete,Completed,4,Rehabilitation,2,0,6,23.424793,85.366615,synthetic_demo_district_center,Buffer Zone,6.3,11.2,18.6,7.01,No,No,1230.0,No,Not Required,Yes,Yes,1773.1,2.2,3.42,3.07,2.26,4.8,Plain,Agricultural,73.1,7.0,5.1,1.3,No,Not Required,7,3,0,21.0,Obtained,Low,Yes,Not Required,Government,,Verified,No,Under Verification,No,Not Available,62.1,No,,6,2,Completed,Pending,Issued,73.2,508.59,882.9,33.1,No,-11.0,No,Yes,Yes,No,In Progress,0.69,3.65,8.61,High,Medium,Low,III,Black,Good,42.2,Medium,SYNTHETIC_SIH26017_ENHANCED,Synthetic prototype dataset; added features are simulated and must not be represented as official parcel records.
LA-0416,Bihar,Nalanda,Railway,19.6,8,Mostly Paid,52,0,Mostly Obtained,22.4,73.8,40.3,Complete,Completed,4,Rehabilitation,2,1,35,23.521484,85.160752,synthetic_demo_district_center,Non-Green Zone,15.3,5.0,16.0,10.52,No,Yes,357.0,No,Not Required,Yes,Yes,833.2,9.3,1.65,5.91,19.59,7.84,Plain,Government,42.7,16.7,2.0,2.5,No,Not Required,10,7,0,78.2,Obtained,Low,Yes,In Progress,Joint,,Verified,No,Clear,No,Updated,79.8,No,Pending,1,1,Completed,Partially Approved,Pending,91.0,858.71,1117.7,73.7,No,6.5,No,Yes,No,No,Completed,0.85,2.75,5.43,Medium,Low,Low,III,Red,Moderate,30.8,Low,SYNTHETIC_SIH26017_ENHANCED,Synthetic prototype dataset; added features are simulated and must not be represented as official parcel records.
LA-0417,Tamil Nadu,Tiruchirappalli,Irrigation,102.3,42,Fully Paid,28,1,Mostly Obtained,79.5,96.7,61.6,Complete,Completed,3,Notification,0,0,14,30.357923,77.964271,synthetic_demo_district_center,Green Zone,32.1,3.9,17.8,9.52,No,No,706.0,Yes,Not Required,No,No,1396.5,3.8,1.65,4.15,3.73,3.43,Coastal,Government,61.7,5.6,4.8,5.5,No,Not Required,2,0,1,48.4,Obtained,Low,No,In Progress,Private,,Under Review,No,Reported,No,Updated,55.8,No,Disposed,4,2,Not Required,Approved,Pending,70.8,914.0,1389.09,21.8,No,-8.1,No,Yes,No,No,Not Required,1.26,4.95,2.28,Low,Low,High,II,Alluvial,Poor,24.4,Low,SYNTHETIC_SIH26017_ENHANCED,Synthetic prototype dataset; added features are simulated and must not be represented as official parcel records.
LA-0418,Tamil Nadu,Coimbatore,Industrial,83.1,47,Partially Paid,67,0,Full,34.3,74.0,81.5,Partially Complete,Pending,1,Compensation,3,0,18,30.940681,75.85081,synthetic_demo_district_center,Non-Green Zone,28.0,13.3,12.3,2.11,No,Yes,32.0,No,Approved,No,No,1376.6,1.4,1.86,1.51,5.97,8.63,Coastal,Residential,77.3,15.6,1.3,1.7,No,Not Required,2,0,1,88.9,Partial,High,No,In Progress,Private,,Verified,No,Clear,No,Updated,70.6,No,,5,3,Completed,Approved,Pending,86.0,223.95,261.96,44.0,No,28.0,Yes,Yes,No,Yes,In Progress,1.22,3.41,1.95,Low,Low,Medium,II,Alluvial,Good,39.5,Low,SYNTHETIC_SIH26017_ENHANCED,Synthetic prototype dataset; added features are simulated and must not be represented as official parcel records.
LA-0419,Bihar,Muzaffarpur,Metro,129.6,62,Partially Paid,35,2,Mostly Obtained,52.4,95.9,86.2,Complete,Completed,6,Compensation,1,0,19,30.094824,77.966792,synthetic_demo_district_center,Non-Green Zone,23.1,13.6,16.7,0.22,No,Yes,118.0,No,Approved,Yes,Yes,48.4,3.9,1.07,3.95,14.26,2.29,Hilly,Government,70.6,17.8,3.0,0.7,No,Not Required,6,2,0,30.0,Pending,Medium,Yes,Not Required,Private,,Verified,No,Clear,No,Updated,81.7,No,,1,1,Not Required,Partially Approved,Issued,88.9,1470.84,1846.5,76.5,No,-8.0,No,Yes,No,No,In Progress,0.95,1.17,1.49,Low,Low,Medium,IV,Alluvial,Poor,42.5,Medium,SYNTHETIC_SIH26017_ENHANCED,Synthetic prototype dataset; added features are simulated and must not be represented as official parcel records.
LA-0420,Karnataka,Mangaluru,Railway,21.8,10,Fully Paid,41,1,Not Started,49.0,28.7,92.1,Incomplete,Completed,2,Rehabilitation,3,1,119,16.435028,80.718299,synthetic_demo_district_center,Non-Green Zone,48.5,9.2,10.2,2.78,No,No,39.0,No,Not Required,No,No,215.4,0.3,0.94,2.57,18.75,3.27,Coastal,Residential,89.7,8.2,0.7,4.1,No,Approved,3,0,0,67.5,Obtained,Medium,No,Not Required,Joint,,Verified,No,Reported,No,Updated,91.6,No,,6,6,Not Required,Approved,Issued,59.3,604.33,903.58,59.0,No,17.2,No,Yes,Yes,No,Pending,1.66,2.09,6.56,Low,Low,Low,III,Laterite,Moderate,33.2,Low,SYNTHETIC_SIH26017_ENHANCED,Synthetic prototype dataset; added features are simulated and must not be represented as official parcel records.
LA-0421,Maharashtra,Pune,Airport,30.6,15,Not Started,10,0,Mostly Obtained,57.2,52.2,58.5,Complete,Partially Completed,5,Closure,1,1,159,23.318449,77.30357,synthetic_demo_district_center,Non-Green Zone,29.4,8.7,26.6,8.39,No,No,478.0,No,Not Required,No,No,1090.7,1.8,2.07,7.87,6.22,22.56,Plain,Agricultural,61.5,8.7,4.7,5.4,No,Not Required,10,4,1,20.8,Pending,Medium,Yes,Not Required,Institutional,Confirmed,Issue Found,Yes,Reported,No,Updated,65.2,Yes,Pending,6,0,Pending,Approved,Issued,55.3,2060.99,2206.55,77.2,Yes,6.5,No,Yes,Yes,No,Not Required,2.23,1.41,2.28,Low,Medium,Low,II,Red,Good,49.7,Medium,SYNTHETIC_SIH26017_ENHANCED,Synthetic prototype dataset; added features are simulated and must not be represented as official parcel records.
LA-0422,Uttar Pradesh,Meerut,Railway,7.9,1,Partially Paid,32,1,Mostly Obtained,66.8,51.1,93.7,Complete,Partially Completed,5,Notification,0,0,0,26.918858,75.653968,synthetic_demo_district_center,Non-Green Zone,27.5,8.5,13.7,4.41,No,No,547.0,No,Not Required,Yes,Yes,5.2,6.1,2.52,8.03,10.09,21.67,Plain,Residential,48.1,17.3,2.4,4.4,No,Approved,1,2,0,42.1,Pending,Medium,Yes,Not Required,Joint,,Verified,No,Clear,No,Pending,95.8,No,,6,3,Completed,Approved,Issued,56.2,1615.79,2724.02,13.1,No,-9.3,No,Yes,No,No,Not Required,2.09,0.94,3.45,Low,Low,Low,III,Sandy,Moderate,34.9,Low,SYNTHETIC_SIH26017_ENHANCED,Synthetic prototype dataset; added features are simulated and must not be represented as official parcel records.
LA-0423,Bihar,Gaya,Highway,74.3,39,Not Started,55,1,Partial,,69.9,59.6,Complete,Pending,5,Possession,1,1,174,19.198915,72.930548,synthetic_demo_district_center,Non-Green Zone,41.9,8.0,17.2,2.87,No,No,180.0,No,Not Required,Yes,Yes,262.2,0.8,1.18,17.91,5.32,1.3,Plain,Residential,80.1,12.9,1.1,1.9,No,Not Required,2,0,0,31.6,Pending,High,No,Completed,Private,,Under Review,No,Clear,Yes,Updated,90.7,No,Pending,4,2,Not Required,Approved,Issued,51.6,673.51,1074.73,44.9,No,10.8,No,Yes,No,Yes,Pending,0.49,3.12,8.43,Low,Medium,Low,II,Laterite,Good,33.5,Low,SYNTHETIC_SIH26017_ENHANCED,Synthetic prototype dataset; added features are simulated and must not be represented as official parcel records.
LA-0424,Karnataka,Mysuru,Industrial,10.2,5,Fully Paid,38,2,Full,48.0,72.8,56.7,Complete,Pending,4,Planning,2,0,16,9.967606,76.372563,synthetic_demo_district_center,Green Zone,9.2,12.9,30.1,0.83,No,No,927.0,Yes,Not Required,Yes,Yes,823.2,4.0,5.05,3.63,9.18,18.75,Plain,Wasteland,32.3,6.0,5.6,7.9,No,Approved,1,0,0,81.1,Pending,Low,No,Planned,Government,,Verified,No,Clear,No,Pending,95.3,Yes,,0,0,Pending,Partially Approved,Issued,56.4,973.64,1739.35,35.7,No,-6.4,Yes,Yes,Yes,No,Not Required,0.26,0.63,3.28,Medium,Medium,High,III,Alluvial,Good,36.5,Low,SYNTHETIC_SIH26017_ENHANCED,Synthetic prototype dataset; added features are simulated and must not be represented as official parcel records.
LA-0425,Tamil Nadu,Madurai,Highway,28.9,12,Not Started,33,0,Full,19.2,41.9,81.9,Complete,Completed,1,Compensation,1,1,140,22.884564,72.486941,synthetic_demo_district_center,Non-Green Zone,31.4,7.5,18.3,2.73,No,No,871.0,No,Approved,No,No,1415.4,4.2,6.72,1.78,6.58,6.04,Coastal,Residential,69.4,9.7,0.9,0.6,No,Not Required,6,3,0,39.5,Partial,Medium,Yes,Planned,Private,,Verified,No,Clear,No,Pending,96.4,No,,6,5,Not Required,Pending,Issued,80.5,1655.96,2479.55,67.3,No,17.5,No,No,No,Yes,Completed,1.47,4.26,0.27,Medium,Low,Low,II,Black,Moderate,31.8,Low,SYNTHETIC_SIH26017_ENHANCED,Synthetic prototype dataset; added features are simulated and must not be represented as official parcel records.
LA-0426,Tamil Nadu,Tiruchirappalli,Railway,10.8,6,Fully Paid,43,1,Partial,80.1,50.0,91.9,Complete,Pending,1,Compensation,1,1,98,13.137321,80.250918,synthetic_demo_district_center,Non-Green Zone,40.5,7.7,19.1,4.37,No,No,563.0,No,Not Required,No,No,81.4,0.1,3.58,1.92,6.02,1.88,Plain,Agricultural,68.9,14.3,0.9,0.2,Yes,Pending,4,2,0,71.1,Obtained,Medium,Yes,In Progress,Private,,Verified,No,Clear,No,Updated,79.2,No,,0,0,Pending,Partially Approved,Issued,59.1,1225.63,1429.75,7.9,No,13.4,No,No,No,No,Pending,1.24,2.83,3.11,Low,Low,Low,II,Sandy,Moderate,37.5,Low,SYNTHETIC_SIH26017_ENHANCED,Synthetic prototype dataset; added features are simulated and must not be represented as official parcel records.
LA-0427,Gujarat,Ahmedabad,Metro,15.8,4,Mostly Paid,34,0,Mostly Obtained,21.5,94.0,31.8,Incomplete,Completed,2,Rehabilitation,3,1,134,23.307289,85.163751,synthetic_demo_district_center,Green Zone,15.0,12.6,13.8,3.51,No,Yes,1288.0,Yes,Pending,No,No,1763.6,6.7,2.17,16.79,2.82,6.67,Coastal,Agricultural,82.7,14.5,1.8,3.3,No,Pending,10,1,2,51.0,Obtained,Medium,Yes,Not Required,Joint,,Verified,No,Clear,No,Pending,69.9,No,Pending,0,0,Pending,Approved,Issued,79.3,2630.34,4768.44,60.3,No,3.8,No,Yes,No,No,Not Required,0.54,1.01,1.51,High,Low,Medium,III,Laterite,Good,53.0,Medium,SYNTHETIC_SIH26017_ENHANCED,Synthetic prototype dataset; added features are simulated and must not be represented as official parcel records.
LA-0428,Bihar,Patna,Irrigation,13.1,7,Not Started,29,1,Full,71.4,72.7,51.3,Partially Complete,Completed,4,Closure,0,0,6,26.685179,80.905158,synthetic_demo_district_center,Non-Green Zone,25.2,16.7,11.2,8.68,No,No,252.0,No,Approved,No,No,886.9,2.0,1.85,4.08,1.69,6.99,Plain,Government,67.1,11.5,2.5,3.0,Yes,Not Required,7,5,0,62.4,Obtained,Medium,Yes,Not Required,Government,,Verified,No,Clear,No,Updated,84.7,No,Pending,3,1,Completed,Pending,Pending,76.7,1242.01,1837.22,59.5,No,7.4,No,No,Yes,No,Not Required,1.42,2.5,1.67,Low,Low,Medium,II,Loamy,Good,40.7,Medium,SYNTHETIC_SIH26017_ENHANCED,Synthetic prototype dataset; added features are simulated and must not be represented as official parcel records.
LA-0429,Maharashtra,Aurangabad,Metro,15.6,8,Mostly Paid,56,0,Partial,49.4,15.4,81.0,Incomplete,Completed,2,Compensation,1,0,0,30.297284,78.086289,synthetic_demo_district_center,Buffer Zone,36.3,4.8,8.8,4.28,No,No,1141.0,No,Approved,No,No,874.1,4.0,4.56,5.86,7.89,12.02,Plain,Residential,55.1,9.1,2.5,2.9,No,Not Required,14,7,3,96.1,Partial,Low,Yes,Not Required,Institutional,,Under Review,No,Under Verification,No,Pending,62.3,No,,5,5,Completed,Approved,Issued,60.2,2976.78,3760.81,86.5,No,-8.2,No,No,Yes,No,In Progress,1.39,0.1,0.4,Medium,Low,Low,III,Sandy,Good,34.9,Low,SYNTHETIC_SIH26017_ENHANCED,Synthetic prototype dataset; added features are simulated and must not be represented as official parcel records.
LA-0430,Rajasthan,Jaipur,Power,16.4,9,Partially Paid,27,1,Partial,68.9,63.0,36.2,Complete,Completed,1,Possession,1,0,12,13.055353,77.586898,synthetic_demo_district_center,Non-Green Zone,12.1,2.2,13.3,3.71,No,No,183.0,No,Pending,No,No,1666.1,4.3,2.09,7.83,5.41,27.92,Plain,Agricultural,53.4,10.0,2.1,3.6,Yes,Not Required,9,4,1,31.8,Partial,Low,Yes,Completed,Private,Possible,Verified,No,Clear,No,Not Available,94.5,No,,1,1,Pending,Partially Approved,Issued,71.7,4060.4,8131.65,95.7,No,13.2,No,Yes,Yes,No,Pending,1.47,1.58,3.08,Low,Low,Medium,IV,Loamy,Good,57.8,Medium,SYNTHETIC_SIH26017_ENHANCED,Synthetic prototype dataset; added features are simulated and must not be represented as official parcel records.
LA-0431,Maharashtra,Nagpur,Airport,16.3,10,Mostly Paid,10,1,Partial,41.0,39.3,31.3,Complete,Completed,5,Possession,1,0,10,26.975303,76.017953,synthetic_demo_district_center,Green Zone,16.8,1.5,24.6,4.17,No,No,100.0,Yes,Approved,No,No,1193.9,2.7,1.78,4.98,8.35,7.46,Plain,Agricultural,65.8,2.9,0.9,8.0,No,Pending,16,2,3,78.2,Pending,Low,Yes,In Progress,Institutional,,Under Review,No,Reported,No,Updated,77.8,No,,6,1,Not Required,Pending,Issued,80.4,2822.02,5883.03,2.2,No,16.1,No,Yes,Yes,No,Not Required,2.27,0.49,2.56,High,Low,High,III,Loamy,Poor,39.1,Low,SYNTHETIC_SIH26017_ENHANCED,Synthetic prototype dataset; added features are simulated and must not be represented as official parcel records.
LA-0432,Tamil Nadu,Madurai,Highway,45.8,22,Mostly Paid,84,0,Full,64.2,59.6,87.4,Complete,Completed,4,Compensation,1,0,31,25.455542,85.176638,synthetic_demo_district_center,Non-Green Zone,48.5,15.6,10.8,1.77,No,Yes,320.0,No,Not Required,No,No,738.1,4.6,1.04,5.38,7.89,16.19,Plain,Agricultural,51.0,5.6,6.4,2.9,No,Not Required,7,1,1,50.1,Obtained,High,Yes,Not Required,Private,,Verified,No,Clear,Yes,Updated,81.9,No,Pending,2,2,Completed,Approved,Issued,83.0,1574.53,1657.0,53.0,No,-10.1,No,Yes,Yes,No,In Progress,1.65,0.93,3.43,Low,High,Low,IV,Laterite,Moderate,31.8,Low,SYNTHETIC_SIH26017_ENHANCED,Synthetic prototype dataset; added features are simulated and must not be represented as official parcel records.
LA-0433,Tamil Nadu,Chennai,Railway,10.7,5,Mostly Paid,18,1,Mostly Obtained,48.0,56.1,81.4,Partially Complete,Pending,4,Closure,1,0,17,30.8684,75.709862,synthetic_demo_district_center,Buffer Zone,26.0,4.0,23.8,5.0,No,No,648.0,No,Not Required,Yes,Yes,609.7,12.9,1.26,10.17,8.56,9.89,Plain,Wasteland,49.7,10.7,0.5,4.0,Yes,Not Required,6,4,1,71.8,Obtained,Low,Yes,In Progress,Private,,Verified,No,Clear,No,Pending,92.4,No,,0,0,Pending,Approved,Issued,90.9,933.3,1334.32,95.8,No,33.6,No,Yes,Yes,No,Not Required,1.22,0.96,0.24,Low,Medium,High,III,Loamy,Good,42.7,Medium,SYNTHETIC_SIH26017_ENHANCED,Synthetic prototype dataset; added features are simulated and must not be represented as official parcel records.
LA-0434,Madhya Pradesh,Bhopal,Railway,28.9,10,Not Started,7,0,Not Started,76.7,65.5,62.9,Incomplete,Completed,4,Rehabilitation,1,0,9,28.157697,77.032966,synthetic_demo_district_center,Non-Green Zone,29.8,4.1,21.4,1.98,No,No,1310.0,No,Approved,No,No,545.1,7.8,0.86,1.16,10.76,11.38,Plain,Agricultural,57.5,17.9,5.5,1.6,No,Not Required,4,3,0,92.0,Obtained,Low,Yes,Not Required,Private,,Verified,No,Reported,No,Updated,71.6,No,Disposed,6,6,Completed,Approved,Issued,80.0,2041.77,2909.12,90.5,Yes,-7.4,No,No,Yes,Yes,Not Required,2.83,5.12,3.63,Low,Low,Medium,IV,Laterite,Moderate,46.6,Medium,SYNTHETIC_SIH26017_ENHANCED,Synthetic prototype dataset; added features are simulated and must not be represented as official parcel records.
LA-0435,Tamil Nadu,Salem,Railway,61.2,28,Mostly Paid,47,0,Full,35.3,32.8,80.6,Partially Complete,Pending,6,Notification,2,0,10,13.095576,80.319568,synthetic_demo_district_center,Non-Green Zone,17.2,5.5,25.7,6.56,No,No,656.0,No,Not Required,No,No,98.7,1.4,0.63,3.32,9.36,3.06,Plain,Residential,60.3,20.1,5.8,4.7,No,Not Required,11,6,2,29.8,Pending,Medium,Yes,Planned,Government,Possible,Under Review,No,Clear,No,Updated,96.2,No,,0,0,Completed,Pending,Issued,85.1,939.61,1497.64,69.2,No,21.3,No,Yes,Yes,Yes,Not Required,2.97,0.66,6.04,Low,Medium,Medium,II,Black,Poor,36.5,Low,SYNTHETIC_SIH26017_ENHANCED,Synthetic prototype dataset; added features are simulated and must not be represented as official parcel records.
LA-0436,Uttar Pradesh,Mathura,Railway,16.7,9,Fully Paid,91,0,Mostly Obtained,48.3,87.6,39.0,Complete,Completed,6,Possession,3,0,10,26.298335,91.652143,synthetic_demo_district_center,Non-Green Zone,42.3,2.8,11.9,1.99,No,No,470.0,No,Not Required,Yes,Yes,602.3,1.1,1.7,6.16,2.74,12.78,Plain,Commercial,60.1,5.8,1.7,0.5,Yes,Not Required,6,3,1,91.9,Pending,Low,Yes,In Progress,Government,,Verified,No,Clear,No,Updated,80.1,No,,5,5,Not Required,Partially Approved,Issued,51.0,984.24,1645.54,31.7,No,20.9,No,No,Yes,No,In Progress,0.44,1.78,2.9,Medium,High,Low,IV,Loamy,Moderate,39.1,Low,SYNTHETIC_SIH26017_ENHANCED,Synthetic prototype dataset; added features are simulated and must not be represented as official parcel records.
LA-0437,Odisha,Ganjam,Airport,14.3,9,Fully Paid,48,1,Full,,84.9,66.7,Complete,Partially Completed,5,Notification,4,0,34,22.680467,88.055298,synthetic_demo_district_center,Non-Green Zone,49.7,4.0,14.0,6.47,No,No,1317.0,No,Approved,No,No,104.0,9.7,1.82,2.13,15.33,5.55,Plain,Agricultural,75.9,19.2,4.9,3.5,Yes,Not Required,9,3,1,90.8,Disputed,Medium,Yes,In Progress,Institutional,Possible,Verified,No,Clear,No,Updated,83.4,No,,1,1,Completed,Partially Approved,Pending,73.0,1558.36,3071.89,33.8,Yes,26.0,No,Yes,Yes,Yes,In Progress,3.02,0.74,5.76,Medium,Low,Medium,II,Loamy,Poor,64.1,Medium,SYNTHETIC_SIH26017_ENHANCED,Synthetic prototype dataset; added features are simulated and must not be represented as official parcel records.
LA-0438,Bihar,Bhagalpur,Power,20.6,13,Fully Paid,76,1,Not Started,51.8,73.8,59.0,Complete,Completed,6,Possession,3,0,19,13.078217,77.660206,synthetic_demo_district_center,Non-Green Zone,4.5,4.9,22.1,10.87,No,Yes,1336.0,No,Pending,Yes,Yes,1470.8,2.2,3.33,3.66,1.92,2.92,Plateau,Agricultural,64.4,17.6,1.8,10.4,No,Not Required,3,1,0,79.6,Obtained,High,Yes,Not Required,Private,,Verified,No,Clear,No,Updated,56.0,No,,5,5,Completed,Approved,Issued,89.5,1424.35,1824.08,62.8,No,1.5,No,Yes,No,No,Not Required,0.51,0.85,1.62,Low,Low,Low,V,Black,Good,29.3,Low,SYNTHETIC_SIH26017_ENHANCED,Synthetic prototype dataset; added features are simulated and must not be represented as official parcel records.
LA-0439,Maharashtra,Pune,Industrial,59.4,34,Partially Paid,13,0,Partial,51.0,68.9,53.5,Complete,Pending,4,Possession,0,1,124,23.226645,77.277961,synthetic_demo_district_center,Green Zone,33.0,4.2,5.7,4.07,No,No,550.0,Yes,Not Required,Yes,Yes,1639.1,1.1,1.46,17.3,12.21,4.82,Coastal,Agricultural,70.9,12.1,0.5,0.7,No,Not Required,11,11,3,51.3,Partial,Medium,Yes,Not Required,Joint,,Verified,No,Clear,No,Pending,70.9,No,,2,2,Completed,Pending,Pending,75.5,1720.51,2748.6,7.8,No,4.0,No,Yes,Yes,Yes,Not Required,0.83,1.1,2.48,Low,Medium,Low,IV,Sandy,Poor,46.4,Medium,SYNTHETIC_SIH26017_ENHANCED,Synthetic prototype dataset; added features are simulated and must not be represented as official parcel records.
LA-0440,Odisha,Cuttack,Railway,28.4,10,Fully Paid,10,2,Mostly Obtained,13.1,30.4,67.1,Complete,Pending,6,Planning,1,1,92,22.828922,72.473385,synthetic_demo_district_center,Non-Green Zone,12.4,2.4,7.2,3.52,Yes,No,1640.0,Yes,Not Required,No,No,900.3,2.7,4.11,3.4,21.97,3.73,Coastal,Agricultural,67.6,15.4,1.0,2.2,No,Not Required,2,1,0,69.0,Obtained,High,Yes,Not Required,Government,,Under Review,No,Under Verification,No,Pending,59.8,No,,0,0,Not Required,Approved,Issued,53.7,226.66,296.32,20.4,Yes,11.8,No,Yes,No,No,Not Required,1.55,0.46,2.63,Medium,Low,Low,III,Laterite,Poor,40.5,Medium,SYNTHETIC_SIH26017_ENHANCED,Synthetic prototype dataset; added features are simulated and must not be represented as official parcel records.
LA-0441,Karnataka,Mysuru,Irrigation,16.5,7,Partially Paid,22,1,Mostly Obtained,67.1,50.7,91.8,Complete,Partially Completed,6,Rehabilitation,0,0,12,31.191063,77.132379,synthetic_demo_district_center,Non-Green Zone,18.0,14.8,12.1,7.08,No,No,287.0,No,Pending,No,No,1760.8,1.5,1.63,1.72,5.9,5.59,Plain,Residential,72.5,3.2,0.8,1.1,No,Pending,1,2,0,33.2,Obtained,Medium,Yes,In Progress,Private,Possible,Verified,No,Under Verification,No,Not Available,88.0,No,,4,2,Completed,Partially Approved,Issued,91.8,558.16,894.91,25.4,No,16.0,No,Yes,No,No,Pending,0.65,3.01,8.89,Medium,Medium,Low,III,Alluvial,Good,56.5,Medium,SYNTHETIC_SIH26017_ENHANCED,Synthetic prototype dataset; added features are simulated and must not be represented as official parcel records.
LA-0442,Rajasthan,Ajmer,Airport,35.3,15,Not Started,63,2,Mostly Obtained,3.9,73.4,84.5,Complete,Completed,3,Possession,2,1,117,9.81984,76.340364,synthetic_demo_district_center,Non-Green Zone,24.1,8.9,18.1,0.77,No,No,607.0,No,Not Required,No,No,442.4,8.4,2.82,2.64,2.63,11.25,Coastal,Residential,69.4,2.7,0.7,3.0,No,Pending,1,1,0,87.8,Obtained,Low,Yes,Not Required,Private,,Verified,No,Reported,No,Updated,84.8,No,,2,1,Not Required,Approved,Issued,63.9,410.3,720.29,89.7,No,-7.5,Yes,No,Yes,No,Not Required,0.69,1.42,4.63,Medium,Medium,Low,III,Black,Good,27.8,Low,SYNTHETIC_SIH26017_ENHANCED,Synthetic prototype dataset; added features are simulated and must not be represented as official parcel records.
LA-0443,Uttar Pradesh,Mathura,Irrigation,10.7,6,Fully Paid,45,0,Full,40.1,22.8,85.1,Complete,Completed,4,Closure,0,0,0,23.180088,85.241073,synthetic_demo_district_center,Green Zone,22.4,11.5,14.7,2.03,No,No,412.0,Yes,Pending,No,No,783.4,4.8,1.28,1.15,3.21,15.05,Plateau,Agricultural,80.1,11.7,1.1,6.9,No,Not Required,1,0,0,99.9,Partial,Medium,No,Not Required,Private,,Verified,No,Clear,No,Updated,72.7,No,,2,0,Not Required,Approved,Pending,50.3,297.13,604.84,61.0,No,-7.3,No,Yes,Yes,Yes,Not Required,2.04,1.84,1.86,Low,Low,Low,II,Alluvial,Moderate,43.7,Medium,SYNTHETIC_SIH26017_ENHANCED,Synthetic prototype dataset; added features are simulated and must not be represented as official parcel records.
LA-0444,Maharashtra,Nashik,Highway,40.9,17,Fully Paid,47,0,Partial,65.4,92.2,67.6,Complete,Completed,6,Planning,1,1,135,31.051426,77.069539,synthetic_demo_district_center,Non-Green Zone,52.6,4.0,18.5,7.54,No,No,347.0,No,Not Required,No,No,509.1,5.2,0.92,2.09,0.18,4.67,Plain,Agricultural,55.6,5.6,2.3,6.2,No,Not Required,8,3,2,95.1,Pending,Low,Yes,Planned,Private,,Verified,No,Clear,No,Updated,58.2,No,,2,1,Not Required,Approved,Issued,93.6,2059.3,3743.41,98.3,No,23.9,No,Yes,Yes,No,Completed,1.1,1.74,2.65,Medium,Low,Low,IV,Alluvial,Good,53.7,Medium,SYNTHETIC_SIH26017_ENHANCED,Synthetic prototype dataset; added features are simulated and must not be represented as official parcel records.
LA-0445,Odisha,Khordha,Industrial,33.3,13,Mostly Paid,33,0,Full,84.6,55.4,72.4,Partially Complete,Completed,5,Rehabilitation,1,0,4,31.216899,76.963076,synthetic_demo_district_center,Non-Green Zone,0.9,11.5,30.1,8.4,Yes,Yes,708.0,Yes,Approved,No,No,1202.1,0.7,4.82,13.52,2.4,8.5,Hilly,Agricultural,41.4,5.5,0.0,2.4,Yes,Pending,1,1,0,53.2,Disputed,Low,Yes,Completed,Private,Possible,Verified,No,Under Verification,No,Pending,75.4,Yes,,0,0,Pending,Approved,Issued,69.3,599.44,1173.33,46.7,No,11.1,No,No,Yes,Yes,Pending,1.35,5.72,1.76,Low,Medium,High,III,Laterite,Moderate,62.5,Medium,SYNTHETIC_SIH26017_ENHANCED,Synthetic prototype dataset; added features are simulated and must not be represented as official parcel records.
LA-0446,Rajasthan,Jaipur,Highway,19.5,11,Partially Paid,23,1,Not Started,55.5,60.6,58.2,Complete,Completed,6,Rehabilitation,3,0,24,30.147282,77.832826,synthetic_demo_district_center,Non-Green Zone,36.5,6.2,8.7,22.78,No,No,371.0,No,Pending,No,No,321.6,1.5,0.41,3.98,15.25,11.38,Coastal,Agricultural,61.9,11.1,5.3,2.7,No,Not Required,11,5,3,75.1,Obtained,Low,Yes,In Progress,Private,Possible,Under Review,No,Clear,No,Pending,64.7,No,,4,4,Not Required,Approved,Pending,91.3,4083.32,6279.6,10.0,No,10.6,No,Yes,Yes,No,Completed,0.51,2.51,11.93,Low,High,Low,II,Alluvial,Moderate,50.7,Medium,SYNTHETIC_SIH26017_ENHANCED,Synthetic prototype dataset; added features are simulated and must not be represented as official parcel records.
LA-0447,Madhya Pradesh,Bhopal,Railway,13.1,3,Partially Paid,34,0,Partial,89.5,87.2,45.5,Complete,Partially Completed,6,Notification,2,0,12,17.140933,78.386887,synthetic_demo_district_center,Green Zone,16.9,8.7,18.1,10.67,Yes,No,176.0,Yes,Pending,Yes,Yes,88.9,8.5,1.23,4.3,9.87,23.82,Plain,Agricultural,39.6,7.6,1.3,3.0,Yes,Pending,5,2,3,67.4,Obtained,High,Yes,Not Required,Joint,,Under Review,No,Under Verification,No,Pending,56.4,No,,5,5,Pending,Pending,Pending,87.9,1155.0,2304.64,98.0,No,-1.7,No,Yes,No,No,Not Required,2.16,1.48,5.47,Low,High,Low,IV,Alluvial,Poor,61.1,Medium,SYNTHETIC_SIH26017_ENHANCED,Synthetic prototype dataset; added features are simulated and must not be represented as official parcel records.
LA-0448,Uttar Pradesh,Meerut,Highway,12.6,7,Mostly Paid,26,1,Not Started,66.7,94.3,57.1,Partially Complete,Completed,4,Compensation,1,0,7,19.045657,72.872393,synthetic_demo_district_center,Buffer Zone,36.1,6.0,3.6,7.55,Yes,No,311.0,Yes,Not Required,Yes,Yes,1152.6,9.5,0.49,9.28,15.17,5.28,Coastal,Agricultural,65.6,3.7,1.2,0.6,No,Pending,4,3,0,68.0,Partial,Medium,Yes,Planned,Private,,Under Review,No,Clear,No,Pending,73.1,No,,5,2,Pending,Partially Approved,Issued,93.1,255.31,403.17,87.2,No,-14.4,No,No,Yes,Yes,Not Required,2.26,1.45,17.87,Low,Medium,Low,III,Laterite,Good,25.0,Low,SYNTHETIC_SIH26017_ENHANCED,Synthetic prototype dataset; added features are simulated and must not be represented as official parcel records.
LA-0449,Uttar Pradesh,Mathura,Industrial,36.6,21,Fully Paid,22,0,Partial,28.0,59.6,93.4,Partially Complete,Completed,6,Closure,1,1,110,22.700444,88.456427,synthetic_demo_district_center,Non-Green Zone,58.2,13.5,15.5,5.99,Yes,No,917.0,Yes,Not Required,No,No,1719.5,2.9,1.16,4.98,14.82,7.52,Plain,Agricultural,73.0,0.6,0.5,2.9,No,Pending,3,0,2,54.0,Partial,Medium,No,Planned,Government,Possible,Verified,No,Under Verification,No,Updated,98.3,No,Pending,2,2,Completed,Approved,Pending,82.2,454.37,762.78,13.0,No,4.0,No,Yes,No,No,Pending,0.69,5.72,1.01,Low,Low,Low,IV,Laterite,Moderate,35.6,Low,SYNTHETIC_SIH26017_ENHANCED,Synthetic prototype dataset; added features are simulated and must not be represented as official parcel records.
LA-0450,Madhya Pradesh,Ujjain,Power,61.7,26,Partially Paid,40,0,Partial,57.5,21.2,71.6,Complete,Completed,3,Possession,2,0,24,25.509401,85.248728,synthetic_demo_district_center,Green Zone,25.7,0.1,7.4,4.96,No,Yes,1449.0,Yes,Not Required,Yes,Yes,58.8,1.5,5.29,8.78,4.25,13.4,Plain,Agricultural,64.6,17.8,1.7,1.1,Yes,Approved,3,2,0,63.1,Pending,Medium,Yes,Not Required,Private,,Issue Found,Yes,Clear,No,Updated,99.2,No,Pending,5,1,Completed,Approved,Issued,53.7,737.82,1221.26,8.2,No,-6.4,No,No,No,No,In Progress,1.9,2.77,0.64,Low,Low,Low,II,Red,Good,44.9,Medium,SYNTHETIC_SIH26017_ENHANCED,Synthetic prototype dataset; added features are simulated and must not be represented as official parcel records.
LA-0451,Bihar,Bhagalpur,Highway,15.2,12,Fully Paid,24,0,Full,74.5,33.1,74.9,Incomplete,Completed,3,Compensation,0,0,15,16.489024,80.66917,synthetic_demo_district_center,Buffer Zone,16.5,4.1,30.3,4.43,No,No,635.0,No,Approved,No,No,94.6,6.5,0.91,2.31,13.46,3.95,Coastal,Commercial,57.1,7.3,4.1,5.5,No,Not Required,4,5,2,76.4,Pending,Medium,Yes,Completed,Private,,Verified,No,Under Verification,No,Pending,58.5,Yes,,1,1,Completed,Partially Approved,Issued,91.0,1809.53,2521.13,57.6,No,-10.5,No,Yes,Yes,No,Not Required,4.3,4.71,4.14,Low,Low,Low,II,Loamy,Moderate,43.8,Medium,SYNTHETIC_SIH26017_ENHANCED,Synthetic prototype dataset; added features are simulated and must not be represented as official parcel records.
LA-0452,Madhya Pradesh,Indore,Railway,34.6,13,Partially Paid,37,0,Mostly Obtained,23.3,65.9,89.0,Complete,Partially Completed,6,Closure,1,0,8,26.619739,80.876613,synthetic_demo_district_center,Non-Green Zone,4.9,5.6,9.2,2.33,No,No,530.0,No,Pending,No,No,703.4,2.2,4.81,11.0,5.72,10.47,Plateau,Wasteland,81.6,7.8,5.1,5.9,Yes,Not Required,1,1,0,51.9,Obtained,Low,Yes,Not Required,Private,,Verified,No,Clear,No,Not Available,69.1,Yes,,1,1,Pending,Approved,Issued,90.1,636.71,1092.44,32.4,Yes,6.0,No,No,Yes,No,Not Required,2.37,1.71,4.54,Low,High,Low,III,Red,Poor,47.1,Medium,SYNTHETIC_SIH26017_ENHANCED,Synthetic prototype dataset; added features are simulated and must not be represented as official parcel records.
LA-0453,Uttar Pradesh,Agra,Metro,5.1,4,Fully Paid,4,2,Partial,60.7,25.3,34.6,Complete,Partially Completed,4,Planning,5,0,3,12.905166,77.646342,synthetic_demo_district_center,Buffer Zone,19.1,6.1,17.1,6.52,No,No,420.0,No,Not Required,Yes,Yes,284.2,3.5,1.48,6.56,11.67,3.5,Coastal,Agricultural,26.6,4.2,1.2,4.2,No,Pending,5,4,1,32.3,Obtained,Low,Yes,Not Required,Joint,,Under Review,No,Clear,No,Pending,68.7,No,Pending,6,5,Pending,Partially Approved,Issued,70.8,1248.11,2049.19,87.6,No,10.7,No,No,Yes,No,Pending,0.9,5.67,3.01,Low,Low,Low,III,Loamy,Poor,25.3,Low,SYNTHETIC_SIH26017_ENHANCED,Synthetic prototype dataset; added features are simulated and must not be represented as official parcel records.
LA-0454,Uttar Pradesh,Agra,Railway,15.8,7,Fully Paid,35,0,Mostly Obtained,25.1,91.7,57.4,Complete,Completed,1,Compensation,1,0,28,28.637519,77.094506,synthetic_demo_district_center,Non-Green Zone,14.0,5.0,8.8,2.21,No,No,283.0,No,Not Required,No,No,262.1,8.6,6.26,2.9,0.94,7.68,Plateau,Residential,63.3,5.4,0.4,6.0,No,Approved,16,8,2,48.5,Obtained,Low,Yes,Not Required,Joint,,Verified,No,Clear,No,Updated,86.3,No,,4,4,Completed,Pending,Pending,90.7,4189.43,7837.89,53.2,Yes,-3.2,No,Yes,No,Yes,Not Required,0.84,1.73,3.46,Medium,Low,Medium,III,Alluvial,Moderate,64.7,Medium,SYNTHETIC_SIH26017_ENHANCED,Synthetic prototype dataset; added features are simulated and must not be represented as official parcel records.
LA-0455,Odisha,Cuttack,Highway,24.0,13,Mostly Paid,24,1,Not Started,36.3,58.2,70.7,Complete,Completed,1,Possession,1,1,104,22.540766,88.385086,synthetic_demo_district_center,Buffer Zone,17.0,10.8,6.9,1.4,No,No,511.0,No,Not Required,Yes,Yes,1378.7,1.0,0.14,5.34,11.23,31.98,Plain,Agricultural,72.7,9.4,2.3,2.3,Yes,Approved,10,6,4,36.7,Pending,Low,Yes,Planned,Private,Confirmed,Verified,No,Clear,No,Updated,66.8,No,,1,1,Not Required,Partially Approved,Pending,87.8,3653.37,6329.31,68.0,No,21.4,No,Yes,Yes,No,In Progress,4.71,0.71,3.07,Low,Low,Low,II,Black,Moderate,41.6,Medium,SYNTHETIC_SIH26017_ENHANCED,Synthetic prototype dataset; added features are simulated and must not be represented as official parcel records.
LA-0456,Tamil Nadu,Coimbatore,Railway,12.4,6,Partially Paid,79,0,Partial,54.7,50.8,78.5,Partially Complete,Partially Completed,2,Possession,1,0,8,28.511828,77.025988,synthetic_demo_district_center,Non-Green Zone,20.5,5.1,19.0,3.26,No,No,380.0,No,Not Required,No,No,159.0,1.8,1.68,7.2,0.41,4.33,Plateau,Residential,59.5,9.1,1.2,4.1,No,Approved,4,0,1,70.3,Partial,Low,No,In Progress,Government,,Verified,No,Clear,No,Updated,58.9,No,,5,4,Not Required,Approved,Issued,50.1,679.72,1077.34,59.4,No,-7.6,No,Yes,No,No,Not Required,1.22,0.54,2.05,Low,Low,Low,III,Loamy,Moderate,31.2,Low,SYNTHETIC_SIH26017_ENHANCED,Synthetic prototype dataset; added features are simulated and must not be represented as official parcel records.
LA-0457,Rajasthan,Jodhpur,Irrigation,12.2,6,Fully Paid,7,1,Mostly Obtained,23.2,89.2,76.4,Complete,Completed,3,Notification,1,0,18,23.262603,85.283325,synthetic_demo_district_center,Non-Green Zone,70.0,10.7,5.2,4.16,No,No,816.0,No,Not Required,No,No,549.9,0.6,0.31,3.64,22.51,29.5,Plain,Government,83.6,7.4,6.6,1.1,Yes,Pending,8,2,0,97.9,Obtained,Medium,Yes,Not Required,Private,,Verified,No,Clear,No,Updated,82.0,No,,6,2,Completed,Approved,Issued,97.2,2294.67,2550.71,32.1,No,19.6,No,No,Yes,No,Not Required,0.16,0.16,3.92,Low,Low,High,III,Alluvial,Moderate,40.0,Low,SYNTHETIC_SIH26017_ENHANCED,Synthetic prototype dataset; added features are simulated and must not be represented as official parcel records.
LA-0458,Madhya Pradesh,Indore,Highway,14.9,7,Mostly Paid,33,0,Mostly Obtained,12.0,77.7,68.2,Complete,Pending,1,Possession,1,1,97,23.242529,72.742417,synthetic_demo_district_center,Buffer Zone,7.8,12.5,13.7,3.79,No,No,417.0,No,Pending,No,No,241.1,4.7,3.13,1.91,8.05,2.2,Plain,Government,58.8,2.2,1.4,3.2,No,Not Required,4,0,0,41.2,Partial,Low,No,In Progress,Private,Possible,Verified,No,Clear,Yes,Updated,98.6,No,,2,0,Pending,Pending,Issued,89.3,1006.95,2009.21,48.3,No,-5.4,No,No,Yes,No,In Progress,1.7,9.32,7.13,Medium,High,Medium,II,Alluvial,Moderate,48.4,Medium,SYNTHETIC_SIH26017_ENHANCED,Synthetic prototype dataset; added features are simulated and must not be represented as official parcel records.
LA-0459,Rajasthan,Ajmer,Highway,30.5,14,Mostly Paid,55,1,Mostly Obtained,51.6,78.4,84.1,Incomplete,Partially Completed,2,Rehabilitation,3,0,10,19.16273,72.844103,synthetic_demo_district_center,Non-Green Zone,39.3,8.9,22.9,3.93,Yes,No,1102.0,Yes,Not Required,No,No,1335.8,10.8,3.6,3.55,8.41,9.61,Plain,Agricultural,59.7,11.5,6.0,4.1,No,Approved,7,3,1,84.5,Obtained,Medium,Yes,Not Required,Private,,Issue Found,Yes,Clear,No,Updated,55.0,No,,2,2,Pending,Approved,Issued,66.2,1833.89,3826.89,80.6,No,1.4,No,Yes,Yes,No,Not Required,2.57,1.69,4.99,Medium,Low,Low,III,Black,Moderate,41.3,Medium,SYNTHETIC_SIH26017_ENHANCED,Synthetic prototype dataset; added features are simulated and must not be represented as official parcel records.
LA-0460,Madhya Pradesh,Bhopal,Railway,21.3,4,Mostly Paid,27,0,Partial,61.7,81.8,64.7,Complete,Completed,1,Possession,0,0,5,25.782567,85.130204,synthetic_demo_district_center,Non-Green Zone,29.0,6.1,19.9,1.88,No,No,853.0,No,Not Required,No,No,6.0,3.9,3.86,8.5,9.06,13.48,Hilly,Agricultural,27.0,21.6,3.3,2.3,No,Pending,4,0,1,94.5,Obtained,Medium,No,Not Required,Joint,,Under Review,No,Clear,No,Updated,89.8,No,,0,0,Pending,Pending,Issued,59.6,2302.27,4332.71,87.9,No,20.2,No,Yes,Yes,Yes,Not Required,3.16,4.81,3.88,High,Low,Low,II,Alluvial,Poor,34.3,Low,SYNTHETIC_SIH26017_ENHANCED,Synthetic prototype dataset; added features are simulated and must not be represented as official parcel records.
LA-0461,Karnataka,Belagavi,Airport,5.0,6,Partially Paid,24,0,Mostly Obtained,63.5,72.2,50.1,Partially Complete,Completed,4,Possession,2,0,11,25.758897,84.848041,synthetic_demo_district_center,Green Zone,32.6,10.0,16.0,1.63,No,No,655.0,Yes,Pending,No,No,16.9,1.0,1.7,5.23,22.99,2.19,Plateau,Wasteland,57.1,9.3,3.3,1.7,No,Pending,4,1,0,45.7,Partial,High,Yes,In Progress,Private,,Under Review,No,Clear,No,Updated,98.2,No,,0,0,Completed,Pending,Pending,98.6,1149.1,1405.85,80.1,No,22.1,No,Yes,Yes,No,In Progress,2.95,1.4,3.81,High,Low,Medium,V,Laterite,Poor,74.3,High,SYNTHETIC_SIH26017_ENHANCED,Synthetic prototype dataset; added features are simulated and must not be represented as official parcel records.
LA-0462,Uttar Pradesh,Meerut,Power,5.0,2,Fully Paid,55,0,Mostly Obtained,56.4,88.4,48.0,Complete,Completed,6,Notification,0,0,21,26.997798,75.765615,synthetic_demo_district_center,Non-Green Zone,34.4,1.7,18.3,1.48,Yes,No,815.0,Yes,Not Required,Yes,Yes,486.3,1.5,2.02,23.88,4.84,6.23,Coastal,Industrial,68.7,6.1,5.7,7.4,No,Not Required,4,3,1,88.6,Obtained,Low,Yes,Not Required,Joint,,Verified,No,Reported,No,Updated,75.1,No,,1,1,Completed,Approved,Issued,69.0,231.45,250.4,84.3,No,-5.5,No,Yes,Yes,Yes,Pending,0.93,3.78,2.83,Low,Low,Low,III,Black,Good,67.3,Medium,SYNTHETIC_SIH26017_ENHANCED,Synthetic prototype dataset; added features are simulated and must not be represented as official parcel records.
LA-0463,Tamil Nadu,Madurai,Power,15.6,10,Partially Paid,44,1,Full,50.5,89.9,75.8,Complete,Partially Completed,3,Rehabilitation,1,0,23,22.797993,88.350256,synthetic_demo_district_center,Non-Green Zone,37.6,4.7,3.7,3.56,No,No,998.0,No,Not Required,No,No,370.2,1.1,2.67,1.13,2.54,13.92,Plain,Agricultural,72.9,5.0,1.8,3.9,Yes,Not Required,2,1,0,82.8,Obtained,Medium,Yes,Not Required,Joint,,Verified,No,Clear,No,Updated,88.7,No,,5,3,Completed,Pending,Pending,70.4,338.41,510.0,61.2,No,26.7,Yes,Yes,No,Yes,Not Required,2.01,4.2,0.57,Medium,Low,Low,III,Red,Moderate,38.3,Low,SYNTHETIC_SIH26017_ENHANCED,Synthetic prototype dataset; added features are simulated and must not be represented as official parcel records.
LA-0464,Odisha,Puri,Railway,34.6,12,Fully Paid,46,0,Partial,31.4,94.2,51.6,Complete,Completed,1,Compensation,2,0,0,16.676155,80.555037,synthetic_demo_district_center,Buffer Zone,17.7,4.8,10.2,1.02,No,No,491.0,No,Not Required,No,No,674.5,4.4,3.15,2.19,8.28,16.83,Plain,Industrial,51.9,6.3,7.5,4.5,No,Approved,1,1,1,83.7,Partial,Low,Yes,Not Required,Private,,Verified,No,Clear,No,Not Available,85.6,No,,5,3,Pending,Partially Approved,Issued,90.4,179.06,198.56,59.2,No,2.9,No,Yes,No,No,Completed,2.54,4.7,2.07,Low,Medium,Low,II,Black,Good,49.2,Medium,SYNTHETIC_SIH26017_ENHANCED,Synthetic prototype dataset; added features are simulated and must not be represented as official parcel records.
LA-0465,Tamil Nadu,Chennai,Industrial,5.0,5,Partially Paid,22,2,Mostly Obtained,80.3,33.7,10.7,Partially Complete,Completed,4,Closure,0,0,13,23.129299,85.284213,synthetic_demo_district_center,Non-Green Zone,23.2,9.0,18.0,2.75,No,No,387.0,No,Not Required,No,No,1130.1,3.8,1.08,0.74,12.44,19.72,Hilly,Agricultural,78.5,16.5,2.5,2.1,No,Not Required,4,4,3,72.2,Obtained,Low,Yes,In Progress,Private,,Verified,No,Under Verification,No,Pending,56.0,Yes,,1,1,Not Required,Pending,Pending,51.5,296.74,593.32,37.9,No,33.6,No,Yes,No,Yes,In Progress,6.29,0.36,4.46,Medium,Low,Low,II,Sandy,Moderate,40.1,Medium,SYNTHETIC_SIH26017_ENHANCED,Synthetic prototype dataset; added features are simulated and must not be represented as official parcel records.
LA-0466,Tamil Nadu,Chennai,Highway,16.9,14,Fully Paid,19,0,Mostly Obtained,74.6,36.2,86.7,Partially Complete,Pending,2,Planning,3,0,0,21.258005,81.740017,synthetic_demo_district_center,Non-Green Zone,15.2,6.4,27.8,1.68,No,No,290.0,No,Not Required,No,No,632.9,5.5,1.27,9.3,19.46,7.42,Plain,Agricultural,50.2,8.5,1.0,1.6,No,Not Required,5,3,1,53.5,Disputed,High,Yes,In Progress,Private,,Verified,No,Under Verification,Yes,Updated,55.1,No,,4,0,Pending,Partially Approved,Issued,60.1,1143.15,1258.21,61.4,No,28.5,No,Yes,No,No,Not Required,2.18,4.27,4.47,High,Low,Medium,IV,Laterite,Good,42.3,Medium,SYNTHETIC_SIH26017_ENHANCED,Synthetic prototype dataset; added features are simulated and must not be represented as official parcel records.
LA-0467,Tamil Nadu,Chennai,Industrial,16.5,7,Partially Paid,37,1,Full,36.1,58.1,40.0,Complete,Partially Completed,4,Compensation,1,0,21,22.489674,88.300311,synthetic_demo_district_center,Non-Green Zone,4.9,10.5,8.9,6.38,No,No,312.0,No,Not Required,Yes,Yes,1785.2,0.8,2.35,6.9,13.73,7.83,Plateau,Government,78.0,6.0,5.1,5.8,Yes,Approved,1,1,2,82.8,Obtained,Low,Yes,In Progress,Private,,Under Review,No,Under Verification,No,Updated,97.4,No,Disposed,6,3,Pending,Partially Approved,Issued,54.8,404.49,455.87,98.9,No,-10.0,Yes,Yes,No,Yes,Not Required,1.37,5.73,3.03,High,Low,Low,IV,Loamy,Poor,52.3,Medium,SYNTHETIC_SIH26017_ENHANCED,Synthetic prototype dataset; added features are simulated and must not be represented as official parcel records.
LA-0468,Rajasthan,Jodhpur,Airport,69.5,24,Partially Paid,58,0,Partial,89.8,50.5,46.5,Complete,Completed,2,Notification,2,1,144,30.846462,76.023601,synthetic_demo_district_center,Buffer Zone,28.2,11.7,15.9,4.34,No,Yes,295.0,No,Not Required,Yes,Yes,917.6,1.2,2.98,7.64,2.08,25.5,Plain,Agricultural,51.4,11.7,3.0,4.4,Yes,Not Required,8,3,0,89.1,Obtained,Low,Yes,Not Required,Joint,Possible,Verified,No,Clear,No,Updated,96.0,No,,6,6,Pending,Partially Approved,Issued,86.8,530.24,611.55,77.6,No,20.9,No,No,No,No,Pending,3.48,6.07,1.84,Medium,High,Low,III,Sandy,Moderate,47.3,Medium,SYNTHETIC_SIH26017_ENHANCED,Synthetic prototype dataset; added features are simulated and must not be represented as official parcel records.
LA-0469,Madhya Pradesh,Jabalpur,Industrial,18.4,9,Partially Paid,8,0,Partial,33.0,11.6,33.6,Incomplete,Completed,1,Possession,1,0,3,10.065922,76.432501,synthetic_demo_district_center,Non-Green Zone,9.1,14.7,12.2,2.79,No,No,215.0,No,Not Required,No,No,284.9,2.1,4.26,7.74,21.06,4.76,Plain,Agricultural,39.2,3.2,6.0,0.7,No,Pending,18,4,3,84.9,Obtained,Low,Yes,Not Required,Joint,Confirmed,Under Review,No,Reported,No,Pending,61.3,No,,0,0,Completed,Approved,Issued,79.2,2474.06,4982.84,85.7,No,-10.4,No,Yes,Yes,No,Pending,2.48,1.15,3.31,Low,Low,High,III,Laterite,Good,53.5,Medium,SYNTHETIC_SIH26017_ENHANCED,Synthetic prototype dataset; added features are simulated and must not be represented as official parcel records.
LA-0470,West Bengal,Howrah,Irrigation,32.7,15,Fully Paid,28,0,Partial,54.0,73.0,38.6,Incomplete,Pending,6,Notification,1,1,205,22.961558,72.506071,synthetic_demo_district_center,Non-Green Zone,13.7,4.7,8.7,2.11,No,No,188.0,No,Not Required,Yes,Yes,771.8,5.4,3.05,7.94,0.79,11.06,Plain,Industrial,55.3,12.9,3.1,3.5,Yes,Pending,25,8,4,35.0,Obtained,High,Yes,Planned,Government,,Verified,No,Clear,No,Updated,88.3,No,,0,0,Completed,Partially Approved,Issued,98.1,2558.7,4078.84,53.3,No,19.7,No,Yes,No,No,Pending,3.11,4.06,5.06,Low,Medium,Low,IV,Red,Moderate,39.6,Low,SYNTHETIC_SIH26017_ENHANCED,Synthetic prototype dataset; added features are simulated and must not be represented as official parcel records.
LA-0471,Karnataka,Hubballi,Power,27.3,13,Mostly Paid,20,0,Partial,36.3,77.7,90.9,Complete,Completed,5,Rehabilitation,0,0,15,23.423749,77.494732,synthetic_demo_district_center,Green Zone,6.2,9.6,15.8,5.61,No,No,1456.0,Yes,Approved,No,No,1076.8,4.5,4.38,2.65,9.19,12.84,Plain,Wasteland,17.8,4.0,3.0,1.0,Yes,Pending,8,2,2,62.4,Pending,Medium,Yes,Not Required,Government,,Verified,No,Under Verification,No,Updated,80.0,No,Pending,2,2,Not Required,Pending,Issued,75.9,1255.67,2581.69,16.6,No,-4.7,No,Yes,Yes,Yes,In Progress,1.08,1.96,2.55,Low,Low,Low,IV,Black,Moderate,34.3,Low,SYNTHETIC_SIH26017_ENHANCED,Synthetic prototype dataset; added features are simulated and must not be represented as official parcel records.
LA-0472,Maharashtra,Aurangabad,Highway,5.0,5,Fully Paid,31,1,Partial,30.5,55.5,57.2,Complete,Completed,6,Closure,2,0,14,19.212507,72.710226,synthetic_demo_district_center,Green Zone,31.5,27.7,15.0,3.49,No,Yes,1035.0,Yes,Not Required,Yes,Yes,268.1,7.8,3.26,7.02,9.03,9.11,Hilly,Residential,55.5,8.2,1.9,1.3,No,Approved,8,3,1,48.6,Partial,Medium,Yes,Not Required,Private,,Verified,No,Clear,No,Updated,90.4,No,Disposed,3,3,Completed,Partially Approved,Pending,89.4,612.46,949.56,62.6,No,34.9,No,No,Yes,No,In Progress,1.1,0.6,1.92,Medium,Low,Low,IV,Red,Good,33.1,Low,SYNTHETIC_SIH26017_ENHANCED,Synthetic prototype dataset; added features are simulated and must not be represented as official parcel records.
LA-0473,Tamil Nadu,Madurai,Airport,43.6,16,Partially Paid,52,2,Not Started,62.0,85.2,47.0,Partially Complete,Partially Completed,4,Notification,1,0,10,28.62217,76.931451,synthetic_demo_district_center,Buffer Zone,23.5,10.5,12.8,9.73,No,No,576.0,No,Not Required,Yes,Yes,975.0,3.3,3.96,4.53,10.86,4.34,Plain,Residential,37.9,10.6,0.4,0.4,No,Not Required,2,0,1,53.6,Pending,Medium,No,Not Required,Government,Possible,Verified,No,Under Verification,No,Updated,91.0,No,,5,2,Pending,Partially Approved,Issued,55.6,238.45,292.26,2.0,No,-10.3,No,Yes,Yes,No,In Progress,1.22,0.11,2.73,Low,Low,Low,III,Loamy,Good,25.5,Low,SYNTHETIC_SIH26017_ENHANCED,Synthetic prototype dataset; added features are simulated and must not be represented as official parcel records.
LA-0474,Bihar,Muzaffarpur,Highway,28.8,13,Mostly Paid,15,0,Mostly Obtained,10.8,35.2,92.9,Complete,Completed,5,Notification,0,0,12,28.387676,76.919897,synthetic_demo_district_center,Non-Green Zone,8.6,18.3,4.6,2.95,No,No,966.0,No,Pending,Yes,Yes,974.2,1.4,2.3,6.83,2.03,12.91,Plain,Agricultural,67.6,10.4,2.4,4.7,Yes,Not Required,12,7,1,45.0,Pending,Medium,Yes,Not Required,Private,Possible,Verified,No,Clear,No,Pending,58.1,No,,6,1,Completed,Partially Approved,Issued,87.2,1143.32,1548.03,41.3,No,3.1,No,Yes,Yes,Yes,Pending,1.32,3.99,2.55,Low,Low,High,II,Alluvial,Moderate,50.3,Medium,SYNTHETIC_SIH26017_ENHANCED,Synthetic prototype dataset; added features are simulated and must not be represented as official parcel records.
LA-0475,Rajasthan,Ajmer,Industrial,35.9,11,Fully Paid,48,1,Partial,31.5,48.0,49.5,Partially Complete,Completed,3,Rehabilitation,0,1,160,13.050325,80.521435,synthetic_demo_district_center,Non-Green Zone,9.2,5.0,25.0,19.69,Yes,Yes,202.0,Yes,Not Required,No,No,1104.1,2.8,2.83,2.1,4.17,40.55,Plain,Agricultural,80.6,30.0,5.2,3.3,No,Approved,10,5,3,78.3,Obtained,Low,Yes,In Progress,Government,,Verified,No,Reported,No,Updated,57.3,No,Pending,6,0,Completed,Approved,Pending,53.1,604.74,643.89,11.7,No,10.1,No,No,Yes,Yes,Not Required,0.68,3.8,5.13,Medium,Medium,Low,V,Laterite,Good,45.8,Medium,SYNTHETIC_SIH26017_ENHANCED,Synthetic prototype dataset; added features are simulated and must not be represented as official parcel records.
LA-0476,Odisha,Ganjam,Highway,466.2,235,Partially Paid,22,2,Partial,83.0,66.4,75.2,Complete,Completed,5,Compensation,0,0,5,25.697053,85.159491,synthetic_demo_district_center,Non-Green Zone,16.0,5.5,27.7,12.85,No,No,367.0,No,Pending,Yes,Yes,1265.8,7.2,2.96,9.73,3.64,10.75,Plain,Government,49.4,8.2,4.1,1.8,No,Approved,3,2,1,35.5,Pending,Low,Yes,In Progress,Private,,Verified,No,Clear,No,Updated,86.4,No,,6,5,Completed,Approved,Issued,71.7,261.19,359.74,48.8,No,1.5,Yes,Yes,No,Yes,Not Required,3.21,2.27,3.2,Low,Low,Low,III,Alluvial,Poor,40.5,Medium,SYNTHETIC_SIH26017_ENHANCED,Synthetic prototype dataset; added features are simulated and must not be represented as official parcel records.
LA-0477,Maharashtra,Nashik,Highway,5.1,3,Mostly Paid,65,0,Partial,38.6,74.3,42.2,Partially Complete,Completed,6,Compensation,1,0,24,9.839361,76.273214,synthetic_demo_district_center,Green Zone,45.3,4.4,19.1,2.02,No,No,685.0,Yes,Pending,No,No,501.9,0.3,5.14,1.46,7.59,6.1,Coastal,Residential,75.5,14.0,2.7,4.7,No,Not Required,7,3,1,55.8,Partial,Medium,Yes,Planned,Joint,,Verified,No,Clear,No,Pending,66.6,No,,3,3,Not Required,Partially Approved,Issued,76.1,1852.93,3993.98,28.9,No,28.4,No,Yes,No,No,Not Required,3.84,3.8,1.19,Low,Low,Medium,III,Alluvial,Poor,39.4,Low,SYNTHETIC_SIH26017_ENHANCED,Synthetic prototype dataset; added features are simulated and must not be represented as official parcel records.
LA-0478,West Bengal,Howrah,Railway,89.4,52,Mostly Paid,15,0,Not Started,66.5,42.9,79.0,Complete,Pending,3,Notification,0,0,7,12.847766,77.578593,synthetic_demo_district_center,Non-Green Zone,27.1,8.6,21.7,3.68,No,No,48.0,No,Approved,No,No,607.8,1.4,3.79,9.61,8.41,3.09,Plain,Residential,51.3,6.3,2.0,2.7,Yes,Not Required,1,1,0,27.2,Obtained,Low,Yes,Planned,Private,,Verified,No,Clear,No,Updated,55.8,No,,1,1,Completed,Pending,Issued,55.4,270.66,277.01,23.8,No,12.5,No,Yes,Yes,No,Completed,1.15,5.79,3.61,Medium,Medium,Low,IV,Sandy,Moderate,41.9,Medium,SYNTHETIC_SIH26017_ENHANCED,Synthetic prototype dataset; added features are simulated and must not be represented as official parcel records.
LA-0479,Bihar,Muzaffarpur,Railway,19.8,8,Partially Paid,58,1,Full,57.7,66.0,79.5,Partially Complete,Pending,1,Compensation,1,1,84,26.089032,91.810636,synthetic_demo_district_center,Green Zone,25.1,8.0,14.7,2.77,No,No,217.0,Yes,Not Required,Yes,Yes,976.4,3.1,0.76,5.43,3.13,2.52,Plain,Agricultural,78.4,21.5,2.5,5.1,No,Not Required,1,0,0,52.6,Partial,Medium,No,Not Required,Private,,Verified,No,Clear,No,Not Available,72.0,No,,6,2,Completed,Partially Approved,Issued,90.7,585.34,758.71,86.2,No,4.5,No,Yes,No,No,Not Required,0.57,2.92,1.45,Low,Low,Low,II,Alluvial,Good,42.0,Medium,SYNTHETIC_SIH26017_ENHANCED,Synthetic prototype dataset; added features are simulated and must not be represented as official parcel records.
LA-0480,West Bengal,Kolkata,Metro,30.4,16,Partially Paid,9,2,Mostly Obtained,64.3,45.1,59.6,Partially Complete,Pending,1,Notification,1,0,11,25.632551,85.026761,synthetic_demo_district_center,Green Zone,23.2,0.8,11.6,6.52,No,No,152.0,Yes,Approved,No,No,1141.5,2.6,3.41,5.52,8.11,22.69,Plateau,Agricultural,86.0,16.4,3.1,4.7,No,Not Required,19,7,3,62.4,Obtained,High,Yes,Not Required,Private,,Verified,No,Clear,Yes,Updated,82.0,Yes,Pending,1,1,Pending,Pending,Issued,66.4,3046.87,5801.57,87.2,No,-0.5,No,No,No,Yes,Not Required,0.66,2.19,5.52,Low,Low,Low,IV,Black,Moderate,31.5,Low,SYNTHETIC_SIH26017_ENHANCED,Synthetic prototype dataset; added features are simulated and must not be represented as official parcel records.
LA-0481,Maharashtra,Aurangabad,Industrial,23.7,17,Mostly Paid,35,1,Full,40.9,96.6,73.9,Partially Complete,Pending,4,Possession,0,0,26,25.845991,91.509554,synthetic_demo_district_center,Non-Green Zone,18.4,2.1,26.5,3.75,Yes,No,454.0,Yes,Pending,Yes,Yes,194.0,0.9,8.71,5.9,11.03,3.99,Coastal,Residential,46.4,6.0,2.7,5.6,No,Pending,2,1,0,43.2,Obtained,High,Yes,Not Required,Private,Possible,Under Review,No,Under Verification,No,Updated,74.0,No,,2,0,Not Required,Pending,Issued,69.4,95.06,202.97,4.0,No,-9.5,Yes,Yes,Yes,No,Completed,1.86,1.61,1.29,Low,Low,High,II,Alluvial,Moderate,45.5,Medium,SYNTHETIC_SIH26017_ENHANCED,Synthetic prototype dataset; added features are simulated and must not be represented as official parcel records.
LA-0482,Tamil Nadu,Coimbatore,Highway,17.8,7,Partially Paid,48,1,Partial,77.8,58.5,63.0,Partially Complete,Pending,5,Compensation,1,0,23,19.265095,72.750097,synthetic_demo_district_center,Non-Green Zone,44.3,9.3,10.9,3.27,No,No,570.0,No,Approved,No,No,1670.5,2.8,4.8,7.74,24.84,14.53,Hilly,Agricultural,40.6,10.1,3.0,4.0,No,Not Required,10,1,0,67.6,Obtained,Medium,Yes,Not Required,Private,,Under Review,No,Clear,No,Updated,76.5,No,,1,1,Pending,Pending,Issued,87.9,2512.39,3294.86,2.2,No,8.3,Yes,Yes,Yes,Yes,Not Required,1.7,5.97,0.96,Medium,Low,Medium,III,Red,Good,56.1,Medium,SYNTHETIC_SIH26017_ENHANCED,Synthetic prototype dataset; added features are simulated and must not be represented as official parcel records.
LA-0483,Bihar,Muzaffarpur,Highway,16.0,9,Mostly Paid,16,1,Full,61.2,27.3,80.5,Incomplete,Completed,3,Rehabilitation,0,0,8,16.449825,80.652495,synthetic_demo_district_center,Non-Green Zone,37.4,11.0,3.3,1.91,No,No,665.0,No,Pending,No,No,401.2,4.6,0.29,7.2,11.6,8.73,Plateau,Industrial,51.3,14.3,8.6,1.0,No,Not Required,13,2,3,51.7,Partial,Low,Yes,In Progress,Private,Confirmed,Verified,No,Clear,No,Updated,92.9,No,,3,2,Completed,Approved,Issued,91.1,961.45,1625.73,22.4,No,31.4,No,Yes,Yes,Yes,Pending,1.37,2.96,0.57,Medium,Low,Low,III,Red,Moderate,48.3,Medium,SYNTHETIC_SIH26017_ENHANCED,Synthetic prototype dataset; added features are simulated and must not be represented as official parcel records.
LA-0484,West Bengal,Howrah,Industrial,31.4,11,Fully Paid,21,1,Partial,76.6,95.0,84.5,Incomplete,Completed,3,Compensation,1,0,24,13.18914,77.443821,synthetic_demo_district_center,Non-Green Zone,27.0,19.7,11.8,8.97,No,No,465.0,No,Not Required,No,No,536.0,8.4,2.47,0.94,7.83,10.28,Hilly,Wasteland,50.1,9.4,0.6,1.3,No,Not Required,5,1,0,77.1,Obtained,Low,Yes,Completed,Private,,Under Review,No,Clear,No,Updated,79.5,No,,2,2,Pending,Approved,Pending,77.1,2155.85,3433.65,82.9,No,17.7,No,Yes,Yes,Yes,Not Required,0.82,3.14,0.82,Medium,Low,Low,III,Black,Poor,34.7,Low,SYNTHETIC_SIH26017_ENHANCED,Synthetic prototype dataset; added features are simulated and must not be represented as official parcel records.
LA-0485,Odisha,Ganjam,Railway,7.9,5,Mostly Paid,31,2,Mostly Obtained,55.8,52.1,79.3,Complete,,5,Possession,1,0,13,22.631503,88.629087,synthetic_demo_district_center,Non-Green Zone,6.6,5.0,5.1,2.88,No,No,648.0,No,Approved,No,No,429.1,4.0,2.95,3.18,9.02,14.98,Plain,Residential,66.1,9.1,4.7,6.5,Yes,Approved,7,1,1,47.5,Obtained,Low,Yes,Not Required,Private,Possible,Verified,No,Clear,No,Not Available,96.7,No,Disposed,0,0,Completed,Approved,Issued,57.3,1418.44,2072.15,80.5,No,-5.8,No,Yes,No,Yes,In Progress,0.17,5.78,5.07,Low,Low,Low,III,Alluvial,Good,34.3,Low,SYNTHETIC_SIH26017_ENHANCED,Synthetic prototype dataset; added features are simulated and must not be represented as official parcel records.
LA-0486,Madhya Pradesh,Jabalpur,Power,43.1,20,Mostly Paid,24,1,Partial,52.0,74.3,92.1,Complete,Completed,6,Notification,1,0,4,9.891751,76.314042,synthetic_demo_district_center,Non-Green Zone,2.5,4.7,26.3,18.89,No,Yes,168.0,No,Not Required,Yes,Yes,300.4,2.9,2.29,4.47,16.45,3.0,Hilly,Commercial,57.6,12.3,4.3,1.2,No,Not Required,3,0,1,47.9,Obtained,Low,No,In Progress,Joint,,Under Review,No,Clear,Yes,Updated,65.4,No,,4,4,Pending,Approved,Pending,67.6,161.66,336.97,88.3,No,7.6,No,Yes,Yes,No,Completed,1.23,3.54,8.61,Low,Low,Low,II,Alluvial,Good,33.5,Low,SYNTHETIC_SIH26017_ENHANCED,Synthetic prototype dataset; added features are simulated and must not be represented as official parcel records.
LA-0487,Uttar Pradesh,Meerut,Power,18.0,12,Not Started,19,0,Mostly Obtained,59.1,23.3,34.6,Partially Complete,Completed,1,Closure,2,1,113,26.990035,75.765316,synthetic_demo_district_center,Green Zone,23.8,17.6,21.8,5.04,No,Yes,186.0,Yes,Pending,Yes,Yes,1677.3,1.4,7.52,1.32,2.13,21.4,Plain,Residential,19.3,4.3,2.6,0.5,No,Not Required,7,7,3,56.3,Pending,Medium,Yes,Planned,Joint,,Under Review,No,Clear,No,Updated,96.7,No,,3,0,Not Required,Pending,Issued,74.1,2197.71,3881.87,39.0,No,-4.6,No,Yes,Yes,No,Not Required,0.18,1.93,1.59,Low,Medium,Low,III,Loamy,Good,48.5,Medium,SYNTHETIC_SIH26017_ENHANCED,Synthetic prototype dataset; added features are simulated and must not be represented as official parcel records.
LA-0488,Madhya Pradesh,Bhopal,Irrigation,10.5,1,Fully Paid,56,0,Mostly Obtained,82.5,87.8,76.3,Incomplete,Completed,6,Possession,3,0,26,20.101041,85.864353,synthetic_demo_district_center,Non-Green Zone,30.0,0.8,11.8,7.89,No,No,797.0,No,Not Required,No,No,361.8,5.6,2.27,10.14,7.09,17.9,Plain,Agricultural,72.7,16.3,3.1,2.0,No,Not Required,6,2,1,99.8,Pending,Low,Yes,Not Required,Private,,Verified,No,Clear,No,Updated,70.9,No,,2,1,Pending,Approved,Issued,65.1,1155.29,2239.91,2.0,No,-8.1,No,Yes,No,Yes,Completed,2.15,1.89,2.85,Low,Low,Low,II,Sandy,Good,55.9,Medium,SYNTHETIC_SIH26017_ENHANCED,Synthetic prototype dataset; added features are simulated and must not be represented as official parcel records.
LA-0489,Maharashtra,Thane,Power,17.5,5,Partially Paid,69,1,Partial,67.9,53.8,42.8,Complete,Completed,1,Notification,1,0,33,23.076279,77.297481,synthetic_demo_district_center,Non-Green Zone,22.6,2.0,15.2,8.57,No,No,902.0,No,Not Required,Yes,Yes,248.6,2.4,8.2,9.25,25.93,15.96,Plain,Agricultural,81.2,5.8,4.3,6.3,No,Approved,3,3,0,42.0,Obtained,High,Yes,Not Required,Private,,Under Review,No,Clear,No,Updated,77.7,No,,0,0,Pending,Approved,Issued,50.8,269.63,361.77,23.0,No,32.9,No,No,Yes,No,In Progress,5.69,5.78,10.8,Medium,Medium,Low,V,Red,Good,34.7,Low,SYNTHETIC_SIH26017_ENHANCED,Synthetic prototype dataset; added features are simulated and must not be represented as official parcel records.
LA-0490,Rajasthan,Kota,Railway,63.0,32,Mostly Paid,66,1,Not Started,70.3,55.0,29.6,Partially Complete,Completed,3,Notification,2,0,15,23.052178,77.403378,synthetic_demo_district_center,Green Zone,28.1,19.9,14.3,4.23,No,No,239.0,Yes,Pending,No,No,53.9,3.3,9.15,11.28,9.17,2.36,Plateau,Agricultural,52.4,11.8,7.0,2.9,No,Not Required,5,1,1,20.3,Obtained,Low,Yes,Not Required,Government,,Under Review,No,Clear,No,Pending,99.1,No,,2,2,Not Required,Approved,Issued,69.2,1521.54,1977.74,52.1,No,34.4,Yes,Yes,Yes,Yes,Not Required,2.39,0.62,2.73,High,Low,Low,III,Sandy,Good,46.7,Medium,SYNTHETIC_SIH26017_ENHANCED,Synthetic prototype dataset; added features are simulated and must not be represented as official parcel records.
LA-0491,Uttar Pradesh,Agra,Power,16.4,8,Fully Paid,43,0,Mostly Obtained,39.1,68.1,77.8,Complete,Pending,4,Planning,2,0,6,22.561778,88.391119,synthetic_demo_district_center,Green Zone,20.3,2.2,12.5,6.67,Yes,Yes,270.0,Yes,Not Required,No,No,1673.3,7.7,3.39,5.43,3.1,9.22,Plain,Agricultural,62.1,14.6,1.1,3.6,No,Approved,9,5,2,91.4,Obtained,Low,Yes,Not Required,Private,,Verified,No,Clear,No,Updated,71.7,No,,0,0,Completed,Approved,Issued,74.5,2928.56,4854.13,52.7,No,19.7,No,No,Yes,No,Not Required,0.76,2.61,2.0,Low,Low,Low,II,Sandy,Good,28.3,Low,SYNTHETIC_SIH26017_ENHANCED,Synthetic prototype dataset; added features are simulated and must not be represented as official parcel records.
LA-0492,Karnataka,Belagavi,Railway,32.1,12,Mostly Paid,47,0,Partial,83.0,79.7,43.6,Complete,Completed,1,Planning,3,0,11,26.856373,75.582407,synthetic_demo_district_center,Non-Green Zone,6.1,8.9,14.8,14.31,No,No,310.0,No,Pending,No,No,548.6,5.8,3.15,1.64,2.69,8.49,Coastal,Residential,80.1,17.7,4.0,4.9,No,Pending,11,2,3,28.3,Partial,Medium,Yes,Completed,Private,,Verified,No,Clear,No,Updated,99.6,No,,5,4,Completed,Pending,Pending,61.6,814.96,1141.99,89.6,No,-3.0,No,Yes,No,Yes,Not Required,2.04,4.51,4.83,Low,Medium,Low,II,Alluvial,Good,46.0,Medium,SYNTHETIC_SIH26017_ENHANCED,Synthetic prototype dataset; added features are simulated and must not be represented as official parcel records.
LA-0493,Odisha,Ganjam,Railway,14.2,7,Fully Paid,14,0,Not Started,78.1,74.0,89.4,Partially Complete,Partially Completed,2,Possession,0,0,4,22.803126,72.60525,synthetic_demo_district_center,Non-Green Zone,22.0,12.7,7.3,1.2,No,No,448.0,No,Not Required,Yes,Yes,1565.6,3.1,2.21,9.14,13.64,13.36,Plain,Residential,50.7,21.1,0.2,8.1,Yes,Not Required,12,4,4,33.8,Pending,Medium,Yes,Not Required,Private,Possible,Under Review,No,Clear,No,Updated,95.9,No,,4,2,Completed,Pending,Issued,56.4,3843.95,5071.99,76.9,No,23.3,No,No,Yes,No,Not Required,3.44,7.25,1.75,Medium,Medium,Low,II,Loamy,Good,42.0,Medium,SYNTHETIC_SIH26017_ENHANCED,Synthetic prototype dataset; added features are simulated and must not be represented as official parcel records.
LA-0494,Karnataka,Mangaluru,Irrigation,43.3,16,Mostly Paid,29,1,Partial,14.2,47.1,94.4,Partially Complete,Completed,3,Compensation,0,0,6,21.356066,81.637236,synthetic_demo_district_center,Non-Green Zone,28.9,13.4,20.1,1.11,No,No,661.0,No,Not Required,No,No,1206.4,5.1,7.64,7.18,4.07,1.05,Plateau,Industrial,80.5,8.3,1.1,6.0,No,Pending,2,0,1,62.6,Obtained,Low,No,Not Required,Institutional,Possible,Verified,No,Clear,No,Updated,70.1,No,Disposed,6,3,Completed,Partially Approved,Issued,70.7,959.58,1562.7,36.8,No,20.2,No,Yes,No,Yes,Pending,0.74,2.93,2.78,Low,Low,Medium,II,Laterite,Good,42.3,Medium,SYNTHETIC_SIH26017_ENHANCED,Synthetic prototype dataset; added features are simulated and must not be represented as official parcel records.
LA-0495,Bihar,Nalanda,Metro,41.0,21,Not Started,33,1,Partial,47.0,38.9,85.1,Partially Complete,Completed,5,Closure,0,1,106,30.330875,77.984433,synthetic_demo_district_center,Non-Green Zone,8.4,5.8,18.3,3.97,Yes,Yes,588.0,Yes,Not Required,No,No,1652.1,10.2,1.93,4.31,9.67,0.44,Plain,Industrial,61.7,3.4,4.9,4.4,No,Not Required,5,1,1,80.6,Obtained,Low,Yes,Not Required,Private,,Under Review,No,Clear,No,Pending,60.5,No,,1,1,Completed,Approved,Issued,84.3,348.86,641.3,82.5,No,18.7,No,Yes,Yes,No,Not Required,1.7,2.29,3.77,Low,Low,Low,II,Loamy,Moderate,35.1,Low,SYNTHETIC_SIH26017_ENHANCED,Synthetic prototype dataset; added features are simulated and must not be represented as official parcel records.
LA-0496,Uttar Pradesh,Meerut,Irrigation,98.1,43,Fully Paid,38,1,Full,13.4,82.4,34.6,Incomplete,Completed,5,Notification,2,1,127,22.508349,88.430691,synthetic_demo_district_center,Non-Green Zone,12.0,4.9,20.0,5.82,No,No,658.0,No,Pending,Yes,Yes,1318.9,3.6,6.1,2.53,11.89,5.9,Plain,Residential,45.5,3.2,1.6,2.2,No,Not Required,7,5,2,97.7,Partial,Medium,Yes,In Progress,Government,,Verified,No,Clear,No,Pending,78.2,No,Pending,6,4,Completed,Partially Approved,Pending,98.5,1014.18,1889.52,19.7,No,21.8,No,Yes,Yes,No,Pending,5.16,3.44,8.33,Low,Medium,Low,IV,Sandy,Good,41.2,Medium,SYNTHETIC_SIH26017_ENHANCED,Synthetic prototype dataset; added features are simulated and must not be represented as official parcel records.
LA-0497,Karnataka,Belagavi,Irrigation,21.5,11,Not Started,37,0,Not Started,4.6,80.1,84.1,Complete,Completed,6,Rehabilitation,0,0,13,30.251451,78.215951,synthetic_demo_district_center,Non-Green Zone,34.1,14.6,7.2,3.86,No,No,593.0,No,Pending,Yes,Yes,61.3,0.9,5.26,9.7,18.7,2.64,Plain,Government,73.1,2.2,4.1,2.2,No,Not Required,10,4,0,99.2,Partial,Low,Yes,Planned,Private,,Verified,No,Clear,No,Updated,56.2,No,,4,2,Completed,Partially Approved,Issued,88.5,2385.87,4704.7,43.7,Yes,24.9,No,Yes,Yes,No,Completed,1.12,6.13,2.76,Low,Medium,Low,V,Laterite,Moderate,50.9,Medium,SYNTHETIC_SIH26017_ENHANCED,Synthetic prototype dataset; added features are simulated and must not be represented as official parcel records.
LA-0498,Karnataka,Hubballi,Irrigation,40.5,17,Mostly Paid,31,0,Partial,69.6,72.2,64.2,Complete,Partially Completed,6,Compensation,0,0,11,10.034579,76.377054,synthetic_demo_district_center,Non-Green Zone,40.4,6.6,5.2,12.99,Yes,No,743.0,Yes,Not Required,Yes,Yes,674.5,1.3,1.32,8.53,5.75,15.11,Plain,Commercial,47.2,5.7,3.3,3.8,No,Pending,8,2,1,89.8,Obtained,High,Yes,Planned,Private,Possible,Under Review,No,Clear,No,Pending,80.6,Yes,,2,2,Pending,Pending,Pending,74.1,2056.64,3936.14,34.2,No,-7.6,No,No,Yes,No,Not Required,2.43,3.24,6.73,Medium,Medium,Medium,V,Loamy,Good,54.0,Medium,SYNTHETIC_SIH26017_ENHANCED,Synthetic prototype dataset; added features are simulated and must not be represented as official parcel records.
LA-0499,West Bengal,Howrah,Airport,26.4,17,Not Started,42,2,Full,37.6,87.2,64.2,Incomplete,Completed,3,Notification,1,1,161,9.892762,76.305114,synthetic_demo_district_center,Non-Green Zone,18.6,5.5,11.9,7.94,No,No,107.0,No,Not Required,No,No,970.5,1.0,4.53,15.97,11.48,16.26,Plain,Government,60.1,9.0,2.7,4.7,Yes,Approved,4,3,2,91.8,Pending,Low,Yes,Planned,Private,,Verified,No,Clear,No,Updated,65.9,No,,2,2,Completed,Pending,Pending,74.8,956.08,1957.38,9.5,No,-11.4,No,No,No,No,Not Required,1.2,6.42,2.56,High,Low,Low,II,Laterite,Poor,54.3,Medium,SYNTHETIC_SIH26017_ENHANCED,Synthetic prototype dataset; added features are simulated and must not be represented as official parcel records.
LA-0500,Madhya Pradesh,Indore,Metro,64.8,18,Fully Paid,36,0,Mostly Obtained,38.3,84.5,45.3,Complete,Completed,6,Closure,3,0,20,31.406781,77.227718,synthetic_demo_district_center,Non-Green Zone,28.9,19.9,17.7,0.74,No,No,234.0,No,Not Required,Yes,Yes,697.6,0.3,1.45,8.48,3.2,0.73,Plain,Agricultural,53.5,6.7,6.0,1.9,No,Not Required,15,7,2,29.7,Partial,Low,Yes,Completed,Private,Possible,Verified,No,Under Verification,No,Updated,70.5,No,Pending,0,0,Not Required,Approved,Issued,93.0,4965.6,10508.38,30.2,No,-2.4,No,No,No,No,Pending,1.3,9.92,4.15,Low,Medium,Medium,III,Laterite,Poor,35.6,Low,SYNTHETIC_SIH26017_ENHANCED,Synthetic prototype dataset; added features are simulated and must not be represented as official parcel records.
LA-0501,West Bengal,Nadia,Railway,14.3,5,Partially Paid,36,0,Partial,80.6,93.5,73.5,Complete,Completed,6,Rehabilitation,1,0,10,30.718182,75.89782,synthetic_demo_district_center,Non-Green Zone,13.2,18.8,6.8,8.33,No,No,295.0,No,Not Required,No,No,405.7,1.6,1.25,2.94,5.62,19.54,Plain,Agricultural,48.0,4.4,2.0,3.0,Yes,Not Required,6,5,0,64.7,Obtained,Medium,Yes,Completed,Government,,Verified,No,Clear,No,Pending,77.2,No,,4,4,Completed,Partially Approved,Issued,67.5,1070.74,1302.48,46.9,No,-11.5,No,No,Yes,No,Pending,1.39,10.42,0.85,Low,Low,Low,IV,Red,Good,41.6,Medium,SYNTHETIC_SIH26017_ENHANCED,Synthetic prototype dataset; added features are simulated and must not be represented as official parcel records.
LA-0502,Uttar Pradesh,Meerut,Industrial,42.9,24,Mostly Paid,17,0,Full,18.4,69.8,33.3,Partially Complete,Completed,3,Possession,1,0,10,21.329658,81.51206,synthetic_demo_district_center,Non-Green Zone,34.5,7.6,16.3,5.26,No,No,360.0,No,Not Required,No,No,631.4,2.4,2.33,4.96,17.23,26.9,Plateau,Agricultural,29.8,6.1,2.2,1.3,No,Pending,4,1,2,51.7,Disputed,Low,Yes,Completed,Government,,Verified,No,Clear,No,Updated,60.2,No,,3,3,Not Required,Pending,Issued,64.2,468.62,469.14,53.2,No,10.5,No,Yes,Yes,No,Completed,0.85,4.37,3.39,High,Low,Low,III,Loamy,Good,44.3,Medium,SYNTHETIC_SIH26017_ENHANCED,Synthetic prototype dataset; added features are simulated and must not be represented as official parcel records.
LA-0503,Uttar Pradesh,Mathura,Railway,21.2,10,Mostly Paid,11,2,Partial,61.2,20.0,80.2,Incomplete,Completed,1,Possession,1,0,10,13.126951,77.638154,synthetic_demo_district_center,Green Zone,13.1,5.8,11.7,3.11,Yes,No,308.0,Yes,Not Required,Yes,Yes,554.7,3.4,1.69,6.52,14.8,14.17,Plain,Agricultural,78.2,7.6,1.3,2.3,No,Not Required,7,4,3,65.7,Obtained,Medium,Yes,Not Required,Private,,Verified,No,Clear,No,Updated,81.6,No,,0,0,Completed,Approved,Issued,52.8,2617.22,4894.45,89.0,No,33.4,No,Yes,No,No,Not Required,2.56,3.67,2.3,High,Low,Low,III,Alluvial,Good,54.6,Medium,SYNTHETIC_SIH26017_ENHANCED,Synthetic prototype dataset; added features are simulated and must not be represented as official parcel records.
LA-0504,Maharashtra,Nagpur,Industrial,23.4,19,Mostly Paid,38,1,Partial,93.4,50.6,70.7,Partially Complete,Completed,3,Closure,1,0,27,19.048507,72.752935,synthetic_demo_district_center,Non-Green Zone,12.7,13.0,21.9,6.08,Yes,No,1044.0,Yes,Approved,Yes,Yes,747.2,3.7,1.56,3.1,9.45,6.78,Plateau,Agricultural,43.2,8.4,4.6,5.5,Yes,Approved,6,4,1,88.7,Pending,High,Yes,In Progress,Private,,Verified,No,Under Verification,No,Updated,63.0,No,,3,3,Not Required,Pending,Issued,57.6,1712.8,2584.69,57.7,Yes,5.5,No,Yes,No,Yes,Not Required,1.07,7.07,1.38,Low,Low,Medium,III,Alluvial,Moderate,43.0,Medium,SYNTHETIC_SIH26017_ENHANCED,Synthetic prototype dataset; added features are simulated and must not be represented as official parcel records.
LA-0505,West Bengal,Nadia,Power,26.3,11,Partially Paid,21,0,Full,53.0,32.4,81.3,Partially Complete,Completed,3,Possession,0,1,64,17.355675,78.767043,synthetic_demo_district_center,Green Zone,7.3,6.4,4.9,7.05,Yes,No,861.0,Yes,Approved,No,No,29.8,1.6,2.19,4.32,7.48,6.19,Hilly,Government,58.4,6.9,0.7,1.3,Yes,Not Required,4,0,1,56.9,Partial,Low,No,In Progress,Private,,Verified,No,Reported,Yes,Updated,70.6,No,,5,2,Not Required,Pending,Pending,82.1,2162.66,3392.76,98.6,No,25.2,No,Yes,No,No,In Progress,0.48,6.16,4.87,Medium,High,Low,III,Alluvial,Good,39.3,Low,SYNTHETIC_SIH26017_ENHANCED,Synthetic prototype dataset; added features are simulated and must not be represented as official parcel records.
LA-0506,Gujarat,Rajkot,Power,29.6,19,Mostly Paid,18,3,Full,50.8,56.5,72.5,Complete,Pending,6,Planning,3,0,18,12.927008,77.704981,synthetic_demo_district_center,Buffer Zone,39.7,7.9,9.2,5.01,No,No,408.0,No,Approved,Yes,Yes,1146.3,3.2,0.86,10.02,13.75,14.49,Coastal,Wasteland,73.8,15.9,10.4,3.5,No,Not Required,1,1,0,21.0,Partial,High,Yes,Not Required,Private,,Verified,No,Under Verification,No,Updated,84.8,Yes,,6,6,Pending,Partially Approved,Pending,60.1,345.23,631.16,88.2,No,-8.1,No,Yes,No,Yes,Completed,1.46,4.7,2.53,Medium,Low,Medium,II,Loamy,Moderate,40.9,Medium,SYNTHETIC_SIH26017_ENHANCED,Synthetic prototype dataset; added features are simulated and must not be represented as official parcel records.
LA-0507,Madhya Pradesh,Indore,Railway,22.5,13,Partially Paid,49,1,Partial,84.9,56.0,68.5,Complete,Pending,2,Planning,0,0,5,31.291509,77.035054,synthetic_demo_district_center,Non-Green Zone,23.3,15.1,11.8,14.49,Yes,No,230.0,Yes,Not Required,Yes,Yes,1318.0,2.0,3.34,6.13,8.64,5.48,Hilly,Agricultural,79.1,1.4,4.0,0.5,Yes,Not Required,7,3,2,81.1,Obtained,Medium,Yes,In Progress,Government,Confirmed,Verified,No,Clear,No,Updated,94.6,No,,2,2,Completed,Approved,Issued,73.6,386.64,527.99,75.5,Yes,10.2,No,Yes,Yes,No,Not Required,0.38,1.36,0.56,Medium,Low,Low,II,Sandy,Poor,56.9,Medium,SYNTHETIC_SIH26017_ENHANCED,Synthetic prototype dataset; added features are simulated and must not be represented as official parcel records.
LA-0508,Uttar Pradesh,Lucknow,Highway,28.8,10,Mostly Paid,29,2,Not Started,87.7,80.0,72.5,Incomplete,Completed,5,Possession,0,1,100,23.01765,72.509081,synthetic_demo_district_center,Non-Green Zone,18.3,8.5,21.9,2.68,No,No,157.0,No,Pending,No,No,1381.7,4.9,3.67,4.98,2.84,15.33,Plain,Government,81.7,4.1,6.5,3.6,Yes,Not Required,20,10,3,99.1,Partial,Low,Yes,In Progress,Private,,Under Review,No,Under Verification,No,Updated,73.1,No,,3,1,Completed,Approved,Issued,95.8,5238.21,7171.33,41.3,No,14.6,No,Yes,Yes,Yes,Completed,1.17,2.08,3.11,Medium,Medium,Medium,II,Loamy,Good,52.4,Medium,SYNTHETIC_SIH26017_ENHANCED,Synthetic prototype dataset; added features are simulated and must not be represented as official parcel records.
LA-0509,Maharashtra,Nagpur,Metro,80.1,25,Partially Paid,76,1,Partial,68.6,74.2,92.9,Partially Complete,Completed,6,Possession,0,1,122,30.25652,78.037863,synthetic_demo_district_center,Buffer Zone,8.2,18.0,8.8,1.26,No,No,1003.0,No,Pending,No,No,1467.1,4.7,0.64,9.87,8.31,26.53,Plain,Agricultural,76.7,7.0,1.1,3.7,No,Not Required,5,4,1,72.8,Partial,Low,Yes,Not Required,Private,,Verified,No,Clear,No,Updated,67.3,No,,1,1,Completed,Approved,Issued,80.7,1925.94,4221.05,32.7,No,-8.1,No,Yes,Yes,No,Not Required,0.85,3.2,1.61,Low,Low,Low,III,Alluvial,Good,49.7,Medium,SYNTHETIC_SIH26017_ENHANCED,Synthetic prototype dataset; added features are simulated and must not be represented as official parcel records.
LA-0510,West Bengal,Darjeeling,Highway,51.4,25,Mostly Paid,45,0,Not Started,26.0,42.4,45.4,Complete,Pending,1,Rehabilitation,3,0,23,22.516481,88.14393,synthetic_demo_district_center,Non-Green Zone,32.8,4.9,9.9,7.58,Yes,No,1184.0,Yes,Approved,No,No,1418.2,0.5,4.48,3.14,4.56,4.54,Plain,Agricultural,54.7,8.9,1.0,3.3,No,Pending,5,0,4,64.0,Partial,Low,No,In Progress,Private,Possible,Under Review,No,Clear,No,Pending,78.6,No,Pending,1,1,Completed,Approved,Issued,93.2,475.74,1034.04,31.4,No,0.2,Yes,Yes,No,Yes,In Progress,0.91,8.71,6.25,Medium,High,Low,IV,Black,Good,50.8,Medium,SYNTHETIC_SIH26017_ENHANCED,Synthetic prototype dataset; added features are simulated and must not be represented as official parcel records.
LA-0511,Madhya Pradesh,Ujjain,Irrigation,47.1,26,Partially Paid,16,1,Not Started,64.4,54.7,85.0,Partially Complete,Pending,4,Planning,2,0,8,16.44701,80.872223,synthetic_demo_district_center,Non-Green Zone,5.9,12.1,18.9,0.63,No,No,419.0,No,Not Required,Yes,Yes,483.8,3.6,0.89,6.1,17.81,8.81,Plain,Agricultural,77.1,4.4,4.4,3.5,Yes,Approved,3,3,2,99.4,Pending,Medium,Yes,Not Required,Private,,Under Review,No,Under Verification,No,Updated,92.3,No,,5,0,Not Required,Approved,Issued,96.0,390.62,536.3,1.0,No,15.2,No,Yes,No,No,Pending,1.16,4.19,0.27,Low,Low,Low,III,Laterite,Moderate,31.9,Low,SYNTHETIC_SIH26017_ENHANCED,Synthetic prototype dataset; added features are simulated and must not be represented as official parcel records.
LA-0512,West Bengal,Kolkata,Railway,17.4,10,Fully Paid,50,1,Partial,95.0,32.7,50.4,Partially Complete,Completed,1,Closure,2,0,1,26.88432,81.124654,synthetic_demo_district_center,Non-Green Zone,26.1,8.0,8.3,3.84,No,No,442.0,No,Not Required,No,No,146.7,3.6,4.13,2.99,13.88,19.48,Plateau,Government,46.9,9.0,4.5,8.2,Yes,Pending,9,2,3,27.1,Pending,High,Yes,Not Required,Private,,Under Review,No,Clear,Yes,Updated,69.5,No,,4,0,Not Required,Partially Approved,Issued,92.7,1895.75,3822.1,58.0,No,18.5,Yes,Yes,No,No,Not Required,1.55,0.2,5.57,Low,Medium,High,II,Red,Poor,69.1,Medium,SYNTHETIC_SIH26017_ENHANCED,Synthetic prototype dataset; added features are simulated and must not be represented as official parcel records.
LA-0513,Karnataka,Hubballi,Highway,12.6,6,Mostly Paid,41,1,Full,86.3,60.0,85.6,Complete,Completed,5,Possession,0,0,4,17.237889,78.336436,synthetic_demo_district_center,Buffer Zone,47.2,6.8,17.1,1.73,No,Yes,801.0,No,Not Required,No,No,862.2,13.4,5.15,2.75,4.98,10.25,Plain,Agricultural,73.1,8.1,0.4,2.8,No,Not Required,10,1,1,43.5,Obtained,Medium,Yes,Not Required,Government,,Verified,No,Reported,No,Updated,90.2,No,Pending,0,0,Completed,Pending,Issued,66.4,2397.09,3518.49,70.9,No,15.3,No,No,Yes,No,In Progress,1.01,4.96,1.28,Medium,Low,Low,V,Alluvial,Poor,41.9,Medium,SYNTHETIC_SIH26017_ENHANCED,Synthetic prototype dataset; added features are simulated and must not be represented as official parcel records.
LA-0514,Maharashtra,Pune,Highway,50.2,21,,15,0,Full,74.0,57.9,26.0,Partially Complete,Completed,4,Possession,0,1,109,20.406987,85.869458,synthetic_demo_district_center,Green Zone,18.5,1.6,19.8,3.89,No,No,107.0,Yes,Pending,Yes,Yes,929.0,8.2,0.76,2.24,20.72,7.58,Plateau,Government,39.8,8.5,1.6,2.2,No,Not Required,9,6,5,71.1,Obtained,Low,Yes,Planned,Joint,,Verified,No,Under Verification,No,Not Available,75.5,No,,5,5,Pending,Pending,Issued,93.7,1575.24,1852.47,72.8,Yes,23.0,No,No,Yes,No,Not Required,2.82,1.01,5.18,Medium,Low,Medium,III,Laterite,Poor,54.7,Medium,SYNTHETIC_SIH26017_ENHANCED,Synthetic prototype dataset; added features are simulated and must not be represented as official parcel records.
LA-0515,Madhya Pradesh,Ujjain,Industrial,47.3,10,Mostly Paid,19,0,Partial,59.3,36.7,71.5,Complete,Completed,3,Planning,1,0,33,18.814878,72.864829,synthetic_demo_district_center,Non-Green Zone,56.9,3.9,11.9,9.72,No,No,913.0,No,Not Required,No,No,1319.7,0.3,3.45,2.25,7.39,1.77,Plain,Agricultural,40.6,0.8,6.1,0.5,No,Not Required,1,0,1,95.0,Obtained,Medium,No,Planned,Government,,Verified,No,Clear,Yes,Updated,93.4,No,,2,2,Not Required,Approved,Issued,63.2,101.35,138.52,16.2,No,32.3,No,Yes,Yes,No,Not Required,1.8,3.05,1.03,Low,Low,Medium,IV,Sandy,Good,39.0,Low,SYNTHETIC_SIH26017_ENHANCED,Synthetic prototype dataset; added features are simulated and must not be represented as official parcel records.
LA-0516,Tamil Nadu,Coimbatore,Industrial,74.0,32,Fully Paid,48,3,Mostly Obtained,61.9,72.9,91.2,Complete,Completed,2,Closure,1,0,20,26.915082,75.92113,synthetic_demo_district_center,Non-Green Zone,13.5,3.7,20.8,0.72,No,No,64.0,No,Pending,No,No,1312.0,3.6,5.34,2.89,6.04,10.85,Plain,Agricultural,75.5,0.8,2.5,5.3,No,Pending,7,5,2,37.1,Obtained,Low,Yes,Not Required,Government,,Under Review,No,Under Verification,No,Updated,99.5,No,,3,3,Pending,Pending,Issued,75.5,4570.7,6372.93,10.9,Yes,-4.9,No,Yes,Yes,Yes,Not Required,1.29,4.81,5.09,Low,Low,High,III,Black,Good,52.4,Medium,SYNTHETIC_SIH26017_ENHANCED,Synthetic prototype dataset; added features are simulated and must not be represented as official parcel records.
LA-0517,Bihar,Nalanda,Railway,15.6,2,Not Started,5,1,Not Started,44.4,65.3,73.7,Partially Complete,Completed,2,Possession,2,1,156,10.052069,76.344388,synthetic_demo_district_center,Green Zone,41.8,11.1,15.0,9.73,No,No,692.0,Yes,Pending,Yes,Yes,693.9,2.9,3.38,2.37,1.08,8.96,Plain,Government,60.3,8.1,6.5,3.9,No,Not Required,14,7,4,22.7,Obtained,Low,Yes,Planned,Private,,Verified,No,Clear,No,Updated,57.0,No,,4,2,Not Required,Partially Approved,Issued,61.4,521.86,698.72,29.1,No,5.5,No,Yes,Yes,No,In Progress,2.4,4.03,4.15,Low,Low,Medium,II,Sandy,Good,35.5,Low,SYNTHETIC_SIH26017_ENHANCED,Synthetic prototype dataset; added features are simulated and must not be represented as official parcel records.
LA-0518,Bihar,Bhagalpur,Highway,20.7,9,Mostly Paid,3,1,Partial,97.3,45.3,21.5,Complete,Partially Completed,5,Possession,2,0,20,31.13684,77.106183,synthetic_demo_district_center,Buffer Zone,11.5,5.1,18.4,10.53,Yes,No,625.0,Yes,Not Required,Yes,Yes,1130.1,0.2,0.31,3.43,8.72,3.67,Plain,Agricultural,31.4,2.3,6.0,3.2,No,Not Required,11,4,3,21.3,Pending,Low,Yes,Not Required,Government,Possible,Verified,No,Clear,No,Pending,79.2,No,,0,0,Not Required,Partially Approved,Pending,59.3,394.4,530.58,52.8,No,-1.8,Yes,Yes,No,No,Pending,2.56,0.67,0.56,Low,Low,Low,III,Loamy,Poor,46.4,Medium,SYNTHETIC_SIH26017_ENHANCED,Synthetic prototype dataset; added features are simulated and must not be represented as official parcel records.
LA-0519,Madhya Pradesh,Ujjain,Railway,7.2,2,Mostly Paid,35,2,Not Started,15.7,57.1,81.8,Complete,Completed,6,Closure,1,1,186,26.9505,75.870603,synthetic_demo_district_center,Non-Green Zone,15.5,4.6,6.7,12.16,No,Yes,427.0,No,Not Required,No,No,1689.3,1.1,1.52,2.28,2.48,6.57,Plain,Agricultural,73.9,6.6,0.3,2.8,No,Pending,2,0,1,27.4,Obtained,Low,No,In Progress,Institutional,Possible,Issue Found,Yes,Under Verification,No,Not Available,86.2,No,,1,1,Completed,Approved,Pending,68.7,597.03,635.56,6.8,No,15.2,No,Yes,Yes,Yes,In Progress,1.7,3.13,2.83,Medium,Low,Low,II,Sandy,Good,55.5,Medium,SYNTHETIC_SIH26017_ENHANCED,Synthetic prototype dataset; added features are simulated and must not be represented as official parcel records.
LA-0520,West Bengal,Hooghly,Railway,18.3,11,Partially Paid,33,0,Mostly Obtained,57.7,83.6,83.0,Incomplete,,5,Closure,0,1,79,17.511646,78.595259,synthetic_demo_district_center,Non-Green Zone,7.0,2.3,7.6,1.8,No,Yes,373.0,No,Not Required,Yes,Yes,1019.3,4.3,0.18,3.2,14.46,1.21,Coastal,Agricultural,42.4,0.5,3.0,0.8,Yes,Not Required,4,1,1,41.8,Obtained,Medium,Yes,Not Required,Private,Possible,Verified,No,Clear,No,Updated,91.0,No,,2,0,Completed,Pending,Issued,91.2,958.96,1882.66,4.9,No,6.0,No,Yes,Yes,Yes,Pending,0.91,0.84,2.32,Low,Low,Medium,II,Laterite,Moderate,38.0,Low,SYNTHETIC_SIH26017_ENHANCED,Synthetic prototype dataset; added features are simulated and must not be represented as official parcel records.
LA-0521,Maharashtra,Aurangabad,Power,51.8,27,,37,1,Not Started,57.6,87.5,58.4,Partially Complete,Pending,2,Notification,0,1,117,23.33399,77.248641,synthetic_demo_district_center,Green Zone,23.5,10.2,18.7,5.38,No,No,162.0,Yes,Pending,No,No,328.0,2.1,4.26,3.47,8.36,10.07,Plain,Agricultural,49.9,18.1,1.7,3.0,No,Not Required,4,1,0,65.4,Partial,Medium,Yes,Completed,Private,,Verified,No,Clear,No,Not Available,95.6,No,Disposed,2,2,Not Required,Approved,Issued,82.1,1188.83,1383.6,75.8,No,-4.3,No,No,Yes,No,In Progress,0.91,5.66,3.15,Low,Low,Medium,III,Red,Good,49.4,Medium,SYNTHETIC_SIH26017_ENHANCED,Synthetic prototype dataset; added features are simulated and must not be represented as official parcel records.
LA-0522,Bihar,Bhagalpur,Industrial,17.3,12,Partially Paid,33,0,Full,57.0,,85.0,Complete,Pending,4,Closure,0,1,132,30.844766,75.963488,synthetic_demo_district_center,Non-Green Zone,35.2,9.9,15.7,0.95,No,No,724.0,No,Not Required,No,No,465.0,4.8,3.01,3.31,4.91,11.42,Plain,Agricultural,54.9,8.6,1.2,3.5,No,Pending,1,2,1,76.8,Obtained,Low,Yes,Not Required,Government,,Verified,No,Under Verification,No,Updated,74.2,No,,6,5,Completed,Approved,Issued,60.6,408.44,878.89,95.4,No,6.0,Yes,No,Yes,No,Completed,4.18,1.07,3.98,Low,Medium,Low,III,Sandy,Moderate,36.7,Low,SYNTHETIC_SIH26017_ENHANCED,Synthetic prototype dataset; added features are simulated and must not be represented as official parcel records.
LA-0523,Maharashtra,Aurangabad,Railway,39.7,27,Partially Paid,42,0,Mostly Obtained,56.9,33.7,72.6,Complete,Completed,4,Rehabilitation,2,0,13,20.976372,81.542936,synthetic_demo_district_center,Buffer Zone,17.8,6.8,21.8,2.28,No,No,387.0,No,Not Required,Yes,Yes,1153.1,0.9,6.45,10.22,4.23,22.22,Plain,Residential,86.6,9.9,8.0,5.9,No,Approved,16,9,5,56.5,Obtained,Low,Yes,Planned,Private,Confirmed,Under Review,No,Under Verification,No,Updated,94.4,Yes,Pending,5,2,Completed,Partially Approved,Issued,72.2,6041.13,10730.78,67.9,No,1.0,Yes,No,Yes,No,Completed,0.19,2.73,2.46,High,Low,Low,III,Red,Moderate,40.6,Medium,SYNTHETIC_SIH26017_ENHANCED,Synthetic prototype dataset; added features are simulated and must not be represented as official parcel records.
LA-0524,Bihar,Bhagalpur,Highway,21.3,10,Fully Paid,70,1,Partial,76.0,78.1,39.5,Complete,Completed,6,Planning,0,0,6,9.906551,76.210229,synthetic_demo_district_center,Buffer Zone,27.7,23.0,23.6,4.46,Yes,Yes,279.0,Yes,Pending,No,No,10.6,8.2,2.7,2.27,14.48,12.49,Plain,Residential,93.4,7.4,3.9,3.2,Yes,Not Required,7,8,2,74.8,Disputed,Low,Yes,Not Required,Private,,Verified,No,Clear,No,Pending,86.0,No,Disposed,4,3,Pending,Approved,Issued,50.7,1754.37,3171.4,28.6,No,13.5,Yes,No,No,Yes,Not Required,0.92,2.75,1.24,Low,Medium,Low,III,Red,Good,64.7,Medium,SYNTHETIC_SIH26017_ENHANCED,Synthetic prototype dataset; added features are simulated and must not be represented as official parcel records.
LA-0525,Karnataka,Mysuru,Airport,31.3,19,Mostly Paid,31,0,Not Started,59.6,76.8,66.9,Partially Complete,Completed,1,Notification,3,1,30,16.408724,80.539997,synthetic_demo_district_center,Non-Green Zone,3.0,10.6,17.1,0.85,No,No,1238.0,No,Pending,No,No,570.3,9.5,1.43,5.54,7.06,20.9,Plateau,Residential,44.4,3.8,4.6,1.7,No,Not Required,6,4,2,31.3,Pending,Low,Yes,In Progress,Private,,Verified,No,Clear,No,Updated,73.0,Yes,,2,0,Completed,Approved,Pending,87.7,528.69,880.65,31.8,No,-9.7,No,No,Yes,Yes,Not Required,2.39,1.34,2.94,High,Low,Low,IV,Loamy,Moderate,55.3,Medium,SYNTHETIC_SIH26017_ENHANCED,Synthetic prototype dataset; added features are simulated and must not be represented as official parcel records.
LA-0526,West Bengal,Kolkata,Metro,10.4,9,Fully Paid,8,0,Mostly Obtained,63.8,86.8,69.7,Complete,Pending,3,Compensation,5,0,7,26.720947,80.928898,synthetic_demo_district_center,Non-Green Zone,12.0,7.6,16.4,5.24,No,No,673.0,No,Not Required,No,No,337.6,8.2,1.89,2.6,19.22,14.64,Plateau,Commercial,70.0,3.5,1.5,6.8,No,Pending,8,4,0,67.9,Obtained,Low,Yes,Completed,Private,,Verified,No,Clear,No,Updated,67.0,No,,3,3,Completed,Pending,Pending,69.4,458.57,659.98,90.3,No,-3.3,No,Yes,No,No,Not Required,1.4,2.13,1.67,Medium,Low,Low,III,Loamy,Good,42.5,Medium,SYNTHETIC_SIH26017_ENHANCED,Synthetic prototype dataset; added features are simulated and must not be represented as official parcel records.
LA-0527,Karnataka,Belagavi,Power,26.2,13,Mostly Paid,4,1,Full,5.4,65.1,58.1,,Completed,6,Possession,2,1,72,25.767049,85.263393,synthetic_demo_district_center,Non-Green Zone,19.7,8.3,15.1,1.27,No,No,1250.0,No,Approved,No,No,34.4,3.2,1.56,2.06,13.16,9.27,Plain,Agricultural,80.2,8.1,2.9,5.0,Yes,Not Required,10,1,1,64.0,Obtained,Low,Yes,In Progress,Joint,Confirmed,Verified,No,Clear,No,Updated,70.8,Yes,,2,1,Not Required,Partially Approved,Pending,82.7,1215.05,1251.09,95.6,No,-8.7,Yes,Yes,Yes,Yes,In Progress,1.27,1.92,4.57,Low,Medium,Medium,IV,Sandy,Good,43.2,Medium,SYNTHETIC_SIH26017_ENHANCED,Synthetic prototype dataset; added features are simulated and must not be represented as official parcel records.
LA-0528,Bihar,Patna,Highway,5.0,3,Fully Paid,23,0,Mostly Obtained,33.5,52.5,84.7,Complete,Completed,4,Rehabilitation,0,0,0,20.272789,85.84297,synthetic_demo_district_center,Non-Green Zone,35.5,20.7,11.2,12.32,No,No,58.0,No,Not Required,No,No,1500.2,1.3,3.82,10.97,7.39,5.18,Coastal,Residential,55.4,10.3,0.9,0.1,Yes,Pending,5,1,1,60.8,Partial,Medium,Yes,In Progress,Private,Confirmed,Verified,No,Clear,No,Updated,81.5,Yes,,2,2,Pending,Pending,Issued,66.8,891.15,1097.58,61.8,No,17.5,No,Yes,No,No,In Progress,1.71,2.05,7.28,Medium,Medium,Low,IV,Laterite,Good,28.9,Low,SYNTHETIC_SIH26017_ENHANCED,Synthetic prototype dataset; added features are simulated and must not be represented as official parcel records.
LA-0529,Tamil Nadu,Salem,Metro,21.3,12,Fully Paid,24,0,Partial,60.3,63.2,68.2,Complete,Completed,3,Notification,3,1,128,23.251616,77.571818,synthetic_demo_district_center,Non-Green Zone,10.7,11.0,16.1,4.52,Yes,No,518.0,Yes,Not Required,No,No,1267.6,3.1,1.29,8.33,2.1,5.63,Plain,Government,46.6,9.0,0.3,1.0,No,Pending,8,2,2,22.5,Obtained,Medium,Yes,In Progress,Private,,Verified,No,Under Verification,No,Pending,78.0,No,Pending,0,0,Pending,Pending,Issued,69.4,3801.39,6812.35,23.2,No,24.7,No,Yes,No,Yes,Completed,0.39,2.22,3.87,Low,Medium,High,II,Alluvial,Good,35.9,Low,SYNTHETIC_SIH26017_ENHANCED,Synthetic prototype dataset; added features are simulated and must not be represented as official parcel records.
LA-0530,Tamil Nadu,Coimbatore,Highway,7.2,2,Not Started,9,4,Mostly Obtained,30.3,87.6,49.5,Complete,Pending,5,Rehabilitation,1,1,17,26.913503,75.843608,synthetic_demo_district_center,Non-Green Zone,11.2,7.3,17.5,6.23,No,No,480.0,No,Approved,Yes,Yes,1221.0,1.2,6.24,7.48,4.64,1.91,Plain,Government,94.8,1.3,2.5,1.7,No,Not Required,4,2,2,56.4,Pending,High,Yes,Planned,Private,Possible,Verified,No,Clear,No,Updated,59.9,No,,5,4,Not Required,Pending,Issued,84.7,689.81,1277.19,81.4,No,-3.0,Yes,Yes,Yes,No,Completed,1.13,5.26,7.02,Medium,Low,Low,III,Laterite,Moderate,38.3,Low,SYNTHETIC_SIH26017_ENHANCED,Synthetic prototype dataset; added features are simulated and must not be represented as official parcel records.
LA-0531,Karnataka,Mangaluru,Metro,60.6,31,Fully Paid,2,0,Partial,67.7,61.4,31.9,Complete,Completed,4,Rehabilitation,2,0,4,16.478366,80.621441,synthetic_demo_district_center,Non-Green Zone,24.2,12.4,12.2,2.8,No,No,541.0,No,Approved,No,No,574.1,12.2,3.07,12.14,5.13,4.04,Plain,Government,53.9,13.2,7.6,4.1,No,Not Required,2,1,1,58.4,Obtained,Medium,Yes,Not Required,Private,Confirmed,Under Review,No,Clear,No,Updated,91.6,No,,1,1,Pending,Pending,Issued,88.8,1258.11,1651.69,56.9,Yes,30.2,No,No,Yes,No,Completed,1.06,3.86,11.71,Medium,Low,Low,II,Alluvial,Good,41.5,Medium,SYNTHETIC_SIH26017_ENHANCED,Synthetic prototype dataset; added features are simulated and must not be represented as official parcel records.
LA-0532,Tamil Nadu,Coimbatore,Airport,44.0,18,Mostly Paid,22,0,Full,65.7,58.1,46.1,Incomplete,Completed,4,Possession,0,0,7,25.97309,91.554258,synthetic_demo_district_center,Green Zone,32.8,3.3,25.5,4.2,Yes,No,431.0,Yes,Not Required,No,No,1784.4,1.9,2.25,1.53,8.15,6.18,Plain,Agricultural,73.4,12.2,0.6,1.7,Yes,Pending,4,2,0,28.7,Disputed,Medium,Yes,Planned,Private,,Verified,No,Clear,No,Updated,83.0,No,,5,4,Not Required,Approved,Issued,83.2,812.68,1486.54,70.3,No,17.3,No,Yes,No,No,Completed,0.62,1.24,1.58,High,Medium,Medium,II,Red,Good,77.2,High,SYNTHETIC_SIH26017_ENHANCED,Synthetic prototype dataset; added features are simulated and must not be represented as official parcel records.
LA-0533,Bihar,Bhagalpur,Railway,34.8,19,Not Started,91,0,Mostly Obtained,,51.1,44.9,Incomplete,Completed,4,Closure,0,1,56,23.654618,77.513423,synthetic_demo_district_center,Non-Green Zone,12.8,11.8,14.0,7.1,No,No,394.0,No,Not Required,Yes,Yes,74.5,3.2,4.17,0.94,22.89,15.18,Plain,Wasteland,45.6,11.4,10.1,2.9,No,Not Required,8,3,2,75.1,Pending,Low,Yes,In Progress,Private,,Under Review,No,Under Verification,No,Updated,73.0,No,Pending,2,2,Pending,Pending,Issued,62.8,1744.03,3824.4,65.5,Yes,-4.7,No,Yes,Yes,No,Completed,3.11,2.09,3.06,Low,Low,Low,IV,Alluvial,Good,40.4,Medium,SYNTHETIC_SIH26017_ENHANCED,Synthetic prototype dataset; added features are simulated and must not be represented as official parcel records.
LA-0534,Madhya Pradesh,Indore,Highway,76.8,33,Mostly Paid,41,3,Mostly Obtained,41.6,49.5,95.0,Complete,Pending,1,Rehabilitation,0,0,25,13.034275,80.211309,synthetic_demo_district_center,Green Zone,29.7,10.7,10.7,6.66,No,No,152.0,Yes,Not Required,No,No,1443.4,8.8,0.96,4.54,5.24,9.77,Plain,Residential,68.7,8.4,4.4,1.5,Yes,Not Required,8,4,2,88.4,Partial,Low,Yes,Planned,Private,,Verified,No,Clear,No,Pending,95.1,No,,4,2,Completed,Approved,Pending,62.4,901.98,1591.61,70.5,No,33.7,No,Yes,Yes,Yes,Not Required,2.42,2.98,2.83,Low,Low,Low,III,Red,Good,50.4,Medium,SYNTHETIC_SIH26017_ENHANCED,Synthetic prototype dataset; added features are simulated and must not be represented as official parcel records.
LA-0535,Karnataka,Mysuru,Highway,12.0,5,Not Started,38,2,Partial,45.4,36.4,55.7,Partially Complete,Partially Completed,6,Notification,1,0,21,16.627563,80.835843,synthetic_demo_district_center,Non-Green Zone,11.1,10.6,19.2,1.43,No,No,285.0,No,Not Required,No,No,1012.1,8.1,1.22,5.33,11.47,5.79,Plain,Residential,37.7,3.2,2.9,2.6,No,Not Required,14,5,2,86.9,Partial,Low,Yes,Planned,Private,,Under Review,No,Clear,Yes,Not Available,72.7,Yes,,1,1,Completed,Pending,Pending,70.6,941.83,1501.51,98.2,No,-14.3,No,Yes,No,Yes,Not Required,0.9,4.07,5.49,Medium,Low,Low,III,Sandy,Moderate,38.2,Low,SYNTHETIC_SIH26017_ENHANCED,Synthetic prototype dataset; added features are simulated and must not be represented as official parcel records.
LA-0536,Rajasthan,Ajmer,Railway,91.0,44,Fully Paid,27,1,Mostly Obtained,18.4,91.1,44.6,Partially Complete,Pending,5,Rehabilitation,1,0,12,22.973829,72.532518,synthetic_demo_district_center,Non-Green Zone,36.4,9.5,18.7,6.63,No,No,1431.0,No,Not Required,Yes,Yes,190.1,11.7,0.78,4.39,6.58,9.58,Coastal,Agricultural,48.5,8.1,0.1,2.2,No,Not Required,3,1,1,50.5,Obtained,High,Yes,Planned,Private,Possible,Verified,No,Clear,No,Updated,71.8,No,,6,3,Pending,Approved,Issued,96.6,1132.87,2468.63,41.6,No,29.1,No,Yes,Yes,No,Not Required,0.64,1.64,4.13,Low,Low,Low,III,Sandy,Good,36.4,Low,SYNTHETIC_SIH26017_ENHANCED,Synthetic prototype dataset; added features are simulated and must not be represented as official parcel records.
LA-0537,West Bengal,Howrah,Highway,49.4,14,Mostly Paid,23,0,Partial,51.8,91.4,39.2,Complete,Partially Completed,2,Closure,1,0,14,16.739244,80.764652,synthetic_demo_district_center,Buffer Zone,9.7,4.3,17.6,2.87,No,No,418.0,No,Pending,No,No,805.5,2.5,0.35,5.53,4.34,5.12,Plain,Agricultural,78.3,9.9,2.9,4.1,No,Not Required,4,2,0,37.2,Obtained,High,Yes,Not Required,Private,Confirmed,Verified,No,Clear,No,Updated,95.5,No,Pending,4,4,Pending,Approved,Issued,68.3,1348.76,1918.41,54.5,No,15.5,No,Yes,Yes,No,In Progress,1.2,0.48,1.41,Low,Low,Medium,V,Red,Good,48.9,Medium,SYNTHETIC_SIH26017_ENHANCED,Synthetic prototype dataset; added features are simulated and must not be represented as official parcel records.
LA-0538,Tamil Nadu,Madurai,Highway,20.5,12,Fully Paid,44,1,Not Started,74.9,45.0,76.0,Complete,Completed,1,Notification,0,0,25,20.228556,85.83428,synthetic_demo_district_center,Non-Green Zone,9.4,4.1,7.3,7.49,No,Yes,262.0,No,Not Required,No,No,354.5,4.1,2.35,5.91,3.89,14.69,Coastal,Agricultural,90.5,13.8,0.4,3.4,No,Approved,2,0,0,87.1,Partial,Low,No,Planned,Institutional,,Verified,No,Under Verification,No,Updated,81.1,No,,1,1,Completed,Approved,Issued,61.2,755.08,1454.53,63.2,Yes,4.6,No,Yes,Yes,No,Not Required,3.17,3.25,7.2,Low,Medium,Low,IV,Loamy,Good,51.9,Medium,SYNTHETIC_SIH26017_ENHANCED,Synthetic prototype dataset; added features are simulated and must not be represented as official parcel records.
LA-0539,Tamil Nadu,Madurai,Irrigation,57.5,28,Partially Paid,10,0,Partial,50.5,20.4,61.7,Complete,Completed,1,Closure,3,1,54,30.097245,78.052628,synthetic_demo_district_center,Non-Green Zone,7.9,13.0,38.0,14.79,No,No,811.0,No,Not Required,Yes,Yes,526.7,0.7,2.43,4.35,1.58,9.91,Plateau,Industrial,71.1,1.7,5.7,6.7,No,Approved,8,3,1,91.9,Obtained,Low,Yes,Not Required,Joint,,Issue Found,Yes,Clear,No,Updated,66.5,No,,0,0,Completed,Pending,Issued,63.4,693.83,1514.42,72.5,No,18.6,No,Yes,Yes,No,Not Required,0.45,3.31,9.86,High,Low,Low,III,Black,Good,65.6,Medium,SYNTHETIC_SIH26017_ENHANCED,Synthetic prototype dataset; added features are simulated and must not be represented as official parcel records.
LA-0540,Uttar Pradesh,Agra,Metro,10.7,6,Mostly Paid,107,0,Full,60.9,22.7,53.8,Partially Complete,Completed,4,Planning,2,0,12,22.953849,72.506102,synthetic_demo_district_center,Non-Green Zone,39.7,11.0,6.2,3.17,No,No,209.0,No,Not Required,No,No,694.0,5.8,0.75,2.42,5.51,13.42,Coastal,Agricultural,73.2,6.4,1.1,8.8,No,Not Required,7,2,0,20.4,Disputed,Low,Yes,Not Required,Private,,Verified,No,Reported,No,Updated,82.8,No,,4,4,Pending,Pending,Issued,55.9,421.76,573.22,93.3,No,18.3,No,No,No,No,Not Required,1.28,1.94,5.73,Low,Medium,Low,II,Laterite,Good,55.1,Medium,SYNTHETIC_SIH26017_ENHANCED,Synthetic prototype dataset; added features are simulated and must not be represented as official parcel records.
LA-0541,Gujarat,Bhavnagar,Railway,13.2,7,Partially Paid,11,3,Mostly Obtained,12.7,92.7,41.0,Partially Complete,Completed,1,Possession,1,1,141,16.558415,80.527142,synthetic_demo_district_center,Non-Green Zone,41.5,5.4,16.0,2.13,No,No,723.0,No,Approved,Yes,Yes,749.1,2.2,1.79,2.13,8.06,3.92,Plain,Wasteland,59.6,1.7,1.1,3.4,No,Pending,2,0,0,77.5,Obtained,Low,No,Not Required,Institutional,,Verified,No,Clear,Yes,Updated,97.0,No,,1,0,Pending,Partially Approved,Pending,98.9,871.96,1821.12,33.6,No,14.4,No,No,Yes,Yes,Pending,0.49,0.18,2.11,Medium,High,Low,II,Laterite,Good,45.1,Medium,SYNTHETIC_SIH26017_ENHANCED,Synthetic prototype dataset; added features are simulated and must not be represented as official parcel records.
LA-0542,Karnataka,Hubballi,Airport,15.5,10,Mostly Paid,46,0,Not Started,75.7,35.1,19.5,Incomplete,Completed,6,Rehabilitation,3,1,201,26.955168,80.88458,synthetic_demo_district_center,Non-Green Zone,16.3,14.7,15.4,6.85,No,No,769.0,No,Pending,Yes,Yes,1134.0,7.0,2.67,7.36,10.57,13.87,Plain,Agricultural,88.4,12.6,1.2,1.2,No,Pending,18,7,9,40.2,Partial,Low,Yes,Not Required,Joint,,Verified,No,Under Verification,No,Updated,65.6,No,,4,4,Completed,Approved,Issued,68.1,3848.04,4237.16,24.1,Yes,17.1,No,Yes,No,No,Not Required,2.66,1.26,5.3,Medium,Low,Low,III,Red,Moderate,55.1,Medium,SYNTHETIC_SIH26017_ENHANCED,Synthetic prototype dataset; added features are simulated and must not be represented as official parcel records.
LA-0543,Odisha,Puri,Highway,16.5,11,Fully Paid,12,0,Full,61.4,56.6,58.0,Partially Complete,Completed,6,Rehabilitation,1,1,81,26.858291,80.952812,synthetic_demo_district_center,Non-Green Zone,26.7,11.9,9.5,3.27,No,Yes,58.0,No,Pending,No,No,1379.0,2.1,0.53,5.99,3.38,13.05,Plain,Residential,81.2,8.1,6.4,5.3,Yes,Pending,4,0,0,32.2,Obtained,Low,No,In Progress,Private,,Under Review,No,Clear,No,Not Available,71.3,No,,4,4,Pending,Partially Approved,Issued,94.9,889.18,1801.72,43.1,No,-11.4,No,No,Yes,No,Pending,2.11,4.11,1.24,Low,Low,Low,III,Black,Moderate,41.0,Medium,SYNTHETIC_SIH26017_ENHANCED,Synthetic prototype dataset; added features are simulated and must not be represented as official parcel records.
LA-0544,Tamil Nadu,Tiruchirappalli,Airport,11.1,9,Fully Paid,33,0,Partial,40.1,42.0,80.4,Incomplete,Completed,6,Rehabilitation,0,0,7,19.026629,72.876367,synthetic_demo_district_center,Green Zone,27.2,0.2,20.5,6.33,No,Yes,1780.0,Yes,Not Required,No,No,1462.7,2.7,1.63,2.75,15.34,1.36,Plain,Agricultural,81.8,12.6,1.3,5.1,No,Not Required,10,3,1,57.4,Partial,Medium,Yes,Planned,Joint,,Verified,No,Clear,No,Updated,68.2,No,Pending,3,3,Pending,Partially Approved,Issued,98.9,2650.34,3859.13,81.2,No,6.8,No,Yes,No,Yes,Not Required,4.36,0.17,3.24,Low,Low,Low,II,Black,Moderate,45.1,Medium,SYNTHETIC_SIH26017_ENHANCED,Synthetic prototype dataset; added features are simulated and must not be represented as official parcel records.
LA-0545,West Bengal,Howrah,Railway,61.4,32,Fully Paid,50,0,Partial,80.9,92.2,56.0,Incomplete,Completed,2,Possession,2,0,7,18.895582,72.752002,synthetic_demo_district_center,Non-Green Zone,50.2,9.2,21.2,0.46,Yes,No,308.0,Yes,Not Required,No,No,513.8,1.3,2.41,10.17,15.08,22.86,Hilly,Agricultural,51.2,7.3,0.7,2.4,No,Not Required,2,2,1,66.1,Pending,Low,Yes,Not Required,Private,Confirmed,Verified,No,Reported,No,Pending,93.0,No,,0,0,Completed,Approved,Issued,67.2,137.02,195.46,92.8,No,-8.1,No,Yes,Yes,No,In Progress,0.55,0.92,3.59,High,Low,Low,II,Loamy,Moderate,53.1,Medium,SYNTHETIC_SIH26017_ENHANCED,Synthetic prototype dataset; added features are simulated and must not be represented as official parcel records.
LA-0546,Rajasthan,Udaipur,Irrigation,20.2,12,Fully Paid,6,0,Partial,49.9,51.7,79.8,Partially Complete,Partially Completed,1,Possession,1,0,9,26.965047,75.831538,synthetic_demo_district_center,Non-Green Zone,30.3,9.0,32.4,6.82,No,No,269.0,No,Pending,No,No,1498.2,6.3,1.78,3.5,6.56,11.95,Hilly,Agricultural,33.1,17.1,0.4,10.8,No,Not Required,1,0,0,22.0,Partial,High,No,Planned,Institutional,Possible,Under Review,No,Clear,No,Updated,75.9,No,Disposed,6,5,Not Required,Partially Approved,Issued,76.7,153.16,245.65,14.6,No,12.2,No,Yes,Yes,No,Not Required,1.63,3.73,6.48,High,Medium,High,III,Loamy,Moderate,48.4,Medium,SYNTHETIC_SIH26017_ENHANCED,Synthetic prototype dataset; added features are simulated and must not be represented as official parcel records.
LA-0547,Tamil Nadu,Chennai,Industrial,32.0,12,Not Started,13,1,Mostly Obtained,91.0,55.9,61.8,,Completed,6,Possession,4,1,117,26.858014,75.832924,synthetic_demo_district_center,Non-Green Zone,24.0,12.3,19.5,6.23,No,No,824.0,No,Not Required,Yes,Yes,697.5,1.2,2.05,2.12,6.1,30.36,Plain,Agricultural,68.3,7.7,1.1,2.3,Yes,Not Required,4,0,0,62.3,Obtained,Low,No,Planned,Private,,Under Review,No,Clear,No,Pending,80.1,No,Pending,5,3,Completed,Approved,Issued,62.5,1211.71,1704.91,30.3,No,16.4,No,Yes,Yes,No,Pending,1.66,3.06,3.83,Medium,Low,Low,II,Red,Poor,48.0,Medium,SYNTHETIC_SIH26017_ENHANCED,Synthetic prototype dataset; added features are simulated and must not be represented as official parcel records.
LA-0548,Rajasthan,Kota,Irrigation,16.0,11,Partially Paid,14,1,Mostly Obtained,46.4,73.5,53.0,Complete,Completed,1,Compensation,1,0,20,31.190052,77.282297,synthetic_demo_district_center,Non-Green Zone,13.6,14.4,14.0,1.51,No,No,374.0,No,Not Required,No,No,645.7,7.9,3.58,6.48,4.19,9.93,Plateau,Agricultural,63.8,3.8,5.8,3.3,No,Not Required,5,1,2,64.8,Pending,Medium,Yes,In Progress,Private,Possible,Verified,No,Clear,No,Updated,85.8,No,,2,2,Completed,Pending,Pending,78.5,190.77,388.38,23.1,No,31.8,No,No,No,No,Completed,0.37,10.74,2.98,Low,Low,Medium,II,Black,Good,41.9,Medium,SYNTHETIC_SIH26017_ENHANCED,Synthetic prototype dataset; added features are simulated and must not be represented as official parcel records.
LA-0549,Bihar,Gaya,Airport,6.3,3,Mostly Paid,25,1,Partial,50.3,,47.2,Partially Complete,Completed,4,Possession,1,0,0,31.189504,77.231423,synthetic_demo_district_center,Non-Green Zone,28.4,16.2,16.8,5.02,No,No,827.0,No,Pending,No,No,219.0,2.8,3.32,6.56,13.21,2.71,Plain,Agricultural,70.7,8.4,7.5,5.3,No,Not Required,4,3,2,63.9,Partial,Low,Yes,Not Required,Private,,Verified,No,Clear,No,Updated,77.1,Yes,,6,6,Pending,Pending,Issued,55.7,1386.69,1700.01,64.6,No,25.3,Yes,Yes,Yes,No,In Progress,0.28,5.0,1.19,Low,Low,Medium,III,Sandy,Good,36.5,Low,SYNTHETIC_SIH26017_ENHANCED,Synthetic prototype dataset; added features are simulated and must not be represented as official parcel records.
LA-0550,Bihar,Bhagalpur,Railway,30.0,18,Mostly Paid,37,1,Mostly Obtained,58.7,57.3,51.9,Partially Complete,Partially Completed,5,Rehabilitation,1,1,114,23.532158,77.568078,synthetic_demo_district_center,Buffer Zone,7.6,5.2,33.3,2.0,No,No,163.0,No,Not Required,No,No,1735.2,2.7,4.59,24.55,5.79,9.09,Hilly,Agricultural,43.5,9.9,5.4,3.1,No,Not Required,15,4,0,39.0,Obtained,Medium,Yes,Not Required,Private,,Under Review,No,Reported,Yes,Pending,86.9,Yes,,4,4,Completed,Partially Approved,Issued,80.2,939.73,1396.61,33.2,Yes,6.9,No,Yes,Yes,No,Completed,1.95,2.66,7.51,Medium,Low,Low,II,Loamy,Good,58.2,Medium,SYNTHETIC_SIH26017_ENHANCED,Synthetic prototype dataset; added features are simulated and must not be represented as official parcel records.
LA-0551,Gujarat,Surat,Airport,5.8,5,Partially Paid,92,2,Partial,46.1,59.2,67.4,Complete,Pending,6,Compensation,0,0,2,22.775432,88.50984,synthetic_demo_district_center,Buffer Zone,33.0,2.9,28.0,10.25,No,No,1121.0,No,Pending,No,No,1429.9,4.8,2.7,6.3,6.79,1.89,Plateau,Government,74.8,14.1,1.5,1.7,No,Not Required,3,1,1,52.4,Pending,Medium,Yes,Not Required,Private,,Verified,No,Clear,No,Pending,99.2,No,Pending,5,1,Not Required,Partially Approved,Pending,90.2,609.31,1008.68,25.8,No,30.3,No,Yes,Yes,No,Pending,3.01,0.5,1.92,Low,Medium,Low,III,Loamy,Good,37.5,Low,SYNTHETIC_SIH26017_ENHANCED,Synthetic prototype dataset; added features are simulated and must not be represented as official parcel records.
LA-0552,Madhya Pradesh,Jabalpur,Railway,23.3,7,Mostly Paid,19,0,Full,22.5,95.8,52.7,Partially Complete,Completed,2,Possession,0,0,8,22.851446,72.643495,synthetic_demo_district_center,Buffer Zone,24.3,6.4,30.7,1.73,No,No,1884.0,No,Approved,Yes,Yes,1738.7,0.8,1.91,5.37,4.09,23.33,Coastal,Agricultural,86.4,8.7,2.2,9.9,No,Not Required,11,7,4,26.5,Obtained,Medium,Yes,Not Required,Private,,Verified,No,Reported,No,Updated,58.7,No,,0,0,Completed,Pending,Issued,50.2,2270.21,4610.8,51.0,No,-7.9,No,Yes,Yes,No,In Progress,4.51,2.67,8.6,Low,High,Medium,II,Sandy,Good,36.5,Low,SYNTHETIC_SIH26017_ENHANCED,Synthetic prototype dataset; added features are simulated and must not be represented as official parcel records.
LA-0553,Odisha,Cuttack,Railway,8.8,4,Mostly Paid,88,2,Not Started,45.1,52.6,48.2,Incomplete,Completed,4,Planning,0,1,126,21.492735,81.644948,synthetic_demo_district_center,Non-Green Zone,6.1,3.5,9.1,5.57,No,Yes,171.0,No,Approved,Yes,Yes,687.6,2.8,5.23,3.63,6.11,13.94,Plain,Agricultural,81.7,17.9,1.5,1.5,No,Approved,3,0,1,95.6,Partial,Low,No,Not Required,Private,,Verified,No,Under Verification,No,Updated,72.5,No,,4,2,Not Required,Approved,Issued,94.6,483.51,741.11,1.6,No,18.7,No,Yes,No,No,Pending,0.85,0.48,9.67,High,Low,Medium,III,Laterite,Poor,31.0,Low,SYNTHETIC_SIH26017_ENHANCED,Synthetic prototype dataset; added features are simulated and must not be represented as official parcel records.
LA-0554,Uttar Pradesh,Meerut,Railway,108.9,48,Partially Paid,40,2,Full,25.6,71.4,76.5,Partially Complete,Pending,1,Possession,4,0,9,27.020926,80.819334,synthetic_demo_district_center,Non-Green Zone,30.7,3.6,15.9,6.49,No,No,765.0,No,Not Required,Yes,Yes,1335.6,1.4,0.29,5.48,18.4,13.66,Plain,Agricultural,55.6,9.2,4.2,4.1,Yes,Approved,1,2,0,63.1,Partial,Low,Yes,Not Required,Government,,Verified,No,Clear,Yes,Updated,79.1,No,,3,3,Not Required,Pending,Pending,54.9,512.68,1061.75,1.5,No,-13.2,No,Yes,Yes,Yes,In Progress,2.07,1.86,3.13,Low,Medium,Medium,III,Red,Poor,41.2,Medium,SYNTHETIC_SIH26017_ENHANCED,Synthetic prototype dataset; added features are simulated and must not be represented as official parcel records.
LA-0555,Gujarat,Bhavnagar,Industrial,48.6,27,Fully Paid,11,3,Mostly Obtained,32.2,72.8,38.6,Complete,Completed,6,Notification,2,0,15,31.085408,77.502742,synthetic_demo_district_center,Non-Green Zone,14.9,6.9,11.6,2.32,No,No,278.0,No,Not Required,No,No,97.0,4.3,0.46,5.14,21.29,19.57,Plain,Industrial,83.3,2.8,0.5,0.7,Yes,Not Required,1,0,0,95.7,Pending,Low,No,Planned,Private,,Issue Found,Yes,Clear,No,Updated,79.5,No,,4,2,Not Required,Approved,Pending,93.0,495.63,953.72,39.6,No,31.6,Yes,Yes,No,No,Completed,4.21,0.84,4.21,Low,Low,Medium,II,Red,Moderate,74.2,High,SYNTHETIC_SIH26017_ENHANCED,Synthetic prototype dataset; added features are simulated and must not be represented as official parcel records.
LA-0556,Maharashtra,Thane,Highway,26.6,9,Mostly Paid,27,2,Mostly Obtained,43.5,65.3,52.7,Partially Complete,Partially Completed,2,Compensation,1,0,16,16.362307,80.750041,synthetic_demo_district_center,Non-Green Zone,40.5,14.0,11.5,3.11,No,No,797.0,No,Pending,No,No,749.4,4.8,3.85,3.58,3.14,4.39,Plain,Agricultural,38.2,3.4,1.7,3.8,No,Not Required,8,1,1,76.6,Disputed,Low,Yes,In Progress,Joint,Possible,Verified,No,Clear,No,Pending,59.4,No,,3,3,Not Required,Pending,Issued,96.7,1416.99,2646.34,85.2,No,26.4,No,Yes,Yes,No,Pending,0.96,0.7,4.12,Low,Medium,Low,IV,Black,Poor,53.9,Medium,SYNTHETIC_SIH26017_ENHANCED,Synthetic prototype dataset; added features are simulated and must not be represented as official parcel records.
LA-0557,Uttar Pradesh,Mathura,Industrial,63.3,30,Not Started,8,1,Partial,66.0,20.0,56.2,Complete,Completed,3,Notification,4,0,2,13.083686,80.402027,synthetic_demo_district_center,Non-Green Zone,20.3,11.4,18.7,6.31,No,No,279.0,No,Not Required,No,No,309.4,1.8,1.27,2.16,12.49,6.06,Plateau,Agricultural,32.9,2.3,2.2,3.4,No,Not Required,9,2,2,41.4,Obtained,Low,Yes,In Progress,Private,Possible,Under Review,No,Clear,No,Pending,87.7,No,Pending,6,3,Pending,Partially Approved,Issued,53.9,841.51,938.39,94.0,No,-14.8,Yes,No,No,No,Not Required,1.03,1.64,1.51,Medium,Low,Low,II,Black,Good,65.1,Medium,SYNTHETIC_SIH26017_ENHANCED,Synthetic prototype dataset; added features are simulated and must not be represented as official parcel records.
LA-0558,Karnataka,Hubballi,Industrial,13.0,9,Not Started,23,0,Mostly Obtained,93.8,69.6,77.3,Complete,Completed,6,Planning,2,0,27,26.81964,75.708486,synthetic_demo_district_center,Non-Green Zone,2.4,13.8,21.8,5.14,No,No,347.0,No,Pending,No,No,1782.4,0.7,0.94,5.26,7.47,16.32,Plain,Agricultural,66.3,0.3,6.5,3.2,No,Not Required,3,2,3,62.3,Partial,Medium,Yes,Planned,Private,Possible,Verified,No,Clear,No,Updated,79.0,Yes,Disposed,0,0,Completed,Pending,Pending,73.3,542.01,575.56,85.6,No,30.2,No,Yes,No,Yes,Completed,1.44,3.11,4.03,Medium,Low,Low,III,Laterite,Poor,39.6,Low,SYNTHETIC_SIH26017_ENHANCED,Synthetic prototype dataset; added features are simulated and must not be represented as official parcel records.
LA-0559,West Bengal,Darjeeling,Irrigation,36.9,23,Fully Paid,22,0,Not Started,60.0,24.5,64.3,Partially Complete,Partially Completed,6,Compensation,1,0,5,22.970665,72.755849,synthetic_demo_district_center,Non-Green Zone,9.4,5.8,18.4,0.62,No,No,780.0,No,Pending,No,No,349.3,10.7,1.92,4.08,10.36,7.75,Hilly,Residential,82.1,8.9,1.6,2.9,Yes,Pending,2,2,1,93.3,Pending,Low,Yes,Completed,Private,,Verified,No,Under Verification,No,Updated,66.8,No,,2,1,Not Required,Approved,Pending,83.5,407.94,883.19,56.3,No,-14.7,No,No,No,No,Pending,1.32,5.76,6.62,Low,Low,Low,III,Loamy,Moderate,38.3,Low,SYNTHETIC_SIH26017_ENHANCED,Synthetic prototype dataset; added features are simulated and must not be represented as official parcel records.
LA-0560,Maharashtra,Pune,Irrigation,28.5,21,Fully Paid,34,0,Full,25.0,59.4,47.6,,Completed,1,Compensation,1,0,28,22.418678,88.392193,synthetic_demo_district_center,Non-Green Zone,34.9,2.1,17.4,1.94,No,No,1087.0,No,Not Required,No,No,923.3,4.6,3.85,2.85,7.27,2.49,Plain,Agricultural,72.3,7.2,5.3,1.5,Yes,Not Required,4,4,2,36.2,Partial,High,Yes,In Progress,Private,,Issue Found,Yes,Clear,No,Pending,97.4,No,Disposed,4,4,Completed,Pending,Issued,95.6,507.94,1050.35,57.5,Yes,1.5,No,Yes,No,No,Not Required,0.37,1.88,2.99,Medium,Medium,Low,II,Loamy,Good,71.1,High,SYNTHETIC_SIH26017_ENHANCED,Synthetic prototype dataset; added features are simulated and must not be represented as official parcel records.
LA-0561,Maharashtra,Aurangabad,Metro,29.9,13,Mostly Paid,47,0,Not Started,82.2,85.7,67.4,Complete,Completed,5,Compensation,3,1,90,20.423608,85.668684,synthetic_demo_district_center,Green Zone,14.1,8.5,6.8,7.94,No,No,769.0,Yes,Not Required,No,No,1166.3,5.7,2.14,4.68,15.83,21.54,Plain,Agricultural,75.7,6.7,6.5,1.4,No,Not Required,24,10,5,54.1,Pending,Low,Yes,Not Required,Private,Possible,Verified,No,Clear,No,Pending,95.1,No,,2,2,Completed,Approved,Pending,50.9,4908.92,9046.97,91.1,No,-10.2,No,Yes,Yes,No,Not Required,0.61,3.26,2.7,Medium,High,Low,IV,Laterite,Poor,39.1,Low,SYNTHETIC_SIH26017_ENHANCED,Synthetic prototype dataset; added features are simulated and must not be represented as official parcel records.
LA-0562,Gujarat,Surat,Railway,63.7,31,Partially Paid,28,1,Not Started,57.9,75.5,78.5,Incomplete,Completed,1,Notification,2,0,9,19.182123,72.817616,synthetic_demo_district_center,Non-Green Zone,6.4,9.1,14.9,4.15,Yes,No,763.0,Yes,Not Required,No,No,282.5,6.0,2.84,9.3,6.16,11.03,Plain,Government,58.6,16.7,1.0,2.1,Yes,Not Required,8,5,1,44.5,Obtained,Low,Yes,In Progress,Government,,Verified,No,Clear,Yes,Not Available,85.2,No,,5,0,Not Required,Approved,Issued,97.9,617.19,638.44,92.4,No,-5.9,No,Yes,No,No,Not Required,1.33,1.88,5.41,Low,Medium,High,III,Loamy,Good,38.1,Low,SYNTHETIC_SIH26017_ENHANCED,Synthetic prototype dataset; added features are simulated and must not be represented as official parcel records.
LA-0563,Madhya Pradesh,Bhopal,Railway,42.5,22,Fully Paid,12,2,Mostly Obtained,14.2,76.2,78.2,Complete,Pending,5,Closure,0,1,51,26.919,80.784469,synthetic_demo_district_center,Green Zone,12.0,3.8,6.5,7.88,No,No,912.0,Yes,Not Required,No,No,1197.5,3.3,0.51,5.81,4.31,11.21,Coastal,Agricultural,63.2,14.8,4.9,3.2,Yes,Not Required,5,1,1,33.3,Partial,Low,Yes,In Progress,Private,,Verified,No,Reported,No,Updated,92.8,No,,1,0,Completed,Partially Approved,Pending,92.5,424.0,552.29,72.3,No,0.6,No,Yes,Yes,No,Not Required,3.55,3.09,0.22,Medium,Medium,Low,III,Black,Good,33.6,Low,SYNTHETIC_SIH26017_ENHANCED,Synthetic prototype dataset; added features are simulated and must not be represented as official parcel records.
LA-0564,Gujarat,Vadodara,Highway,30.5,9,Mostly Paid,76,0,Mostly Obtained,71.2,43.1,23.4,Partially Complete,Completed,3,Planning,2,1,162,30.915788,75.786947,synthetic_demo_district_center,Non-Green Zone,31.1,14.5,9.1,2.43,Yes,No,242.0,Yes,Pending,Yes,Yes,424.0,3.5,2.37,1.39,3.25,17.42,Hilly,Residential,84.9,6.1,1.1,0.9,No,Pending,1,0,0,25.2,Partial,High,No,In Progress,Government,,Verified,No,Clear,No,Updated,65.4,No,Pending,1,0,Completed,Approved,Issued,71.5,323.21,575.03,1.1,No,24.0,No,Yes,Yes,No,Not Required,2.85,2.31,4.11,Medium,High,Medium,II,Laterite,Good,55.6,Medium,SYNTHETIC_SIH26017_ENHANCED,Synthetic prototype dataset; added features are simulated and must not be represented as official parcel records.
LA-0565,Karnataka,Bengaluru Urban,Highway,7.1,2,Fully Paid,96,2,Not Started,32.4,35.2,76.8,Partially Complete,Completed,4,Closure,2,0,35,16.525397,80.569924,synthetic_demo_district_center,Non-Green Zone,5.2,9.9,22.0,2.46,No,No,898.0,No,Not Required,Yes,Yes,1561.0,1.3,0.75,3.04,16.08,8.34,Plain,Government,77.4,7.2,1.3,10.6,No,Not Required,6,4,1,82.9,Obtained,Low,Yes,Completed,Private,,Verified,No,Clear,No,Updated,72.7,No,,6,5,Pending,Pending,Issued,64.2,1672.53,2006.8,84.1,No,14.2,No,Yes,No,No,Not Required,5.02,0.77,5.17,Low,Low,Low,III,Black,Good,42.5,Medium,SYNTHETIC_SIH26017_ENHANCED,Synthetic prototype dataset; added features are simulated and must not be represented as official parcel records.
LA-0566,Tamil Nadu,Chennai,Railway,11.9,9,Fully Paid,26,3,Full,80.2,,52.8,Complete,Completed,4,Rehabilitation,1,1,139,26.858333,75.803503,synthetic_demo_district_center,Green Zone,33.4,6.3,14.3,4.57,No,No,74.0,Yes,Pending,No,No,162.8,2.5,2.43,11.32,11.39,16.51,Plain,Commercial,44.8,8.6,1.1,2.5,No,Approved,7,1,3,65.5,Obtained,Low,Yes,In Progress,Joint,,Verified,No,Clear,No,Pending,96.1,No,,1,1,Completed,Approved,Pending,93.1,1356.25,2840.36,26.8,No,-11.4,No,No,No,No,Not Required,1.19,0.41,2.54,Low,Medium,Low,IV,Red,Good,32.2,Low,SYNTHETIC_SIH26017_ENHANCED,Synthetic prototype dataset; added features are simulated and must not be represented as official parcel records.
LA-0567,Tamil Nadu,Salem,Railway,22.4,12,Partially Paid,38,2,Full,63.9,55.1,63.3,Complete,Partially Completed,6,Notification,0,0,15,26.289455,91.890252,synthetic_demo_district_center,Non-Green Zone,46.1,10.1,11.6,6.13,Yes,No,1502.0,Yes,Not Required,No,No,1294.7,1.9,4.74,2.65,8.15,15.16,Plateau,Agricultural,74.3,9.3,3.0,4.9,Yes,Not Required,4,1,1,88.0,Partial,Low,Yes,In Progress,Institutional,,Under Review,No,Clear,No,Updated,84.3,No,,5,5,Completed,Pending,Issued,85.6,1373.43,2132.34,5.2,Yes,-14.1,No,Yes,Yes,Yes,Completed,1.33,1.08,6.44,Low,Low,Medium,III,Sandy,Good,68.4,Medium,SYNTHETIC_SIH26017_ENHANCED,Synthetic prototype dataset; added features are simulated and must not be represented as official parcel records.
LA-0568,Madhya Pradesh,Indore,Airport,26.3,12,Mostly Paid,25,2,Mostly Obtained,16.9,84.1,76.8,Incomplete,Completed,4,Compensation,2,1,71,30.192865,77.929386,synthetic_demo_district_center,Non-Green Zone,18.8,3.6,19.9,5.18,No,No,1819.0,No,Not Required,No,No,896.3,9.6,5.06,1.93,2.23,8.94,Coastal,Commercial,41.1,5.2,6.1,1.9,No,Approved,12,1,2,94.0,Obtained,Low,Yes,Not Required,Institutional,,Verified,No,Under Verification,No,Not Available,72.3,No,,2,2,Completed,Approved,Pending,66.8,2730.08,3192.73,82.0,No,22.1,No,Yes,No,No,Not Required,2.42,0.39,4.37,Low,High,Low,II,Red,Moderate,23.9,Low,SYNTHETIC_SIH26017_ENHANCED,Synthetic prototype dataset; added features are simulated and must not be represented as official parcel records.
LA-0569,Karnataka,Belagavi,Industrial,10.5,3,Partially Paid,34,0,Partial,49.9,72.4,79.2,Complete,Completed,2,Closure,1,0,18,10.130633,76.290133,synthetic_demo_district_center,Buffer Zone,31.6,16.9,26.3,12.83,No,No,829.0,No,Not Required,No,No,1677.4,0.5,3.08,7.83,5.2,10.8,Plateau,Agricultural,69.4,9.8,1.6,9.3,Yes,Pending,6,3,0,44.3,Obtained,Low,Yes,Planned,Private,Possible,Under Review,No,Clear,No,Not Available,69.9,No,Disposed,5,0,Completed,Partially Approved,Issued,94.7,217.86,423.84,23.5,No,-4.7,No,Yes,No,No,Not Required,2.29,1.33,1.32,Low,Medium,Low,II,Black,Good,45.7,Medium,SYNTHETIC_SIH26017_ENHANCED,Synthetic prototype dataset; added features are simulated and must not be represented as official parcel records.
LA-0570,Madhya Pradesh,Ujjain,Railway,149.7,76,Partially Paid,35,0,Mostly Obtained,50.8,88.1,39.4,Complete,Completed,5,Possession,0,0,14,10.105597,76.471124,synthetic_demo_district_center,Non-Green Zone,18.1,6.1,12.4,6.53,No,No,825.0,No,Not Required,Yes,Yes,330.7,9.4,1.61,3.71,6.13,7.78,Plain,Government,63.3,8.1,5.7,1.3,No,Not Required,10,6,1,71.2,Pending,Low,Yes,Planned,Private,,Verified,No,Clear,No,Pending,59.7,No,Pending,3,3,Completed,Approved,Issued,92.9,1797.49,3358.84,59.5,No,22.2,No,Yes,No,Yes,In Progress,1.54,2.84,4.24,Medium,Medium,High,II,Red,Good,38.0,Low,SYNTHETIC_SIH26017_ENHANCED,Synthetic prototype dataset; added features are simulated and must not be represented as official parcel records.
LA-0571,Rajasthan,Udaipur,Industrial,76.5,29,Fully Paid,9,0,Partial,72.3,37.6,33.7,Complete,Pending,1,Notification,0,0,11,13.184253,77.526979,synthetic_demo_district_center,Green Zone,21.9,13.2,5.9,6.15,No,No,1050.0,Yes,Not Required,No,No,1721.8,1.0,1.01,5.38,23.53,12.6,Plateau,Government,73.1,6.0,3.9,1.9,Yes,Not Required,7,1,1,93.2,Partial,Medium,Yes,Completed,Joint,,Verified,No,Clear,No,Updated,73.8,Yes,,6,4,Not Required,Pending,Issued,65.6,1349.82,2127.15,36.0,Yes,31.2,No,Yes,Yes,No,Pending,0.29,8.78,1.08,Low,High,Medium,III,Red,Good,39.1,Low,SYNTHETIC_SIH26017_ENHANCED,Synthetic prototype dataset; added features are simulated and must not be represented as official parcel records.
LA-0572,Tamil Nadu,Chennai,Highway,38.5,18,Fully Paid,23,0,Partial,34.3,37.0,75.7,Complete,Partially Completed,2,Compensation,0,0,17,30.937324,75.730043,synthetic_demo_district_center,Non-Green Zone,28.5,2.6,3.8,2.31,No,No,61.0,No,Not Required,No,No,1436.1,5.1,0.36,2.85,1.61,5.75,Coastal,Agricultural,39.3,4.9,7.4,1.1,Yes,Not Required,2,0,0,26.1,Disputed,Low,No,Not Required,Private,,Under Review,No,Clear,No,Updated,72.3,No,,6,1,Not Required,Partially Approved,Issued,78.8,1303.59,1483.37,96.7,No,9.8,No,Yes,No,No,Not Required,0.86,0.45,3.22,High,Medium,Low,II,Red,Poor,48.1,Medium,SYNTHETIC_SIH26017_ENHANCED,Synthetic prototype dataset; added features are simulated and must not be represented as official parcel records.
LA-0573,Maharashtra,Aurangabad,Metro,25.9,14,Fully Paid,61,0,Full,43.8,15.4,52.7,Incomplete,Completed,2,Compensation,2,0,0,21.533419,81.565704,synthetic_demo_district_center,Buffer Zone,18.1,11.1,21.6,3.24,No,No,24.0,No,Not Required,No,No,1116.1,2.4,4.59,2.94,5.88,2.03,Plain,Industrial,69.3,5.2,3.4,0.6,No,Not Required,4,4,1,71.4,Obtained,Low,Yes,Not Required,Private,,Under Review,No,Clear,Yes,Updated,55.7,No,,5,0,Completed,Approved,Pending,87.9,483.46,1007.9,3.7,No,32.1,No,No,No,No,Completed,0.86,7.45,5.88,Low,High,Low,II,Laterite,Good,34.9,Low,SYNTHETIC_SIH26017_ENHANCED,Synthetic prototype dataset; added features are simulated and must not be represented as official parcel records.
LA-0574,Odisha,Ganjam,Industrial,20.9,9,Mostly Paid,58,1,Full,67.8,66.8,11.3,Complete,Partially Completed,1,Rehabilitation,1,0,11,30.96933,75.974517,synthetic_demo_district_center,Non-Green Zone,40.4,12.9,19.5,4.38,No,No,1430.0,No,Pending,No,No,1181.8,4.8,4.25,2.67,15.38,2.61,Plain,Agricultural,76.7,4.6,11.9,0.5,No,Approved,6,0,1,95.2,Disputed,Medium,No,Planned,Joint,,Verified,No,Under Verification,No,Updated,97.9,No,,2,0,Pending,Approved,Pending,93.5,1114.73,1120.19,90.6,No,-7.7,Yes,Yes,Yes,Yes,Completed,4.08,8.6,3.9,Medium,Low,High,III,Alluvial,Good,63.0,Medium,SYNTHETIC_SIH26017_ENHANCED,Synthetic prototype dataset; added features are simulated and must not be represented as official parcel records.
LA-0575,West Bengal,Darjeeling,Metro,12.0,9,Not Started,23,0,Full,83.2,33.0,90.7,Partially Complete,Completed,3,Closure,1,0,0,22.869903,88.363576,synthetic_demo_district_center,Green Zone,18.5,15.8,8.4,2.68,Yes,No,144.0,Yes,Not Required,No,No,1503.8,4.3,4.16,1.04,14.43,14.58,Plain,Residential,40.6,10.5,2.6,4.4,Yes,Pending,5,2,0,71.3,Obtained,Low,Yes,Completed,Private,,Under Review,No,Reported,No,Updated,67.8,No,,4,1,Completed,Pending,Pending,80.2,856.78,1748.09,14.5,No,35.0,No,Yes,Yes,No,Not Required,0.9,0.38,8.88,Low,Low,Low,II,Alluvial,Good,40.0,Medium,SYNTHETIC_SIH26017_ENHANCED,Synthetic prototype dataset; added features are simulated and must not be represented as official parcel records.
LA-0576,Karnataka,Belagavi,Railway,26.0,8,Not Started,36,0,Partial,66.3,82.5,72.2,Complete,Completed,4,Planning,1,0,12,16.616648,80.660554,synthetic_demo_district_center,Non-Green Zone,17.5,4.2,24.9,6.64,No,Yes,1482.0,No,Not Required,No,No,1111.0,2.7,4.92,2.13,9.13,8.9,Coastal,Residential,25.6,8.4,2.7,1.6,Yes,Approved,13,6,2,98.8,Obtained,Medium,Yes,In Progress,Joint,,Under Review,No,Clear,No,Updated,81.0,No,,1,1,Not Required,Approved,Pending,61.6,1215.36,1646.6,47.5,Yes,18.6,No,No,Yes,No,Not Required,0.83,2.59,4.68,High,Low,Medium,II,Black,Moderate,52.3,Medium,SYNTHETIC_SIH26017_ENHANCED,Synthetic prototype dataset; added features are simulated and must not be represented as official parcel records.
LA-0577,Uttar Pradesh,Agra,Airport,29.8,10,Partially Paid,24,1,Partial,71.2,29.8,46.1,Partially Complete,Partially Completed,3,Compensation,1,0,5,9.972079,76.222968,synthetic_demo_district_center,Buffer Zone,30.8,1.6,16.6,5.8,No,No,235.0,No,Approved,No,No,804.9,9.4,1.41,3.13,7.32,1.19,Plain,Agricultural,68.2,16.6,0.9,1.5,Yes,Not Required,2,0,1,38.4,Obtained,Medium,No,In Progress,Private,,Under Review,No,Clear,No,Not Available,55.6,No,,2,0,Not Required,Pending,Issued,52.5,106.16,158.58,43.1,No,18.5,No,No,No,No,In Progress,1.2,0.27,5.59,High,Low,High,IV,Red,Good,66.1,Medium,SYNTHETIC_SIH26017_ENHANCED,Synthetic prototype dataset; added features are simulated and must not be represented as official parcel records.
LA-0578,Madhya Pradesh,Gwalior,Irrigation,9.7,5,Mostly Paid,48,0,Partial,58.9,56.6,83.9,Partially Complete,Completed,3,Notification,0,0,5,20.33043,85.806648,synthetic_demo_district_center,Non-Green Zone,29.1,9.5,14.6,0.31,No,No,428.0,No,Approved,No,No,903.4,5.2,1.03,1.35,9.01,8.65,Coastal,Agricultural,64.3,3.6,0.8,5.0,No,Not Required,5,4,1,32.7,Pending,Low,Yes,Planned,Private,,Verified,No,Under Verification,No,Updated,69.1,No,,3,3,Pending,Partially Approved,Issued,57.5,968.93,1544.73,93.0,No,26.3,No,Yes,No,No,In Progress,0.72,1.63,3.35,Low,Low,Low,III,Laterite,Moderate,34.0,Low,SYNTHETIC_SIH26017_ENHANCED,Synthetic prototype dataset; added features are simulated and must not be represented as official parcel records.
LA-0579,West Bengal,Howrah,Industrial,31.5,21,Mostly Paid,6,1,Partial,47.4,71.5,75.8,Complete,Pending,4,Closure,1,0,0,22.421107,88.192964,synthetic_demo_district_center,Non-Green Zone,46.3,6.9,24.7,11.99,No,No,1796.0,No,Not Required,No,No,1753.9,4.3,2.66,7.36,15.82,9.79,Plain,Wasteland,64.0,6.9,4.4,1.0,No,Not Required,4,0,0,37.9,Obtained,Medium,No,Not Required,Private,,Verified,No,Under Verification,No,Updated,63.6,No,,4,2,Completed,Partially Approved,Issued,90.5,1522.11,1853.22,24.3,No,13.8,No,No,No,No,Not Required,2.13,2.12,4.28,Low,Low,Low,III,Red,Moderate,32.6,Low,SYNTHETIC_SIH26017_ENHANCED,Synthetic prototype dataset; added features are simulated and must not be represented as official parcel records.
LA-0580,Uttar Pradesh,Meerut,Industrial,21.8,10,Not Started,44,0,Partial,55.8,29.5,78.7,Incomplete,Partially Completed,3,Possession,2,0,23,17.347322,78.534219,synthetic_demo_district_center,Non-Green Zone,3.1,3.9,19.2,4.96,No,Yes,822.0,No,Not Required,No,No,518.9,1.8,0.13,7.22,10.49,10.17,Plain,Commercial,45.2,12.5,10.9,2.6,No,Not Required,5,4,1,92.8,Obtained,Low,Yes,Not Required,Private,,Issue Found,Yes,Clear,No,Updated,67.9,No,,2,0,Completed,Pending,Issued,92.2,612.96,695.63,82.3,No,-10.7,No,Yes,Yes,Yes,Not Required,2.61,3.41,2.2,High,Low,Low,III,Black,Poor,55.2,Medium,SYNTHETIC_SIH26017_ENHANCED,Synthetic prototype dataset; added features are simulated and must not be represented as official parcel records.
LA-0581,West Bengal,Howrah,Industrial,5.9,2,Fully Paid,79,0,Partial,37.9,36.9,91.5,Complete,Completed,2,Rehabilitation,1,1,196,19.102318,72.7333,synthetic_demo_district_center,Non-Green Zone,12.0,3.3,9.2,0.84,No,No,1009.0,No,Pending,Yes,Yes,759.3,0.8,0.58,2.63,12.17,2.68,Plateau,Residential,67.2,16.3,6.3,5.9,No,Not Required,5,1,1,64.8,Obtained,Low,Yes,Planned,Joint,Possible,Verified,No,Clear,No,Updated,91.7,No,,1,1,Pending,Partially Approved,Pending,93.1,1590.23,2557.99,26.7,No,12.9,No,Yes,No,No,In Progress,3.42,2.85,8.68,High,Low,Low,IV,Alluvial,Good,48.2,Medium,SYNTHETIC_SIH26017_ENHANCED,Synthetic prototype dataset; added features are simulated and must not be represented as official parcel records.
LA-0582,Odisha,Ganjam,Highway,12.9,8,Partially Paid,17,0,Mostly Obtained,61.8,71.0,58.0,Partially Complete,Completed,6,Compensation,3,1,85,23.010188,85.271369,synthetic_demo_district_center,Non-Green Zone,21.8,6.8,16.4,3.77,No,No,225.0,No,Pending,No,No,1038.6,0.7,2.05,16.22,9.79,14.73,Plain,Agricultural,63.9,5.5,7.1,1.0,No,Pending,5,5,0,26.5,Pending,Medium,Yes,In Progress,Private,,Verified,No,Clear,Yes,Updated,88.0,No,,1,1,Completed,Approved,Issued,66.6,421.51,820.38,67.8,No,16.5,No,Yes,No,No,Not Required,2.73,1.79,3.65,Low,Medium,Low,II,Red,Moderate,53.2,Medium,SYNTHETIC_SIH26017_ENHANCED,Synthetic prototype dataset; added features are simulated and must not be represented as official parcel records.
LA-0583,Uttar Pradesh,Mathura,Railway,18.0,9,Fully Paid,72,1,Mostly Obtained,42.9,73.5,29.0,Incomplete,Partially Completed,1,Rehabilitation,1,0,27,20.393481,85.685726,synthetic_demo_district_center,Green Zone,46.4,7.3,11.0,0.59,No,Yes,573.0,Yes,Not Required,No,No,617.0,4.3,2.98,6.75,5.75,1.2,Coastal,Industrial,77.9,21.5,4.5,11.0,No,Not Required,8,5,1,75.8,Obtained,Low,Yes,Not Required,Private,,Verified,No,Clear,No,Updated,81.1,No,,0,0,Not Required,Approved,Issued,64.9,1912.8,1984.73,78.1,No,-9.4,Yes,Yes,Yes,No,Pending,1.58,3.18,1.81,Low,High,Medium,III,Alluvial,Poor,21.4,Low,SYNTHETIC_SIH26017_ENHANCED,Synthetic prototype dataset; added features are simulated and must not be represented as official parcel records.
LA-0584,Gujarat,Ahmedabad,Highway,101.1,43,Mostly Paid,37,1,Mostly Obtained,64.1,44.5,88.0,Partially Complete,Completed,6,Notification,1,1,94,17.403724,78.417238,synthetic_demo_district_center,Non-Green Zone,1.4,2.9,20.9,5.12,No,No,216.0,No,Approved,No,No,1331.5,3.8,2.13,15.89,10.62,1.83,Plain,Wasteland,72.8,17.4,2.1,3.8,Yes,Not Required,26,4,5,87.4,Obtained,Medium,Yes,In Progress,Private,,Verified,No,Clear,No,Updated,94.7,Yes,,0,0,Not Required,Pending,Issued,83.4,4156.28,6932.79,32.5,No,30.7,No,Yes,No,Yes,In Progress,0.79,4.62,2.93,Low,Medium,Low,IV,Red,Moderate,41.2,Medium,SYNTHETIC_SIH26017_ENHANCED,Synthetic prototype dataset; added features are simulated and must not be represented as official parcel records.
LA-0585,Bihar,Nalanda,Metro,37.2,9,Partially Paid,28,1,Full,49.4,33.9,84.0,Partially Complete,Completed,2,Closure,1,1,144,28.124799,77.145157,synthetic_demo_district_center,Non-Green Zone,39.1,1.9,20.5,1.12,No,No,432.0,No,Approved,No,No,1017.5,2.7,4.55,6.8,6.42,3.73,Plain,Government,81.0,9.0,3.0,1.8,No,Pending,4,3,0,50.2,Partial,Medium,Yes,Not Required,Government,,Verified,No,Clear,No,Updated,84.4,No,,3,3,Not Required,Partially Approved,Pending,58.1,634.88,1395.29,98.1,No,29.8,No,Yes,No,Yes,Completed,0.23,2.71,3.49,Low,Low,Low,III,Laterite,Good,39.7,Low,SYNTHETIC_SIH26017_ENHANCED,Synthetic prototype dataset; added features are simulated and must not be represented as official parcel records.
LA-0586,Gujarat,Rajkot,Industrial,9.0,8,Fully Paid,23,0,Not Started,31.1,70.3,23.4,Complete,Completed,6,Compensation,1,0,26,30.454405,78.033482,synthetic_demo_district_center,Non-Green Zone,40.6,8.9,5.1,0.79,No,No,218.0,No,Not Required,Yes,Yes,1382.5,3.0,0.19,4.89,4.95,10.85,Plateau,Agricultural,74.1,16.5,2.7,1.3,No,Not Required,10,3,3,70.3,Disputed,Low,Yes,Not Required,Government,,Verified,No,Under Verification,Yes,Updated,80.3,No,,3,3,Pending,Approved,Issued,56.4,3252.9,3449.34,23.4,Yes,-0.7,No,Yes,Yes,No,Not Required,2.21,3.71,1.87,Low,Low,Medium,II,Laterite,Poor,86.6,High,SYNTHETIC_SIH26017_ENHANCED,Synthetic prototype dataset; added features are simulated and must not be represented as official parcel records.
LA-0587,Tamil Nadu,Madurai,Highway,35.3,16,Mostly Paid,74,1,Not Started,35.9,62.0,58.4,Complete,Completed,2,Rehabilitation,2,0,28,16.807613,80.413676,synthetic_demo_district_center,Non-Green Zone,21.5,7.4,21.2,0.8,No,Yes,326.0,No,Not Required,Yes,Yes,643.8,7.4,0.84,15.1,6.57,9.83,Plateau,Residential,36.7,10.2,1.3,4.0,No,Approved,5,0,0,32.8,Obtained,Low,No,Not Required,Private,,Verified,No,Clear,No,Not Available,92.2,No,,1,1,Completed,Approved,Pending,96.1,1686.51,2107.26,45.4,No,-14.4,No,Yes,Yes,Yes,Pending,2.71,0.68,8.34,Low,Medium,Medium,IV,Black,Good,49.2,Medium,SYNTHETIC_SIH26017_ENHANCED,Synthetic prototype dataset; added features are simulated and must not be represented as official parcel records.
LA-0588,Bihar,Bhagalpur,Airport,7.7,4,Mostly Paid,25,0,Full,16.2,60.8,42.5,Complete,Pending,5,Notification,4,0,28,23.395119,77.510021,synthetic_demo_district_center,Non-Green Zone,42.2,13.7,27.1,0.63,Yes,No,931.0,Yes,Not Required,No,No,957.7,3.0,2.86,2.31,16.09,17.28,Plain,Wasteland,35.4,30.2,2.5,3.7,Yes,Not Required,8,4,1,48.6,Obtained,Low,Yes,Not Required,Private,,Verified,No,Under Verification,No,Pending,77.5,No,,3,2,Pending,Approved,Issued,51.9,1071.99,2030.16,35.4,No,10.0,No,Yes,No,No,Not Required,0.43,2.98,1.97,Medium,Low,High,III,Sandy,Moderate,37.3,Low,SYNTHETIC_SIH26017_ENHANCED,Synthetic prototype dataset; added features are simulated and must not be represented as official parcel records.
LA-0589,Gujarat,Ahmedabad,Airport,55.3,26,Mostly Paid,87,2,Mostly Obtained,26.9,58.4,49.5,Incomplete,Completed,4,Possession,1,0,19,20.282788,85.674308,synthetic_demo_district_center,Non-Green Zone,19.4,2.6,8.0,9.29,No,No,1098.0,No,Approved,No,No,300.2,1.7,0.49,11.3,7.75,12.04,Plain,Agricultural,36.0,3.4,2.4,3.4,No,Pending,4,1,1,26.0,Disputed,Low,Yes,Planned,Private,,Under Review,No,Clear,No,Updated,76.8,No,,5,1,Not Required,Partially Approved,Pending,55.2,911.27,1266.62,58.6,No,-10.6,No,No,No,Yes,Not Required,1.61,1.18,1.1,Medium,Low,Low,II,Laterite,Moderate,51.7,Medium,SYNTHETIC_SIH26017_ENHANCED,Synthetic prototype dataset; added features are simulated and must not be represented as official parcel records.
LA-0590,Bihar,Patna,Power,17.2,13,Not Started,81,3,Mostly Obtained,8.1,48.2,34.4,Incomplete,Pending,4,Compensation,0,1,144,9.932641,76.072316,synthetic_demo_district_center,Non-Green Zone,28.7,1.1,16.0,1.32,Yes,No,620.0,Yes,Approved,No,No,1769.7,0.4,2.57,0.74,17.55,8.57,Plain,Residential,64.8,3.7,1.7,3.0,No,Approved,8,5,1,98.3,Partial,Medium,Yes,Completed,Private,,Verified,No,Reported,Yes,Updated,87.3,No,,0,0,Pending,Partially Approved,Issued,67.2,1232.0,2681.98,0.2,No,-4.4,No,Yes,No,No,Not Required,3.94,3.48,1.91,Medium,Low,Low,II,Red,Good,32.3,Low,SYNTHETIC_SIH26017_ENHANCED,Synthetic prototype dataset; added features are simulated and must not be represented as official parcel records.
LA-0591,Bihar,Bhagalpur,Industrial,22.9,12,Mostly Paid,20,1,Not Started,57.7,58.5,87.4,Complete,Partially Completed,6,Planning,0,0,12,9.975777,76.434434,synthetic_demo_district_center,Non-Green Zone,10.7,5.6,15.0,5.01,No,No,1139.0,No,Approved,No,No,75.7,3.2,0.39,3.56,6.29,13.35,Plain,Agricultural,26.5,8.7,4.0,1.2,Yes,Pending,4,3,2,73.1,Obtained,High,Yes,Planned,Private,,Verified,No,Clear,Yes,Updated,86.0,No,Disposed,4,1,Completed,Approved,Pending,53.5,419.61,778.73,26.1,No,0.2,No,Yes,No,No,In Progress,1.31,2.19,5.75,Medium,Medium,Low,II,Laterite,Moderate,37.4,Low,SYNTHETIC_SIH26017_ENHANCED,Synthetic prototype dataset; added features are simulated and must not be represented as official parcel records.
LA-0592,Maharashtra,Aurangabad,Irrigation,66.3,39,Fully Paid,26,1,Partial,78.9,73.5,56.4,Complete,Completed,2,Compensation,0,0,0,30.19953,78.036192,synthetic_demo_district_center,Non-Green Zone,19.1,6.4,20.4,3.89,No,No,1283.0,No,Pending,No,No,303.6,3.0,1.2,5.81,4.77,20.41,Hilly,Agricultural,68.0,11.4,1.2,3.4,No,Not Required,5,2,0,51.2,Obtained,Low,Yes,Not Required,Private,Possible,Verified,No,Clear,No,Updated,81.3,No,,1,1,Pending,Partially Approved,Issued,95.7,1580.96,2321.4,99.0,No,28.0,No,Yes,Yes,Yes,Not Required,0.91,3.5,5.88,Low,Low,High,III,Alluvial,Good,32.0,Low,SYNTHETIC_SIH26017_ENHANCED,Synthetic prototype dataset; added features are simulated and must not be represented as official parcel records.
LA-0593,Madhya Pradesh,Bhopal,Highway,9.3,4,Not Started,4,0,Mostly Obtained,19.3,94.1,48.2,Complete,Completed,4,Possession,1,0,3,22.39903,88.362295,synthetic_demo_district_center,Buffer Zone,36.6,12.1,20.7,2.35,No,No,273.0,No,Approved,Yes,Yes,193.3,4.0,0.95,4.83,3.58,14.48,Plain,Residential,86.3,3.3,1.3,3.2,Yes,Pending,4,1,1,52.8,Partial,Low,Yes,Not Required,Private,,Verified,No,Under Verification,No,Updated,67.8,No,,0,0,Completed,Approved,Pending,64.0,867.68,1355.23,70.4,No,34.7,Yes,Yes,Yes,No,Not Required,3.3,0.82,2.28,High,Low,Low,II,Laterite,Poor,46.9,Medium,SYNTHETIC_SIH26017_ENHANCED,Synthetic prototype dataset; added features are simulated and must not be represented as official parcel records.
LA-0594,Madhya Pradesh,Gwalior,Irrigation,8.6,3,Partially Paid,29,0,Full,21.4,49.6,82.9,Complete,Pending,5,Notification,1,0,1,21.199488,81.744314,synthetic_demo_district_center,Green Zone,52.2,4.3,3.0,6.56,No,No,723.0,Yes,Pending,No,No,293.7,1.7,8.19,5.62,7.48,6.55,Plain,Government,65.5,3.0,1.8,1.6,No,Pending,10,4,4,56.9,Pending,Medium,Yes,Planned,Private,Possible,Verified,No,Clear,No,Pending,74.8,No,,4,1,Not Required,Pending,Pending,81.3,2468.17,2957.69,78.7,Yes,-12.1,No,No,Yes,No,Not Required,2.57,0.8,8.47,Low,Medium,Medium,II,Red,Moderate,54.3,Medium,SYNTHETIC_SIH26017_ENHANCED,Synthetic prototype dataset; added features are simulated and must not be represented as official parcel records.
LA-0595,Maharashtra,Thane,Highway,15.8,8,Fully Paid,32,0,Full,77.7,65.1,87.6,Complete,Pending,6,Notification,1,0,6,13.400839,80.183075,synthetic_demo_district_center,Non-Green Zone,27.5,4.0,24.0,8.63,No,No,160.0,No,Approved,No,No,1114.0,2.8,2.78,6.61,8.18,26.93,Plain,Agricultural,56.4,6.5,1.1,2.1,Yes,Pending,10,6,3,32.1,Obtained,Low,Yes,Planned,Private,,Issue Found,Yes,Clear,No,Updated,56.7,No,,2,2,Completed,Approved,Pending,92.6,1225.58,1385.99,65.7,No,-11.6,No,No,Yes,Yes,Not Required,0.28,4.93,3.8,Medium,Low,Low,III,Alluvial,Poor,42.5,Medium,SYNTHETIC_SIH26017_ENHANCED,Synthetic prototype dataset; added features are simulated and must not be represented as official parcel records.
LA-0596,West Bengal,Darjeeling,Irrigation,53.5,22,Partially Paid,66,1,Partial,91.0,53.7,59.9,Partially Complete,Completed,1,Compensation,0,0,14,21.144939,81.882187,synthetic_demo_district_center,Buffer Zone,11.4,17.2,9.0,0.24,No,No,463.0,No,Pending,No,No,695.7,6.3,2.63,5.61,8.32,5.94,Plateau,Commercial,76.9,10.8,4.0,0.3,Yes,Pending,6,5,3,99.4,Obtained,Low,Yes,Not Required,Private,Possible,Verified,No,Clear,No,Updated,69.3,No,,0,0,Completed,Approved,Issued,93.2,1661.77,2364.27,53.2,No,19.3,Yes,Yes,Yes,Yes,Not Required,3.64,4.38,5.06,Low,Medium,Low,III,Loamy,Good,59.0,Medium,SYNTHETIC_SIH26017_ENHANCED,Synthetic prototype dataset; added features are simulated and must not be represented as official parcel records.
LA-0597,Rajasthan,Ajmer,Railway,7.8,2,Mostly Paid,84,1,Mostly Obtained,60.2,82.1,48.6,Incomplete,Completed,3,Compensation,3,0,8,30.943177,77.444821,synthetic_demo_district_center,Green Zone,27.3,10.0,11.1,4.7,No,No,107.0,Yes,Pending,No,No,766.1,0.9,3.41,9.96,2.77,2.82,Plateau,Agricultural,63.0,6.1,5.7,0.4,No,Pending,10,7,6,43.8,Pending,Low,Yes,In Progress,Joint,,Under Review,No,Clear,Yes,Updated,59.4,No,Pending,0,0,Pending,Pending,Issued,56.8,1258.23,1474.3,59.4,No,16.6,No,Yes,Yes,No,Pending,1.61,2.41,0.26,Low,Medium,Low,II,Alluvial,Good,42.3,Medium,SYNTHETIC_SIH26017_ENHANCED,Synthetic prototype dataset; added features are simulated and must not be represented as official parcel records.
LA-0598,West Bengal,Darjeeling,Irrigation,5.0,4,Mostly Paid,51,0,Full,56.6,7.6,58.9,Partially Complete,Completed,4,Compensation,0,1,117,13.284048,80.125925,synthetic_demo_district_center,Non-Green Zone,10.1,11.6,18.7,7.42,No,No,458.0,No,Not Required,No,No,165.2,0.4,2.84,4.43,11.44,21.53,Plain,Agricultural,87.8,15.2,0.2,6.8,Yes,Approved,3,0,0,32.4,Partial,Low,No,Not Required,Private,Confirmed,Verified,No,Reported,No,Pending,80.3,No,,3,2,Completed,Approved,Issued,71.6,560.87,743.03,34.8,No,-1.6,No,Yes,Yes,No,Pending,1.51,2.65,6.15,Low,Low,Low,IV,Sandy,Good,42.9,Medium,SYNTHETIC_SIH26017_ENHANCED,Synthetic prototype dataset; added features are simulated and must not be represented as official parcel records.
LA-0599,Uttar Pradesh,Mathura,Airport,17.5,8,Mostly Paid,62,2,Mostly Obtained,43.4,89.6,35.0,Partially Complete,Completed,2,Compensation,0,1,119,22.427695,88.433661,synthetic_demo_district_center,Green Zone,23.6,6.8,11.9,1.26,No,No,1509.0,Yes,Not Required,No,No,718.9,0.2,2.49,3.65,7.5,12.88,Coastal,Commercial,64.0,3.2,4.3,1.6,No,Approved,6,5,3,69.5,Partial,Low,Yes,Completed,Joint,,Verified,No,Under Verification,No,Updated,59.5,No,,6,6,Pending,Pending,Issued,69.2,2276.39,2288.36,23.5,No,-15.0,Yes,Yes,Yes,Yes,In Progress,1.15,2.19,5.26,Low,Low,Low,IV,Sandy,Good,23.0,Low,SYNTHETIC_SIH26017_ENHANCED,Synthetic prototype dataset; added features are simulated and must not be represented as official parcel records.
LA-0600,Uttar Pradesh,Mathura,Highway,37.1,16,Mostly Paid,26,0,Partial,32.1,71.5,49.8,Partially Complete,Completed,4,Notification,1,0,27,16.486055,80.680616,synthetic_demo_district_center,Non-Green Zone,41.6,10.9,7.5,4.11,No,No,611.0,No,Not Required,No,No,147.7,0.8,2.08,3.03,13.62,14.14,Plain,Residential,71.8,9.1,2.7,1.7,Yes,Pending,3,1,1,44.1,Partial,Medium,Yes,In Progress,Government,,Under Review,No,Reported,No,Not Available,67.8,No,,5,0,Pending,Pending,Issued,77.7,819.01,1079.39,66.6,No,-8.8,Yes,Yes,Yes,No,Not Required,0.27,1.94,1.31,Medium,Low,High,II,Loamy,Moderate,47.5,Medium,SYNTHETIC_SIH26017_ENHANCED,Synthetic prototype dataset; added features are simulated and must not be represented as official parcel records.
LA-0601,Bihar,Bhagalpur,Metro,60.4,22,Partially Paid,10,1,Full,10.2,60.8,73.7,Partially Complete,Pending,2,Notification,1,0,34,26.72471,80.833807,synthetic_demo_district_center,Green Zone,20.8,2.3,12.7,2.61,No,No,642.0,Yes,Not Required,No,No,783.2,2.1,7.86,1.17,8.57,8.02,Plain,Industrial,58.0,5.3,0.5,2.6,No,Approved,5,2,0,23.4,Obtained,Low,Yes,In Progress,Private,,Verified,No,Clear,No,Not Available,94.3,No,,5,5,Not Required,Pending,Issued,98.0,1108.35,1809.95,56.6,No,8.4,Yes,No,Yes,Yes,Pending,0.3,1.84,1.59,Medium,High,Low,IV,Loamy,Good,38.0,Low,SYNTHETIC_SIH26017_ENHANCED,Synthetic prototype dataset; added features are simulated and must not be represented as official parcel records.
LA-0602,Gujarat,Rajkot,Airport,17.3,9,Not Started,37,2,Full,86.8,48.8,83.1,Complete,Completed,6,Rehabilitation,2,0,7,25.57196,85.076852,synthetic_demo_district_center,Green Zone,15.9,13.4,28.7,8.43,No,No,538.0,Yes,Not Required,Yes,Yes,1047.2,1.8,1.4,2.24,2.89,47.42,Plain,Wasteland,41.1,7.0,0.5,3.0,No,Not Required,8,2,3,99.6,Pending,Low,Yes,Completed,Institutional,,Under Review,No,Reported,No,Updated,81.8,No,,1,1,Not Required,Pending,Issued,75.0,2932.79,3812.86,91.3,No,22.3,No,Yes,Yes,Yes,Pending,0.99,0.72,0.56,Low,Low,Medium,III,Alluvial,Good,22.0,Low,SYNTHETIC_SIH26017_ENHANCED,Synthetic prototype dataset; added features are simulated and must not be represented as official parcel records.
LA-0603,Gujarat,Rajkot,Metro,18.0,8,Fully Paid,65,0,Full,64.8,40.0,87.4,,Partially Completed,6,Notification,1,1,145,22.981628,72.650544,synthetic_demo_district_center,Non-Green Zone,4.7,0.8,8.5,5.41,No,No,1232.0,No,Approved,No,No,1795.6,7.4,1.42,10.46,1.19,7.06,Plain,Agricultural,20.4,11.4,4.5,1.0,No,Approved,4,2,1,59.2,Disputed,Low,Yes,Planned,Private,,Verified,No,Clear,No,Updated,78.8,No,,2,2,Not Required,Partially Approved,Issued,70.8,358.91,745.93,35.4,Yes,-11.9,No,Yes,Yes,Yes,Not Required,2.99,3.59,3.8,Low,High,Low,II,Sandy,Poor,58.4,Medium,SYNTHETIC_SIH26017_ENHANCED,Synthetic prototype dataset; added features are simulated and must not be represented as official parcel records.
LA-0604,Madhya Pradesh,Gwalior,Irrigation,58.3,24,Fully Paid,1,0,Partial,56.7,93.7,36.3,Complete,Pending,3,Possession,0,0,4,13.03349,77.735245,synthetic_demo_district_center,Non-Green Zone,43.8,9.5,6.1,10.29,No,No,645.0,No,Approved,No,No,1251.1,2.8,0.25,12.56,2.34,9.42,Plain,Residential,90.3,5.1,0.4,4.3,Yes,Approved,1,0,0,60.4,Obtained,Low,No,In Progress,Private,,Verified,No,Clear,No,Pending,88.1,No,,3,3,Completed,Approved,Issued,86.2,500.8,801.96,95.0,No,-9.9,No,Yes,Yes,Yes,Not Required,2.38,0.49,3.24,High,Medium,Medium,IV,Black,Good,43.8,Medium,SYNTHETIC_SIH26017_ENHANCED,Synthetic prototype dataset; added features are simulated and must not be represented as official parcel records.
LA-0605,Karnataka,Mangaluru,Industrial,6.0,4,Mostly Paid,33,0,Partial,48.5,80.8,71.2,Partially Complete,Completed,4,Compensation,3,0,20,23.390833,85.251804,synthetic_demo_district_center,Non-Green Zone,12.4,3.5,12.6,5.85,No,No,330.0,No,Not Required,No,No,1785.1,2.3,2.41,4.09,10.61,8.89,Plain,Agricultural,57.2,2.5,1.6,2.0,Yes,Not Required,1,0,1,59.6,Pending,Medium,No,Not Required,Private,,Verified,No,Clear,No,Updated,66.0,No,,0,0,Pending,Approved,Issued,70.3,403.13,801.11,91.4,No,17.7,No,Yes,No,Yes,Not Required,2.27,3.42,1.14,High,Medium,Medium,III,Laterite,Good,46.4,Medium,SYNTHETIC_SIH26017_ENHANCED,Synthetic prototype dataset; added features are simulated and must not be represented as official parcel records.
LA-0606,West Bengal,Hooghly,Railway,18.3,5,Mostly Paid,5,2,Full,73.2,69.0,47.1,Incomplete,Completed,3,Closure,1,0,7,31.010174,75.729487,synthetic_demo_district_center,Non-Green Zone,5.6,1.8,11.3,2.36,No,No,577.0,No,Pending,No,No,422.6,8.2,3.48,4.14,5.19,7.38,Plain,Agricultural,82.3,16.2,2.3,0.1,No,Not Required,7,3,4,40.0,Obtained,Low,Yes,Planned,Private,Confirmed,Under Review,No,Clear,No,Updated,65.9,No,,4,4,Completed,Pending,Issued,59.4,1622.8,2207.78,61.7,Yes,-11.1,No,Yes,No,No,Not Required,3.19,1.97,3.7,High,Low,Medium,III,Black,Poor,44.4,Medium,SYNTHETIC_SIH26017_ENHANCED,Synthetic prototype dataset; added features are simulated and must not be represented as official parcel records.
LA-0607,Tamil Nadu,Coimbatore,Railway,28.3,11,Partially Paid,15,1,Not Started,79.0,63.9,68.1,Partially Complete,Pending,2,Planning,2,0,5,12.79003,77.742366,synthetic_demo_district_center,Buffer Zone,39.1,12.6,16.3,6.75,No,No,326.0,No,Pending,No,No,378.7,8.0,3.73,2.05,8.29,3.74,Plain,Commercial,76.2,13.1,4.5,3.2,Yes,Not Required,5,3,0,46.8,Obtained,Low,Yes,Planned,Private,,Verified,No,Clear,No,Updated,97.1,No,,4,4,Not Required,Approved,Pending,65.2,2467.82,4490.57,88.0,No,8.0,No,Yes,No,Yes,Not Required,2.32,0.51,4.86,Medium,Low,Low,II,Red,Good,39.9,Low,SYNTHETIC_SIH26017_ENHANCED,Synthetic prototype dataset; added features are simulated and must not be represented as official parcel records.
LA-0608,Odisha,Cuttack,Highway,34.4,18,Not Started,34,1,Full,61.5,91.8,41.3,Incomplete,Pending,5,Rehabilitation,0,0,32,23.005843,77.425647,synthetic_demo_district_center,Non-Green Zone,38.1,3.8,10.2,11.87,Yes,No,901.0,Yes,Pending,Yes,Yes,1258.5,6.4,3.0,5.25,5.46,8.79,Plateau,Agricultural,62.7,15.2,9.1,1.8,Yes,Pending,2,0,1,94.5,Disputed,High,No,Not Required,Private,,Verified,No,Clear,No,Updated,57.7,No,,4,4,Completed,Approved,Issued,54.5,1299.05,2369.38,53.5,No,15.5,No,Yes,No,No,Not Required,1.93,2.76,4.02,Medium,Low,Low,II,Alluvial,Good,60.4,Medium,SYNTHETIC_SIH26017_ENHANCED,Synthetic prototype dataset; added features are simulated and must not be represented as official parcel records.
LA-0609,Gujarat,Ahmedabad,Irrigation,16.7,8,Fully Paid,85,1,Partial,16.5,81.2,84.2,Complete,Partially Completed,5,Compensation,0,1,120,31.000428,75.987891,synthetic_demo_district_center,Buffer Zone,36.4,16.3,14.6,1.81,No,No,1007.0,No,Not Required,No,No,1116.2,3.5,1.75,19.67,8.39,7.01,Coastal,Agricultural,44.7,18.1,3.3,5.6,No,Not Required,4,2,1,76.6,Partial,Low,Yes,In Progress,Private,,Under Review,No,Under Verification,No,Pending,79.9,No,Pending,2,2,Pending,Approved,Issued,71.7,506.13,1013.04,86.3,No,14.5,No,Yes,Yes,No,Pending,1.69,0.29,3.49,Medium,Low,Low,II,Laterite,Good,37.0,Low,SYNTHETIC_SIH26017_ENHANCED,Synthetic prototype dataset; added features are simulated and must not be represented as official parcel records.
LA-0610,Odisha,Sambalpur,Railway,25.2,13,Mostly Paid,31,2,Full,16.8,31.2,72.5,Partially Complete,Completed,1,Planning,2,0,0,30.051757,77.998137,synthetic_demo_district_center,Non-Green Zone,20.8,13.4,9.9,2.6,No,No,821.0,No,Approved,No,No,448.6,4.4,5.82,5.85,6.26,5.55,Plain,Agricultural,44.6,6.1,3.1,0.9,No,Not Required,1,3,1,89.8,Disputed,Medium,Yes,Not Required,Institutional,Possible,Verified,No,Clear,No,Updated,72.5,No,,2,2,Pending,Partially Approved,Pending,57.8,837.3,880.22,19.2,No,-5.3,No,Yes,Yes,No,Completed,1.51,1.3,4.22,Medium,Medium,Low,III,Alluvial,Poor,47.7,Medium,SYNTHETIC_SIH26017_ENHANCED,Synthetic prototype dataset; added features are simulated and must not be represented as official parcel records.
LA-0611,Bihar,Bhagalpur,Metro,5.0,6,Partially Paid,49,0,Mostly Obtained,48.4,76.1,90.7,Incomplete,Completed,2,Notification,3,1,124,23.180007,85.086217,synthetic_demo_district_center,Non-Green Zone,21.4,4.4,20.7,2.29,No,No,1392.0,No,Approved,No,No,177.8,4.5,0.7,6.01,4.56,4.46,Plain,Agricultural,88.4,4.3,4.5,1.1,Yes,Approved,9,4,2,24.9,Obtained,High,Yes,In Progress,Government,Possible,Issue Found,Yes,Clear,No,Not Available,73.4,No,Pending,0,0,Pending,Pending,Issued,60.5,2764.81,4399.76,53.2,No,17.6,No,Yes,Yes,No,Not Required,2.01,5.04,2.47,Low,Medium,Medium,II,Loamy,Good,45.3,Medium,SYNTHETIC_SIH26017_ENHANCED,Synthetic prototype dataset; added features are simulated and must not be represented as official parcel records.
LA-0612,Odisha,Cuttack,Metro,15.0,8,Not Started,37,1,Partial,83.3,13.3,49.3,Partially Complete,Partially Completed,2,Compensation,1,0,8,22.922009,72.695065,synthetic_demo_district_center,Non-Green Zone,22.7,3.1,20.7,11.82,No,No,610.0,No,Approved,No,No,481.2,1.1,1.08,14.62,0.67,12.33,Plateau,Agricultural,88.7,23.2,7.8,4.1,No,Approved,11,4,3,67.3,Partial,High,Yes,Completed,Government,,Under Review,No,Clear,No,Updated,97.3,No,,3,2,Completed,Pending,Issued,89.9,1839.08,3735.74,86.8,No,27.8,No,Yes,Yes,No,Not Required,2.57,2.76,2.45,Low,Low,Low,IV,Sandy,Moderate,40.5,Medium,SYNTHETIC_SIH26017_ENHANCED,Synthetic prototype dataset; added features are simulated and must not be represented as official parcel records.
LA-0613,Tamil Nadu,Tiruchirappalli,Industrial,34.5,21,Not Started,16,2,Partial,68.9,82.2,79.7,Incomplete,Completed,2,Compensation,2,0,6,20.367622,85.743588,synthetic_demo_district_center,Non-Green Zone,6.9,3.0,21.4,1.09,No,Yes,545.0,No,Not Required,No,No,1545.4,7.0,1.18,2.77,4.87,8.92,Plateau,Agricultural,66.8,8.5,0.5,2.2,No,Not Required,3,1,0,56.7,Obtained,Low,Yes,Not Required,Institutional,,Under Review,No,Clear,No,Updated,74.4,No,,3,3,Pending,Partially Approved,Issued,63.6,1344.66,1585.82,32.5,No,-10.6,No,Yes,Yes,Yes,Not Required,0.33,3.66,1.15,Low,Low,Medium,IV,Red,Good,42.0,Medium,SYNTHETIC_SIH26017_ENHANCED,Synthetic prototype dataset; added features are simulated and must not be represented as official parcel records.
LA-0614,Maharashtra,Pune,Irrigation,11.7,6,Partially Paid,42,1,Mostly Obtained,58.6,80.0,58.5,Partially Complete,Pending,6,Compensation,1,1,165,20.267188,85.736018,synthetic_demo_district_center,Non-Green Zone,34.1,26.4,25.4,12.4,No,Yes,809.0,No,Not Required,No,No,53.3,2.2,4.32,9.56,7.71,32.08,Plain,Agricultural,68.0,3.7,2.2,4.4,No,Not Required,3,2,1,96.4,Obtained,Medium,Yes,Completed,Private,,Verified,No,Clear,No,Pending,66.0,No,Pending,2,2,Pending,Approved,Pending,54.7,521.07,1131.83,31.5,No,13.0,Yes,Yes,Yes,No,Completed,0.24,12.47,3.33,Low,Medium,Low,II,Black,Good,32.4,Low,SYNTHETIC_SIH26017_ENHANCED,Synthetic prototype dataset; added features are simulated and must not be represented as official parcel records.
LA-0615,Tamil Nadu,Madurai,Airport,25.6,11,Fully Paid,10,0,Mostly Obtained,51.6,50.2,46.1,Complete,Completed,6,Closure,0,0,19,25.559406,85.049864,synthetic_demo_district_center,Non-Green Zone,34.5,5.2,7.7,2.29,No,Yes,297.0,No,Not Required,No,No,1740.8,2.7,9.06,3.93,5.97,2.15,Plain,Agricultural,74.2,5.7,2.7,2.0,No,Not Required,5,3,3,57.1,Obtained,Low,Yes,Completed,Joint,Possible,Under Review,No,Clear,No,Updated,57.2,No,,4,4,Completed,Approved,Pending,52.0,351.98,746.26,51.2,Yes,-12.1,No,No,No,No,In Progress,1.97,3.99,5.05,Low,Low,Low,IV,Sandy,Poor,42.0,Medium,SYNTHETIC_SIH26017_ENHANCED,Synthetic prototype dataset; added features are simulated and must not be represented as official parcel records.
LA-0616,Odisha,Sambalpur,Railway,34.3,18,,30,0,Partial,57.0,68.3,40.6,Complete,Pending,5,Compensation,0,0,11,23.30998,85.169583,synthetic_demo_district_center,Non-Green Zone,27.8,9.2,6.8,6.62,No,No,587.0,No,Approved,No,No,497.3,1.8,3.58,8.72,4.76,10.19,Hilly,Commercial,81.2,3.4,4.0,3.7,Yes,Not Required,9,1,0,83.9,Obtained,Low,Yes,In Progress,Joint,,Issue Found,Yes,Under Verification,No,Updated,75.8,No,,1,1,Not Required,Partially Approved,Pending,83.9,1561.23,2565.91,41.0,No,-13.0,No,Yes,Yes,No,Not Required,2.07,2.99,4.65,Low,Low,Medium,III,Red,Moderate,55.5,Medium,SYNTHETIC_SIH26017_ENHANCED,Synthetic prototype dataset; added features are simulated and must not be represented as official parcel records.
LA-0617,Tamil Nadu,Tiruchirappalli,Irrigation,19.0,13,Fully Paid,73,2,Full,33.3,71.9,82.8,Partially Complete,Completed,5,Compensation,2,0,5,26.974557,81.069649,synthetic_demo_district_center,Non-Green Zone,20.2,5.2,19.8,10.26,Yes,No,422.0,Yes,Approved,No,No,1653.0,5.0,7.47,5.84,9.11,12.26,Plain,Agricultural,79.8,4.9,1.8,0.4,No,Pending,7,7,1,23.4,Obtained,Low,Yes,Planned,Private,Possible,Under Review,No,Clear,No,Updated,60.9,No,Disposed,2,2,Pending,Partially Approved,Issued,90.1,1451.42,1482.46,28.6,No,-1.4,No,No,No,No,Not Required,0.96,3.88,3.36,High,High,Low,III,Laterite,Poor,37.3,Low,SYNTHETIC_SIH26017_ENHANCED,Synthetic prototype dataset; added features are simulated and must not be represented as official parcel records.
LA-0618,Rajasthan,Kota,Irrigation,27.9,12,Fully Paid,35,0,Partial,32.2,39.7,70.9,Incomplete,Pending,5,Rehabilitation,0,1,125,25.724397,84.956846,synthetic_demo_district_center,Green Zone,8.1,10.8,23.5,1.74,No,No,648.0,Yes,Not Required,No,No,916.1,1.7,3.84,5.13,11.2,14.73,Plain,Industrial,78.0,1.8,3.4,1.3,No,Not Required,17,5,3,79.5,Obtained,Low,Yes,In Progress,Institutional,,Under Review,No,Clear,No,Pending,67.4,No,,3,3,Completed,Approved,Issued,89.8,1648.79,2793.82,71.2,Yes,-10.6,No,No,No,No,Not Required,0.71,1.81,5.02,Low,Low,Low,V,Sandy,Good,40.4,Medium,SYNTHETIC_SIH26017_ENHANCED,Synthetic prototype dataset; added features are simulated and must not be represented as official parcel records.
LA-0619,Bihar,Nalanda,Industrial,11.9,4,Fully Paid,37,2,Partial,50.7,28.8,90.3,Complete,Completed,4,Rehabilitation,1,0,0,27.234854,80.846382,synthetic_demo_district_center,Buffer Zone,7.0,6.5,23.3,5.52,No,No,568.0,No,Not Required,Yes,Yes,111.8,4.3,2.38,6.41,3.68,7.59,Plateau,Residential,71.2,16.1,1.4,4.0,No,Approved,5,1,2,41.1,Obtained,High,Yes,Planned,Private,,Verified,No,Reported,No,Updated,86.5,No,Pending,4,3,Not Required,Pending,Issued,85.6,1311.68,2801.86,20.2,No,-14.7,No,Yes,Yes,Yes,Pending,5.01,1.52,2.55,Low,Low,Medium,II,Black,Good,30.7,Low,SYNTHETIC_SIH26017_ENHANCED,Synthetic prototype dataset; added features are simulated and must not be represented as official parcel records.
LA-0620,West Bengal,Kolkata,Airport,21.0,11,Mostly Paid,23,0,Not Started,25.2,86.1,60.0,Partially Complete,Partially Completed,4,Planning,4,1,147,31.00828,75.820384,synthetic_demo_district_center,Green Zone,29.6,6.0,35.0,3.28,No,No,94.0,Yes,Not Required,No,No,429.4,1.8,7.15,9.52,9.72,5.07,Coastal,Commercial,82.2,5.4,6.8,2.6,No,Approved,5,2,0,46.7,Partial,Low,Yes,Not Required,Private,Confirmed,Issue Found,Yes,Clear,No,Updated,84.9,No,,2,0,Pending,Approved,Issued,77.7,654.71,1237.52,19.3,Yes,11.7,No,Yes,Yes,No,Not Required,2.78,3.85,4.48,Low,High,Medium,II,Red,Good,63.9,Medium,SYNTHETIC_SIH26017_ENHANCED,Synthetic prototype dataset; added features are simulated and must not be represented as official parcel records.
LA-0621,Maharashtra,Pune,Highway,38.8,20,Partially Paid,7,2,Full,23.2,95.2,83.0,Partially Complete,Completed,5,Rehabilitation,0,1,155,26.633484,81.071356,synthetic_demo_district_center,Green Zone,11.0,1.7,5.5,4.84,No,No,924.0,Yes,Pending,No,No,242.4,5.5,0.85,2.01,5.94,19.8,Plain,Agricultural,86.4,2.2,0.5,2.2,Yes,Not Required,4,1,1,65.9,Obtained,Low,Yes,Planned,Private,,Issue Found,Yes,Clear,No,Pending,61.3,No,Disposed,0,0,Not Required,Partially Approved,Issued,78.3,2892.16,5354.6,1.2,No,13.6,No,No,No,Yes,Not Required,2.02,4.3,4.07,Medium,Low,Low,III,Alluvial,Moderate,49.3,Medium,SYNTHETIC_SIH26017_ENHANCED,Synthetic prototype dataset; added features are simulated and must not be represented as official parcel records.
LA-0622,Gujarat,Vadodara,Highway,27.6,11,Fully Paid,25,1,Not Started,41.0,71.7,36.8,Complete,Completed,3,Compensation,2,0,14,20.425097,85.870516,synthetic_demo_district_center,Non-Green Zone,8.2,4.3,8.7,7.01,No,No,516.0,No,Pending,Yes,Yes,965.2,5.5,3.09,6.38,8.32,4.22,Plateau,Residential,63.3,10.0,1.3,1.9,No,Approved,7,2,0,21.2,Partial,Low,Yes,In Progress,Private,,Under Review,No,Clear,No,Updated,67.6,No,,2,1,Not Required,Partially Approved,Issued,62.9,426.82,541.37,9.3,Yes,32.5,Yes,Yes,No,No,In Progress,1.53,3.94,0.65,Low,Low,Low,IV,Loamy,Good,54.4,Medium,SYNTHETIC_SIH26017_ENHANCED,Synthetic prototype dataset; added features are simulated and must not be represented as official parcel records.
LA-0623,Uttar Pradesh,Kanpur Nagar,Irrigation,15.8,8,Partially Paid,56,1,Partial,89.8,23.6,80.7,Complete,Completed,4,Notification,1,0,11,12.792247,77.820491,synthetic_demo_district_center,Non-Green Zone,35.9,7.3,21.2,1.81,No,No,535.0,No,Not Required,Yes,Yes,995.9,5.0,4.82,9.7,6.12,6.48,Coastal,Government,48.4,3.0,4.5,7.1,No,Pending,2,0,0,63.3,Obtained,Low,No,Planned,Government,,Under Review,No,Reported,Yes,Pending,68.7,No,,3,3,Not Required,Partially Approved,Issued,72.7,1065.49,1536.99,28.8,No,-8.7,No,Yes,Yes,Yes,Not Required,6.53,0.43,1.59,Low,Low,High,IV,Black,Good,52.7,Medium,SYNTHETIC_SIH26017_ENHANCED,Synthetic prototype dataset; added features are simulated and must not be represented as official parcel records.
LA-0624,West Bengal,Howrah,Metro,29.0,15,Partially Paid,40,0,Full,29.5,18.1,63.5,Complete,Partially Completed,6,Notification,3,0,5,26.75552,80.771227,synthetic_demo_district_center,Non-Green Zone,52.1,4.7,8.2,4.51,No,No,489.0,No,Pending,No,No,521.1,2.3,4.5,7.82,10.39,18.8,Plain,Commercial,33.2,13.3,3.9,3.4,No,Not Required,6,2,2,58.8,Partial,Low,Yes,Not Required,Private,,Under Review,No,Clear,No,Pending,69.4,Yes,Pending,6,6,Not Required,Pending,Pending,59.0,1098.99,2383.55,30.1,No,30.6,Yes,Yes,Yes,No,Not Required,3.13,1.57,3.66,Medium,High,Low,IV,Alluvial,Good,52.0,Medium,SYNTHETIC_SIH26017_ENHANCED,Synthetic prototype dataset; added features are simulated and must not be represented as official parcel records.
LA-0625,Uttar Pradesh,Kanpur Nagar,Irrigation,41.9,22,Partially Paid,10,2,Partial,65.9,59.5,54.9,Complete,Pending,4,Planning,2,0,21,18.973645,72.835767,synthetic_demo_district_center,Green Zone,19.8,9.4,7.9,7.07,No,No,1070.0,Yes,Not Required,No,No,66.4,6.5,1.88,2.71,13.92,6.2,Plateau,Government,67.5,8.4,0.5,3.3,Yes,Approved,10,6,2,40.1,Partial,Low,Yes,Not Required,Institutional,,Verified,No,Clear,No,Updated,59.2,No,,3,2,Completed,Pending,Issued,94.6,529.5,660.73,42.0,No,14.3,No,No,Yes,Yes,Not Required,0.34,2.44,3.06,Medium,Low,Low,II,Laterite,Poor,32.9,Low,SYNTHETIC_SIH26017_ENHANCED,Synthetic prototype dataset; added features are simulated and must not be represented as official parcel records.
LA-0626,Bihar,Nalanda,Irrigation,5.3,2,Mostly Paid,4,1,Partial,25.1,58.2,83.3,Complete,Completed,4,Compensation,1,1,68,26.780387,75.864317,synthetic_demo_district_center,Non-Green Zone,7.8,7.9,16.8,10.15,No,Yes,1444.0,No,Approved,Yes,Yes,416.7,1.9,1.02,11.0,4.29,4.17,Plateau,Agricultural,87.5,18.1,1.6,1.8,Yes,Approved,2,0,0,44.7,Pending,Low,No,Planned,Private,,Under Review,No,Under Verification,No,Not Available,83.9,No,,4,3,Not Required,Pending,Issued,69.9,135.74,184.89,72.6,Yes,6.9,Yes,Yes,Yes,Yes,Pending,3.41,4.98,2.65,Low,Low,Low,II,Sandy,Moderate,47.8,Medium,SYNTHETIC_SIH26017_ENHANCED,Synthetic prototype dataset; added features are simulated and must not be represented as official parcel records.
LA-0627,Maharashtra,Nashik,Highway,58.5,23,Partially Paid,16,1,Partial,61.7,69.8,79.2,Complete,Completed,4,Notification,2,0,9,27.209134,75.78655,synthetic_demo_district_center,Non-Green Zone,16.3,1.2,16.3,1.19,No,No,832.0,No,Approved,No,No,531.6,0.5,2.4,12.59,14.61,14.44,Plain,Industrial,52.8,10.6,4.6,7.0,No,Not Required,6,3,0,34.3,Partial,Low,Yes,Completed,Private,,Verified,No,Under Verification,No,Updated,88.3,No,,3,3,Completed,Approved,Issued,77.5,1139.07,2079.45,83.8,Yes,-12.8,No,No,Yes,No,Not Required,0.35,4.69,0.36,Medium,Medium,Low,IV,Alluvial,Good,44.5,Medium,SYNTHETIC_SIH26017_ENHANCED,Synthetic prototype dataset; added features are simulated and must not be represented as official parcel records.
LA-0628,Madhya Pradesh,Gwalior,Irrigation,19.1,9,Partially Paid,25,1,Mostly Obtained,24.4,92.2,40.3,Complete,Completed,1,Compensation,0,0,7,26.069783,91.778501,synthetic_demo_district_center,Non-Green Zone,60.3,11.9,2.9,4.7,No,No,173.0,No,Pending,No,No,1524.3,5.3,0.99,4.19,6.58,10.59,Hilly,Agricultural,62.5,10.5,6.2,2.3,Yes,Not Required,4,0,2,97.8,Obtained,Medium,No,In Progress,Institutional,Possible,Verified,No,Clear,No,Pending,70.0,Yes,,2,2,Completed,Partially Approved,Pending,73.8,1574.91,2097.39,81.2,Yes,-9.8,No,Yes,No,Yes,Not Required,1.77,2.07,9.75,Low,Low,Low,II,Sandy,Moderate,57.6,Medium,SYNTHETIC_SIH26017_ENHANCED,Synthetic prototype dataset; added features are simulated and must not be represented as official parcel records.
LA-0629,Gujarat,Vadodara,Metro,33.8,13,,27,1,Mostly Obtained,58.7,51.0,41.1,Partially Complete,Completed,4,Possession,0,1,147,20.264156,85.907395,synthetic_demo_district_center,Non-Green Zone,18.8,12.0,20.4,10.92,No,No,849.0,No,Pending,Yes,Yes,1264.3,2.6,0.46,8.14,5.29,7.75,Hilly,Agricultural,43.9,5.8,0.9,4.5,Yes,Pending,4,2,0,79.8,Obtained,High,Yes,Not Required,Private,Possible,Verified,No,Clear,No,Pending,73.3,No,,5,1,Completed,Approved,Issued,86.3,578.24,589.08,27.4,No,33.5,Yes,Yes,No,Yes,In Progress,1.27,2.93,7.03,Low,Medium,High,II,Red,Moderate,39.2,Low,SYNTHETIC_SIH26017_ENHANCED,Synthetic prototype dataset; added features are simulated and must not be represented as official parcel records.
LA-0630,Rajasthan,Jodhpur,Metro,60.2,27,Fully Paid,27,2,Full,35.5,75.1,73.2,Partially Complete,Completed,3,Rehabilitation,2,0,7,10.132607,76.26523,synthetic_demo_district_center,Green Zone,12.8,2.7,10.9,5.95,No,No,386.0,Yes,Not Required,No,No,1486.7,1.3,0.24,8.38,10.35,4.95,Coastal,Commercial,72.0,4.2,6.0,1.1,No,Not Required,4,1,1,22.1,Obtained,Medium,Yes,Not Required,Private,,Under Review,No,Clear,No,Updated,75.9,No,,1,1,Pending,Approved,Pending,96.4,677.32,880.63,26.2,No,-13.1,No,Yes,Yes,No,In Progress,1.96,0.16,6.37,High,Low,Low,II,Alluvial,Good,61.1,Medium,SYNTHETIC_SIH26017_ENHANCED,Synthetic prototype dataset; added features are simulated and must not be represented as official parcel records.
LA-0631,Madhya Pradesh,Bhopal,Industrial,8.8,5,Mostly Paid,30,2,Full,49.0,23.5,48.0,Partially Complete,Pending,1,Possession,0,0,16,13.012965,77.632747,synthetic_demo_district_center,Non-Green Zone,9.4,6.1,10.1,8.55,No,No,962.0,No,Not Required,No,No,1128.8,4.2,1.73,3.97,11.11,6.78,Plain,Commercial,55.3,8.1,5.7,6.4,No,Approved,10,4,0,66.5,Partial,High,Yes,Planned,Joint,,Under Review,No,Under Verification,No,Updated,55.3,No,Pending,0,0,Not Required,Pending,Pending,67.5,1755.21,2947.89,29.7,No,12.4,Yes,Yes,Yes,No,Completed,0.18,2.2,5.53,High,Low,Low,IV,Red,Good,52.6,Medium,SYNTHETIC_SIH26017_ENHANCED,Synthetic prototype dataset; added features are simulated and must not be represented as official parcel records.
LA-0632,Bihar,Gaya,Airport,14.4,10,Fully Paid,41,1,Mostly Obtained,54.4,62.0,95.5,Partially Complete,Completed,6,Possession,0,0,15,23.364509,85.295976,synthetic_demo_district_center,Green Zone,32.5,9.4,13.2,13.18,No,Yes,1070.0,Yes,Not Required,No,No,1732.1,2.7,1.44,4.99,3.26,18.0,Plain,Agricultural,42.7,4.6,2.3,6.2,No,Approved,1,0,0,40.3,Pending,Low,No,In Progress,Private,,Verified,No,Under Verification,No,Pending,80.0,No,,0,0,Not Required,Partially Approved,Issued,83.2,115.84,216.1,54.3,Yes,-12.9,Yes,Yes,No,Yes,Not Required,2.47,6.52,5.44,Medium,High,Low,III,Laterite,Moderate,44.1,Medium,SYNTHETIC_SIH26017_ENHANCED,Synthetic prototype dataset; added features are simulated and must not be represented as official parcel records.
LA-0633,West Bengal,Darjeeling,Highway,19.8,7,Partially Paid,22,0,Mostly Obtained,34.4,92.0,31.9,Incomplete,Pending,6,Rehabilitation,1,0,0,22.546261,88.432255,synthetic_demo_district_center,Green Zone,33.6,12.3,28.2,2.84,No,No,555.0,Yes,Not Required,No,No,348.2,2.7,0.09,8.42,3.89,21.02,Coastal,Agricultural,59.4,7.1,3.1,2.6,No,Pending,11,1,1,26.6,Obtained,Low,Yes,In Progress,Joint,,Verified,No,Clear,No,Not Available,80.4,Yes,Pending,3,3,Completed,Approved,Issued,58.3,1368.19,2561.6,38.7,No,18.3,No,Yes,Yes,Yes,Not Required,1.05,1.69,5.91,Low,Low,Low,III,Red,Good,40.6,Medium,SYNTHETIC_SIH26017_ENHANCED,Synthetic prototype dataset; added features are simulated and must not be represented as official parcel records.
LA-0634,Rajasthan,Jaipur,Metro,13.6,8,Partially Paid,13,0,Mostly Obtained,30.4,86.2,51.5,Incomplete,Partially Completed,4,Rehabilitation,2,0,11,23.374495,85.409073,synthetic_demo_district_center,Non-Green Zone,39.3,8.5,16.7,2.7,No,No,2393.0,No,Not Required,No,No,220.4,2.1,3.01,16.81,13.42,18.67,Plain,Agricultural,82.0,5.0,7.9,2.0,No,Pending,17,3,1,99.3,Partial,Low,Yes,Planned,Joint,,Under Review,No,Clear,No,Updated,59.1,No,,5,4,Completed,Approved,Issued,70.9,5176.67,11026.27,73.1,No,1.5,No,No,Yes,No,Completed,3.92,0.46,0.65,Low,Low,Medium,III,Loamy,Moderate,32.2,Low,SYNTHETIC_SIH26017_ENHANCED,Synthetic prototype dataset; added features are simulated and must not be represented as official parcel records.
LA-0635,Tamil Nadu,Madurai,Power,90.1,33,Mostly Paid,45,0,Partial,73.8,44.7,83.0,Incomplete,Partially Completed,2,Rehabilitation,2,0,0,12.936841,77.625542,synthetic_demo_district_center,Non-Green Zone,4.4,4.4,16.9,6.61,No,No,847.0,No,Not Required,No,No,376.4,0.9,0.52,1.67,7.53,24.83,Plain,Government,84.0,9.5,6.7,3.0,No,Pending,14,5,2,59.4,Partial,Low,Yes,Not Required,Joint,Possible,Under Review,No,Clear,No,Updated,92.6,No,,4,4,Pending,Pending,Issued,95.7,634.09,1248.39,30.3,No,10.0,No,Yes,Yes,No,Pending,2.39,1.9,6.85,Low,Low,Low,III,Black,Moderate,66.7,Medium,SYNTHETIC_SIH26017_ENHANCED,Synthetic prototype dataset; added features are simulated and must not be represented as official parcel records.
LA-0636,Odisha,Cuttack,Power,12.9,6,Mostly Paid,56,0,Mostly Obtained,20.1,89.6,89.1,Complete,Pending,1,Notification,1,1,83,12.989572,80.489818,synthetic_demo_district_center,Non-Green Zone,9.4,11.3,13.5,4.56,No,Yes,871.0,No,Not Required,No,No,329.7,6.6,2.57,4.37,10.16,9.28,Plain,Agricultural,41.9,20.7,1.7,0.1,No,Pending,4,0,0,28.6,Pending,Low,No,Completed,Government,,Verified,No,Clear,Yes,Pending,64.0,No,,5,5,Completed,Pending,Issued,75.2,149.45,238.28,75.5,Yes,-12.7,No,Yes,No,No,Completed,1.98,1.21,1.21,Low,Medium,High,II,Laterite,Good,51.4,Medium,SYNTHETIC_SIH26017_ENHANCED,Synthetic prototype dataset; added features are simulated and must not be represented as official parcel records.
LA-0637,Rajasthan,Ajmer,Power,16.2,7,Mostly Paid,19,1,Full,65.0,27.8,73.1,Incomplete,Completed,6,Notification,1,0,5,9.92323,76.267581,synthetic_demo_district_center,Non-Green Zone,23.2,3.8,7.0,3.24,No,No,384.0,No,Not Required,No,No,1462.1,3.2,0.25,0.57,2.7,7.99,Plain,Government,75.8,6.8,3.5,11.8,Yes,Not Required,11,3,1,52.0,Disputed,Low,Yes,Planned,Private,,Verified,No,Clear,No,Updated,71.9,No,,2,1,Pending,Pending,Issued,96.7,2938.25,3713.81,51.6,No,31.1,No,Yes,Yes,No,Completed,1.6,7.15,5.09,Medium,Low,Low,IV,Laterite,Good,55.0,Medium,SYNTHETIC_SIH26017_ENHANCED,Synthetic prototype dataset; added features are simulated and must not be represented as official parcel records.
LA-0638,Bihar,Bhagalpur,Highway,28.6,16,Fully Paid,107,0,Partial,23.0,33.8,50.8,Partially Complete,Pending,4,Possession,1,1,104,26.786583,81.044647,synthetic_demo_district_center,Non-Green Zone,12.0,4.3,4.7,2.58,No,No,1001.0,No,Not Required,No,No,1472.2,4.9,1.36,1.82,11.15,6.29,Plain,Residential,83.7,7.4,2.6,2.3,No,Not Required,4,1,0,86.1,Pending,Medium,Yes,Not Required,Private,,Under Review,No,Clear,No,Pending,95.1,Yes,,5,1,Not Required,Approved,Pending,61.3,445.2,590.37,2.3,No,-10.1,No,Yes,Yes,No,Pending,0.91,7.72,6.89,Low,Low,Medium,III,Alluvial,Good,29.1,Low,SYNTHETIC_SIH26017_ENHANCED,Synthetic prototype dataset; added features are simulated and must not be represented as official parcel records.
LA-0639,Karnataka,Mangaluru,Railway,10.0,7,Fully Paid,82,0,Partial,42.9,67.1,44.1,Complete,Completed,3,Compensation,0,1,59,30.973019,75.878168,synthetic_demo_district_center,Non-Green Zone,26.3,19.4,7.8,1.4,No,No,542.0,No,Not Required,Yes,Yes,1332.3,2.7,1.0,3.2,3.69,4.71,Plain,Industrial,50.2,2.5,3.8,2.3,No,Not Required,12,1,0,98.0,Obtained,Low,Yes,Planned,Private,,Verified,No,Clear,Yes,Updated,75.1,No,,4,2,Pending,Partially Approved,Issued,63.8,994.12,1209.46,4.7,No,-12.3,No,Yes,Yes,No,Pending,0.55,2.9,5.03,Low,Medium,Low,IV,Laterite,Moderate,36.7,Low,SYNTHETIC_SIH26017_ENHANCED,Synthetic prototype dataset; added features are simulated and must not be represented as official parcel records.
LA-0640,Odisha,Ganjam,Railway,18.2,8,Fully Paid,11,2,Partial,80.4,21.1,82.2,Complete,Completed,5,Notification,0,0,4,17.477937,78.553767,synthetic_demo_district_center,Non-Green Zone,42.9,12.7,13.1,13.93,Yes,No,743.0,Yes,Pending,No,No,1244.5,6.8,2.0,8.37,1.21,8.63,Plain,Residential,54.1,1.3,1.3,1.7,Yes,Approved,5,1,1,97.9,Disputed,Medium,Yes,Completed,Private,,Verified,No,Clear,No,Updated,97.5,No,,5,2,Completed,Pending,Pending,72.4,1313.9,2074.1,37.0,No,32.6,No,Yes,No,Yes,Not Required,1.69,4.9,1.74,Low,Medium,Low,III,Sandy,Good,50.4,Medium,SYNTHETIC_SIH26017_ENHANCED,Synthetic prototype dataset; added features are simulated and must not be represented as official parcel records.
LA-0641,Uttar Pradesh,Agra,Irrigation,31.1,14,Partially Paid,5,1,Partial,70.0,44.8,90.4,Partially Complete,Pending,6,Notification,1,1,104,25.435197,85.053566,synthetic_demo_district_center,Green Zone,2.7,14.2,19.2,5.89,No,No,1077.0,Yes,Pending,Yes,Yes,949.7,5.1,1.13,9.4,17.92,9.03,Plateau,Government,62.7,11.6,4.4,2.8,No,Not Required,16,10,3,65.0,Pending,Medium,Yes,Completed,Private,,Verified,No,Clear,No,Not Available,58.7,Yes,,3,3,Completed,Pending,Issued,67.8,595.96,991.9,13.6,Yes,19.4,No,No,Yes,No,In Progress,0.24,5.99,2.77,Low,High,Medium,II,Black,Good,47.8,Medium,SYNTHETIC_SIH26017_ENHANCED,Synthetic prototype dataset; added features are simulated and must not be represented as official parcel records.
LA-0642,Gujarat,Surat,Railway,19.1,15,Partially Paid,26,2,Not Started,74.3,55.6,32.6,Complete,Partially Completed,4,Closure,1,1,156,12.909498,77.470026,synthetic_demo_district_center,Non-Green Zone,10.2,10.9,15.0,4.76,No,No,524.0,No,Not Required,No,No,792.6,2.4,2.06,3.59,3.99,6.94,Plateau,Agricultural,80.1,15.7,1.1,0.9,No,Pending,6,2,0,90.1,Pending,Low,Yes,Completed,Joint,Confirmed,Under Review,No,Under Verification,Yes,Updated,83.7,No,,1,1,Completed,Partially Approved,Pending,64.2,1189.22,1479.24,48.0,Yes,9.4,No,Yes,Yes,No,Not Required,1.34,3.13,1.15,Low,Low,Medium,III,Sandy,Moderate,38.0,Low,SYNTHETIC_SIH26017_ENHANCED,Synthetic prototype dataset; added features are simulated and must not be represented as official parcel records.
LA-0643,Uttar Pradesh,Kanpur Nagar,Highway,22.9,9,Mostly Paid,37,2,Partial,59.2,91.4,62.1,Complete,Completed,2,Compensation,1,0,21,13.088386,77.284073,synthetic_demo_district_center,Non-Green Zone,15.2,9.1,27.5,0.32,No,No,551.0,No,Not Required,No,No,842.5,0.3,1.18,9.46,7.35,8.66,Plain,Government,47.6,3.7,1.8,6.0,No,Not Required,15,6,3,53.8,Pending,High,Yes,Not Required,Institutional,,Verified,No,Clear,No,Pending,77.0,No,,6,0,Completed,Approved,Issued,93.0,786.43,1345.13,23.8,No,-6.6,No,Yes,Yes,No,Pending,1.34,4.1,1.96,Low,High,Low,III,Alluvial,Moderate,27.5,Low,SYNTHETIC_SIH26017_ENHANCED,Synthetic prototype dataset; added features are simulated and must not be represented as official parcel records.
LA-0644,Rajasthan,Jodhpur,Airport,16.5,4,Not Started,106,1,Partial,47.4,63.1,90.7,Complete,Completed,3,Compensation,0,0,17,19.020165,72.882241,synthetic_demo_district_center,Non-Green Zone,18.5,2.1,5.8,4.08,No,No,742.0,No,Pending,Yes,Yes,469.0,2.8,1.64,5.92,13.75,22.67,Plain,Agricultural,49.3,12.9,0.2,1.7,No,Not Required,12,4,3,65.5,Obtained,Low,Yes,In Progress,Government,,Under Review,No,Reported,No,Updated,61.4,No,,4,3,Pending,Pending,Issued,98.8,3533.62,7087.52,30.3,No,-12.1,No,Yes,Yes,No,Not Required,2.42,2.11,4.56,Low,Low,High,II,Red,Poor,47.5,Medium,SYNTHETIC_SIH26017_ENHANCED,Synthetic prototype dataset; added features are simulated and must not be represented as official parcel records.
LA-0645,Uttar Pradesh,Meerut,Highway,7.9,3,Partially Paid,104,0,Mostly Obtained,19.3,68.4,82.7,Partially Complete,Completed,6,Planning,1,0,8,20.503059,85.94089,synthetic_demo_district_center,Green Zone,25.4,12.1,20.4,4.16,No,No,479.0,Yes,Pending,Yes,Yes,1677.0,6.4,0.78,9.85,6.84,2.36,Coastal,Agricultural,66.5,18.3,4.2,0.1,Yes,Not Required,2,1,0,82.6,Obtained,Medium,Yes,Completed,Private,,Verified,No,Clear,No,Updated,68.3,No,,5,4,Completed,Approved,Issued,55.1,230.69,234.27,32.1,No,32.7,No,No,Yes,No,Not Required,2.79,2.33,3.62,Medium,Low,Low,III,Black,Poor,24.6,Low,SYNTHETIC_SIH26017_ENHANCED,Synthetic prototype dataset; added features are simulated and must not be represented as official parcel records.
LA-0646,Bihar,Patna,Airport,31.2,17,Partially Paid,49,0,Partial,78.8,68.5,75.7,Incomplete,Completed,1,Rehabilitation,2,0,0,12.889897,77.587157,synthetic_demo_district_center,Non-Green Zone,15.2,6.7,9.0,2.94,No,No,150.0,No,Pending,No,No,972.2,3.5,1.47,15.56,5.37,5.05,Plain,Residential,92.9,16.3,2.9,2.8,No,Not Required,17,5,5,90.3,Pending,Low,Yes,Not Required,Joint,Possible,Verified,No,Reported,No,Pending,62.9,No,Disposed,2,2,Pending,Pending,Issued,82.5,1196.79,1309.85,98.0,Yes,11.3,No,Yes,No,Yes,In Progress,5.0,2.45,1.36,Low,Low,Medium,III,Alluvial,Moderate,47.3,Medium,SYNTHETIC_SIH26017_ENHANCED,Synthetic prototype dataset; added features are simulated and must not be represented as official parcel records.
LA-0647,Tamil Nadu,Tiruchirappalli,Power,91.5,36,Partially Paid,22,0,Mostly Obtained,63.9,49.8,53.2,Partially Complete,Pending,3,Compensation,2,1,121,23.216127,85.19858,synthetic_demo_district_center,Non-Green Zone,6.5,13.4,18.5,5.28,No,No,190.0,No,Not Required,No,No,64.5,5.0,1.65,1.09,3.85,7.35,Plain,Wasteland,31.8,9.6,1.2,0.5,No,Approved,6,1,1,53.5,Obtained,Medium,Yes,Completed,Private,Possible,Verified,No,Clear,No,Updated,58.9,No,,3,1,Completed,Approved,Issued,70.1,2255.77,3438.71,66.2,No,12.2,No,Yes,Yes,No,Pending,2.12,2.16,0.82,High,Low,Low,II,Black,Moderate,38.7,Low,SYNTHETIC_SIH26017_ENHANCED,Synthetic prototype dataset; added features are simulated and must not be represented as official parcel records.
LA-0648,West Bengal,Darjeeling,Irrigation,24.9,13,Not Started,68,0,Full,82.0,72.7,50.3,Partially Complete,Completed,4,Planning,0,1,120,16.532954,80.477845,synthetic_demo_district_center,Non-Green Zone,29.2,4.4,6.5,3.16,No,No,335.0,No,Not Required,No,No,156.9,5.3,3.9,4.24,3.07,19.26,Plain,Commercial,47.8,2.2,6.8,1.5,No,Approved,2,2,0,87.4,Obtained,Low,Yes,Not Required,Private,,Under Review,No,Clear,Yes,Updated,87.2,No,Pending,1,1,Completed,Partially Approved,Issued,52.2,447.25,627.38,13.9,No,27.0,No,Yes,Yes,No,In Progress,0.6,3.64,5.04,Low,Low,Low,IV,Black,Good,33.5,Low,SYNTHETIC_SIH26017_ENHANCED,Synthetic prototype dataset; added features are simulated and must not be represented as official parcel records.
LA-0649,Gujarat,Surat,Railway,29.0,10,Not Started,33,1,Full,6.6,53.7,77.0,Complete,Completed,6,Closure,0,0,4,26.782583,80.846309,synthetic_demo_district_center,Non-Green Zone,15.6,12.5,2.1,1.27,No,Yes,364.0,No,Approved,Yes,Yes,366.0,4.3,1.87,2.35,2.55,24.73,Plateau,Agricultural,44.7,12.6,3.6,3.8,No,Approved,9,2,1,53.3,Disputed,High,Yes,Planned,Private,Confirmed,Verified,No,Reported,No,Updated,69.3,No,Pending,5,3,Not Required,Pending,Pending,80.1,1177.35,1671.12,4.6,No,25.6,No,Yes,No,Yes,Completed,4.92,0.56,0.85,Medium,Low,Low,II,Sandy,Good,49.5,Medium,SYNTHETIC_SIH26017_ENHANCED,Synthetic prototype dataset; added features are simulated and must not be represented as official parcel records.
LA-0650,Uttar Pradesh,Mathura,Highway,41.2,23,Mostly Paid,9,0,Mostly Obtained,14.1,28.9,25.8,Partially Complete,Completed,6,Rehabilitation,1,0,14,9.777737,76.274957,synthetic_demo_district_center,Non-Green Zone,30.6,3.1,6.6,3.55,No,No,355.0,No,Not Required,No,No,1113.8,0.9,1.7,7.82,10.47,20.33,Plateau,Agricultural,70.5,7.8,5.2,1.2,No,Not Required,3,1,0,71.7,Obtained,Low,Yes,Planned,Government,,Verified,No,Clear,No,Updated,60.4,No,,2,2,Not Required,Partially Approved,Pending,77.2,1279.97,2676.83,60.2,No,16.6,Yes,Yes,No,No,In Progress,0.25,0.34,2.37,Medium,Low,Low,III,Sandy,Good,41.0,Medium,SYNTHETIC_SIH26017_ENHANCED,Synthetic prototype dataset; added features are simulated and must not be represented as official parcel records.
LA-0651,Uttar Pradesh,Agra,Power,9.5,4,Mostly Paid,9,3,Not Started,61.1,81.4,68.6,Complete,Partially Completed,2,Rehabilitation,3,0,22,9.882853,76.159134,synthetic_demo_district_center,Non-Green Zone,21.4,16.6,13.0,3.52,No,No,376.0,No,Not Required,Yes,Yes,1015.5,8.3,0.19,1.42,8.3,7.11,Hilly,Agricultural,49.8,14.7,1.0,10.0,No,Not Required,10,3,2,40.9,Pending,Medium,Yes,Planned,Private,,Verified,No,Clear,No,Updated,94.7,No,,6,3,Completed,Partially Approved,Pending,54.2,787.1,1513.58,8.0,No,27.8,No,Yes,Yes,Yes,In Progress,2.87,1.61,3.25,Low,Low,Low,II,Sandy,Moderate,43.5,Medium,SYNTHETIC_SIH26017_ENHANCED,Synthetic prototype dataset; added features are simulated and must not be represented as official parcel records.
LA-0652,Rajasthan,Kota,Irrigation,88.0,43,Mostly Paid,22,4,Full,28.2,68.9,60.1,Incomplete,Pending,6,Closure,3,0,13,26.898279,75.615716,synthetic_demo_district_center,Non-Green Zone,32.1,10.5,6.4,8.2,No,No,1232.0,No,Not Required,No,No,456.5,2.1,3.95,7.35,24.05,8.95,Plain,Residential,50.2,2.3,4.1,2.5,No,Approved,4,1,1,41.1,Pending,Low,Yes,Not Required,Private,,Verified,No,Under Verification,No,Pending,58.0,No,,2,2,Pending,Approved,Issued,75.1,241.91,356.95,55.5,No,29.6,No,Yes,Yes,No,Not Required,1.49,2.46,13.09,Low,Low,Low,III,Black,Good,48.7,Medium,SYNTHETIC_SIH26017_ENHANCED,Synthetic prototype dataset; added features are simulated and must not be represented as official parcel records.
LA-0653,West Bengal,Howrah,Power,28.6,14,Mostly Paid,60,0,Mostly Obtained,57.6,53.7,79.7,Complete,Partially Completed,3,Compensation,0,1,137,20.239296,85.979759,synthetic_demo_district_center,Buffer Zone,29.3,7.4,13.8,7.72,No,No,361.0,No,Not Required,No,No,967.8,2.7,1.76,3.76,3.78,13.95,Plain,Agricultural,72.2,10.1,1.8,2.8,No,Not Required,3,3,3,38.0,Pending,Medium,Yes,Completed,Joint,,Under Review,No,Clear,No,Updated,61.7,No,,2,1,Completed,Approved,Issued,56.3,934.49,1853.95,59.0,Yes,29.0,Yes,Yes,Yes,No,Not Required,0.49,3.44,4.03,Low,Low,Low,III,Alluvial,Moderate,43.1,Medium,SYNTHETIC_SIH26017_ENHANCED,Synthetic prototype dataset; added features are simulated and must not be represented as official parcel records.
LA-0654,Madhya Pradesh,Indore,Highway,83.4,34,Not Started,12,1,Partial,50.2,35.8,49.8,Complete,Completed,6,Rehabilitation,0,0,22,23.039245,72.359429,synthetic_demo_district_center,Buffer Zone,27.7,5.9,16.3,3.66,No,No,922.0,No,Approved,No,No,880.1,6.6,2.24,6.16,2.38,15.72,Plateau,Wasteland,63.7,10.1,3.0,1.4,No,Not Required,8,2,1,43.3,Pending,Low,Yes,Not Required,Private,Confirmed,Verified,No,Clear,No,Updated,97.2,No,,0,0,Completed,Pending,Issued,92.8,1376.44,1659.82,57.4,No,31.2,No,Yes,No,No,Pending,0.87,1.95,6.29,High,Low,Low,II,Black,Poor,40.1,Medium,SYNTHETIC_SIH26017_ENHANCED,Synthetic prototype dataset; added features are simulated and must not be represented as official parcel records.
LA-0655,Uttar Pradesh,Agra,Irrigation,14.2,12,Partially Paid,22,0,Not Started,78.5,80.9,76.2,Complete,Partially Completed,3,Notification,1,0,27,21.415811,81.551764,synthetic_demo_district_center,Buffer Zone,8.7,7.0,11.9,1.5,No,No,714.0,No,Not Required,No,No,1152.2,1.6,0.78,0.95,13.09,4.3,Plain,Commercial,65.6,17.8,1.2,4.0,Yes,Approved,4,1,1,24.3,Partial,Medium,Yes,Not Required,Private,Confirmed,Verified,No,Clear,No,Updated,90.4,No,Pending,6,6,Not Required,Partially Approved,Issued,60.2,555.1,622.58,53.4,No,-6.6,No,Yes,Yes,Yes,Not Required,2.06,1.59,1.9,Low,Medium,Low,III,Alluvial,Good,50.5,Medium,SYNTHETIC_SIH26017_ENHANCED,Synthetic prototype dataset; added features are simulated and must not be represented as official parcel records.
LA-0656,Bihar,Patna,Irrigation,95.9,45,Partially Paid,81,2,Not Started,59.7,46.7,37.9,Partially Complete,Completed,5,Possession,0,0,11,23.043011,72.541082,synthetic_demo_district_center,Non-Green Zone,6.7,15.9,16.1,0.5,No,No,203.0,No,Not Required,Yes,Yes,1220.1,0.3,4.94,1.7,5.95,3.52,Plateau,Residential,74.8,28.5,3.6,12.0,No,Not Required,9,7,3,23.2,Pending,Low,Yes,Planned,Private,Possible,Under Review,No,Clear,Yes,Not Available,92.9,No,,6,2,Pending,Partially Approved,Issued,84.8,474.72,806.71,7.3,Yes,-12.5,No,Yes,Yes,No,Not Required,2.13,0.38,3.52,Medium,Low,Low,II,Red,Good,42.0,Medium,SYNTHETIC_SIH26017_ENHANCED,Synthetic prototype dataset; added features are simulated and must not be represented as official parcel records.
LA-0657,Karnataka,Mysuru,Power,43.9,20,Fully Paid,40,4,Not Started,36.5,50.7,38.6,Incomplete,Partially Completed,5,Planning,4,1,148,9.978545,76.200283,synthetic_demo_district_center,Non-Green Zone,12.3,8.1,23.1,2.83,No,No,1108.0,No,Not Required,No,No,1526.4,6.9,2.74,3.71,8.51,6.81,Plain,Government,42.7,11.4,6.6,1.4,No,Not Required,10,4,3,70.8,Partial,Low,Yes,Not Required,Government,,Issue Found,Yes,Clear,No,Updated,64.6,No,,3,0,Not Required,Approved,Pending,92.2,1954.04,3425.36,45.5,Yes,18.7,No,Yes,No,Yes,Not Required,3.38,1.19,8.83,High,Medium,Medium,IV,Black,Poor,62.3,Medium,SYNTHETIC_SIH26017_ENHANCED,Synthetic prototype dataset; added features are simulated and must not be represented as official parcel records.
LA-0658,Gujarat,Ahmedabad,Irrigation,37.1,21,Fully Paid,44,1,Not Started,91.8,39.3,82.6,Complete,Completed,4,Notification,4,0,0,20.31104,85.720005,synthetic_demo_district_center,Non-Green Zone,5.9,6.5,5.0,3.39,No,No,243.0,No,Pending,No,No,308.7,1.6,1.26,6.97,9.68,4.58,Plain,Agricultural,75.9,2.7,0.4,1.1,No,Not Required,2,1,0,54.2,Pending,Low,Yes,Not Required,Private,,Verified,No,Clear,No,Pending,74.6,No,,3,3,Pending,Approved,Issued,69.6,1351.19,2782.22,6.9,No,-7.8,No,No,Yes,Yes,Pending,0.68,3.21,1.77,Medium,Low,Low,IV,Laterite,Good,47.5,Medium,SYNTHETIC_SIH26017_ENHANCED,Synthetic prototype dataset; added features are simulated and must not be represented as official parcel records.
LA-0659,Uttar Pradesh,Kanpur Nagar,Irrigation,29.2,12,Partially Paid,62,1,Full,63.0,75.2,66.7,Complete,Completed,1,Compensation,0,0,5,23.238314,77.274152,synthetic_demo_district_center,Non-Green Zone,6.7,6.5,2.2,5.38,No,No,1132.0,No,Not Required,No,No,38.0,4.6,0.96,7.55,6.83,7.45,Hilly,Agricultural,80.4,16.8,0.6,3.9,No,Not Required,6,3,1,24.5,Pending,Low,Yes,Not Required,Private,,Verified,No,Under Verification,Yes,Updated,58.2,No,,0,0,Pending,Partially Approved,Issued,66.8,999.94,1682.55,54.0,No,18.1,No,Yes,No,No,Not Required,2.15,1.25,3.86,Medium,Medium,Low,III,Alluvial,Moderate,32.0,Low,SYNTHETIC_SIH26017_ENHANCED,Synthetic prototype dataset; added features are simulated and must not be represented as official parcel records.
LA-0660,Bihar,Muzaffarpur,Industrial,20.4,14,Partially Paid,23,2,Mostly Obtained,35.7,94.9,76.1,Partially Complete,Completed,1,Planning,1,0,3,31.107968,77.366504,synthetic_demo_district_center,Non-Green Zone,28.1,18.1,20.8,3.7,No,No,373.0,No,Not Required,No,No,1430.7,4.4,2.67,1.72,1.21,10.19,Hilly,Wasteland,56.4,13.0,1.2,2.4,No,Approved,10,3,1,59.7,Obtained,Low,Yes,Not Required,Private,,Under Review,No,Under Verification,No,Updated,65.0,No,,2,2,Pending,Partially Approved,Pending,74.4,3660.01,3785.05,34.2,No,-14.8,No,Yes,Yes,No,In Progress,2.54,1.16,3.53,Low,Medium,Medium,IV,Laterite,Moderate,28.5,Low,SYNTHETIC_SIH26017_ENHANCED,Synthetic prototype dataset; added features are simulated and must not be represented as official parcel records.
LA-0661,Bihar,Patna,Highway,60.4,26,Fully Paid,85,1,Mostly Obtained,61.8,55.7,93.8,Incomplete,Completed,2,Compensation,0,1,171,23.094583,77.263046,synthetic_demo_district_center,Non-Green Zone,8.9,7.7,6.1,3.44,No,No,162.0,No,Pending,No,No,1416.9,2.5,2.7,2.52,0.92,6.12,Plain,Commercial,77.5,7.4,4.2,0.5,No,Not Required,5,1,1,36.7,Partial,High,Yes,In Progress,Joint,,Under Review,No,Clear,No,Updated,66.0,No,,5,0,Completed,Pending,Issued,94.1,482.23,677.08,95.3,No,10.1,Yes,Yes,No,Yes,Completed,1.32,2.21,4.33,Low,High,Low,II,Alluvial,Moderate,52.8,Medium,SYNTHETIC_SIH26017_ENHANCED,Synthetic prototype dataset; added features are simulated and must not be represented as official parcel records.
LA-0662,Gujarat,Rajkot,Metro,27.3,16,Mostly Paid,50,0,Full,18.7,37.1,73.9,,Completed,4,Possession,1,1,168,26.631855,80.892273,synthetic_demo_district_center,Non-Green Zone,19.8,12.6,11.8,0.67,No,No,1736.0,No,Approved,No,No,41.2,7.1,3.03,2.05,14.4,2.32,Plain,Industrial,78.7,8.5,5.2,1.3,Yes,Not Required,21,7,1,91.1,Obtained,Medium,Yes,Not Required,Private,Possible,Verified,No,Under Verification,No,Updated,58.4,No,,4,4,Not Required,Pending,Issued,52.3,1846.73,2980.45,52.9,No,34.9,No,Yes,Yes,Yes,Pending,4.45,2.15,5.09,Medium,Low,Low,II,Laterite,Good,49.8,Medium,SYNTHETIC_SIH26017_ENHANCED,Synthetic prototype dataset; added features are simulated and must not be represented as official parcel records.
LA-0663,Madhya Pradesh,Bhopal,Highway,5.6,2,Fully Paid,28,0,Full,66.9,82.7,85.7,Complete,Partially Completed,1,Possession,1,0,17,19.156145,72.757232,synthetic_demo_district_center,Green Zone,18.5,9.1,10.5,3.3,No,No,1078.0,Yes,Not Required,No,No,940.0,2.5,0.76,2.27,13.34,14.94,Plain,Agricultural,69.6,4.9,1.9,3.7,Yes,Pending,3,2,1,28.9,Pending,High,Yes,Not Required,Private,,Under Review,No,Clear,No,Not Available,59.2,No,,0,0,Not Required,Approved,Issued,99.7,1229.48,1869.65,29.6,No,22.1,Yes,Yes,Yes,No,In Progress,3.38,8.29,4.07,Medium,High,Low,IV,Laterite,Good,44.6,Medium,SYNTHETIC_SIH26017_ENHANCED,Synthetic prototype dataset; added features are simulated and must not be represented as official parcel records.
LA-0664,Bihar,Patna,Railway,10.6,4,Partially Paid,74,0,Full,40.5,58.6,71.5,Complete,Completed,6,Planning,0,1,182,30.844257,75.925881,synthetic_demo_district_center,Non-Green Zone,17.2,18.1,8.1,3.89,No,No,519.0,No,Not Required,No,No,1340.7,6.3,1.44,5.4,1.86,16.35,Plain,Industrial,43.8,8.1,1.6,0.3,No,Pending,4,1,0,76.9,Obtained,Medium,Yes,In Progress,Private,,Verified,No,Clear,No,Updated,56.3,No,,6,4,Completed,Approved,Issued,62.4,842.04,1553.03,26.2,No,-7.8,No,Yes,No,No,In Progress,1.89,3.96,0.68,Low,Low,Low,IV,Red,Poor,34.6,Low,SYNTHETIC_SIH26017_ENHANCED,Synthetic prototype dataset; added features are simulated and must not be represented as official parcel records.
LA-0665,Karnataka,Belagavi,Railway,21.3,11,Partially Paid,48,1,Full,74.1,84.7,79.4,Partially Complete,Completed,3,Notification,2,0,12,23.151785,85.230945,synthetic_demo_district_center,Non-Green Zone,11.6,2.3,15.7,5.69,Yes,No,251.0,Yes,Not Required,No,No,1056.1,1.5,2.83,6.58,11.25,4.92,Plain,Agricultural,76.9,2.8,2.9,6.7,No,Not Required,3,0,0,43.8,Partial,Medium,No,Not Required,Institutional,,Under Review,No,Reported,No,Pending,75.8,Yes,,5,5,Completed,Pending,Pending,68.2,624.28,700.91,54.5,No,-8.2,No,No,Yes,No,In Progress,2.89,1.19,2.79,Low,Medium,Low,III,Black,Moderate,61.3,Medium,SYNTHETIC_SIH26017_ENHANCED,Synthetic prototype dataset; added features are simulated and must not be represented as official parcel records.
LA-0666,Bihar,Nalanda,Highway,31.0,9,Fully Paid,30,0,Partial,74.9,68.9,73.1,Complete,Completed,4,Possession,1,0,0,20.313705,85.691304,synthetic_demo_district_center,Non-Green Zone,11.8,5.7,13.5,2.91,No,No,605.0,No,Pending,No,No,477.1,4.7,3.05,1.97,3.8,2.18,Plain,Agricultural,69.0,8.1,4.4,2.1,No,Not Required,4,1,0,59.6,Partial,High,Yes,Not Required,Private,Possible,Verified,No,Clear,No,Updated,80.9,No,,0,0,Not Required,Approved,Pending,91.3,503.98,516.37,91.6,Yes,31.5,No,Yes,Yes,Yes,In Progress,0.88,0.8,3.8,Medium,Low,Low,IV,Loamy,Poor,66.1,Medium,SYNTHETIC_SIH26017_ENHANCED,Synthetic prototype dataset; added features are simulated and must not be represented as official parcel records.
LA-0667,Bihar,Nalanda,Railway,23.5,18,Mostly Paid,45,1,Full,63.8,76.8,72.5,Complete,Completed,3,Possession,0,0,24,30.448123,78.022196,synthetic_demo_district_center,Non-Green Zone,52.5,0.6,25.0,4.45,No,No,196.0,No,Not Required,No,No,420.1,1.9,1.71,2.74,1.96,26.8,Plain,Commercial,90.7,11.4,0.4,1.3,No,Not Required,1,0,0,42.9,Partial,Low,No,Not Required,Private,,Verified,No,Clear,Yes,Updated,82.9,No,,5,5,Pending,Approved,Issued,51.7,1666.34,2207.21,2.8,No,1.2,No,Yes,Yes,Yes,Not Required,1.57,1.79,2.1,Low,Low,Medium,III,Red,Good,29.4,Low,SYNTHETIC_SIH26017_ENHANCED,Synthetic prototype dataset; added features are simulated and must not be represented as official parcel records.
LA-0668,Bihar,Patna,Highway,61.2,29,Mostly Paid,14,0,Mostly Obtained,91.5,44.1,95.1,Complete,Pending,2,Planning,1,0,0,26.783146,80.980336,synthetic_demo_district_center,Buffer Zone,7.4,1.2,10.0,7.32,No,No,137.0,No,Approved,No,No,745.9,0.3,1.42,3.57,1.15,22.83,Plain,Agricultural,60.8,7.3,2.6,1.2,No,Not Required,4,2,2,41.0,Disputed,Low,Yes,Not Required,Private,,Verified,No,Clear,No,Pending,95.1,No,,3,3,Pending,Pending,Issued,53.4,901.66,1941.58,44.2,Yes,-2.2,No,Yes,No,No,In Progress,0.78,4.48,4.64,High,Low,Medium,II,Black,Moderate,92.4,High,SYNTHETIC_SIH26017_ENHANCED,Synthetic prototype dataset; added features are simulated and must not be represented as official parcel records.
LA-0669,Tamil Nadu,Coimbatore,Irrigation,5.7,1,Mostly Paid,68,0,Not Started,13.1,30.0,51.0,Partially Complete,,6,Possession,1,1,119,12.988968,80.299439,synthetic_demo_district_center,Green Zone,35.6,5.6,16.5,3.59,No,No,944.0,Yes,Pending,No,No,811.1,2.4,2.5,3.51,5.77,3.61,Plain,Residential,79.9,2.5,2.4,2.9,Yes,Not Required,7,1,1,64.0,Disputed,Low,Yes,In Progress,Joint,,Verified,No,Clear,No,Pending,64.4,No,,0,0,Pending,Approved,Issued,52.1,1419.95,2523.05,61.2,No,-6.8,No,Yes,No,No,Not Required,3.22,1.21,5.07,Medium,Medium,Low,III,Laterite,Good,73.4,High,SYNTHETIC_SIH26017_ENHANCED,Synthetic prototype dataset; added features are simulated and must not be represented as official parcel records.
LA-0670,Tamil Nadu,Salem,Airport,27.3,17,Mostly Paid,105,0,Mostly Obtained,55.7,39.9,89.5,Incomplete,Partially Completed,4,Rehabilitation,0,1,80,16.319103,80.699706,synthetic_demo_district_center,Non-Green Zone,26.2,5.2,7.4,2.06,No,No,103.0,No,Pending,No,No,504.7,1.3,0.29,3.99,7.58,4.57,Coastal,Agricultural,54.2,2.1,1.4,2.8,Yes,Approved,13,8,0,22.3,Disputed,Low,Yes,In Progress,Private,,Verified,No,Clear,No,Updated,69.9,No,Pending,5,0,Pending,Partially Approved,Issued,98.5,2506.79,2946.55,70.0,No,-2.5,No,Yes,No,No,In Progress,6.34,2.44,6.51,Low,Medium,Low,III,Laterite,Good,52.9,Medium,SYNTHETIC_SIH26017_ENHANCED,Synthetic prototype dataset; added features are simulated and must not be represented as official parcel records.
LA-0671,Madhya Pradesh,Indore,Highway,6.3,5,Fully Paid,6,0,Mostly Obtained,35.8,62.4,48.7,Incomplete,Completed,6,Planning,2,1,124,22.927396,72.482512,synthetic_demo_district_center,Non-Green Zone,16.7,11.0,12.2,1.48,No,No,323.0,No,Not Required,No,No,1689.7,0.8,11.26,15.64,6.1,8.79,Plain,Residential,85.1,26.6,5.3,3.2,Yes,Approved,8,4,1,72.6,Pending,High,Yes,Not Required,Private,,Under Review,No,Clear,No,Updated,86.5,No,,1,1,Pending,Approved,Issued,64.1,901.39,1697.52,72.4,No,-3.6,No,No,No,Yes,Completed,2.53,6.97,1.46,Low,Medium,Medium,IV,Red,Good,30.8,Low,SYNTHETIC_SIH26017_ENHANCED,Synthetic prototype dataset; added features are simulated and must not be represented as official parcel records.
LA-0672,Uttar Pradesh,Agra,Airport,43.4,22,Partially Paid,19,0,Full,49.8,36.3,69.1,Partially Complete,Partially Completed,6,Compensation,1,0,24,21.268645,81.655852,synthetic_demo_district_center,Non-Green Zone,22.2,3.6,33.6,2.69,No,No,1111.0,No,Not Required,No,No,676.3,2.6,1.05,3.93,7.33,1.72,Plain,Agricultural,82.2,4.6,4.6,0.8,No,Not Required,5,1,2,98.3,Obtained,High,Yes,Planned,Private,Confirmed,Verified,No,Clear,No,Updated,70.1,No,Pending,1,0,Pending,Partially Approved,Issued,97.9,294.16,459.96,63.8,No,-13.0,No,Yes,No,No,Not Required,4.74,1.56,1.39,High,Low,Low,III,Laterite,Moderate,64.0,Medium,SYNTHETIC_SIH26017_ENHANCED,Synthetic prototype dataset; added features are simulated and must not be represented as official parcel records.
LA-0673,Bihar,Patna,Metro,22.9,14,Partially Paid,17,1,Partial,26.7,,41.7,Partially Complete,Completed,6,Compensation,0,1,159,26.277863,91.727248,synthetic_demo_district_center,Non-Green Zone,20.8,16.2,9.4,3.2,No,No,283.0,No,Approved,No,No,142.7,6.6,0.26,5.11,9.07,8.57,Plain,Agricultural,79.5,14.8,5.2,3.6,Yes,Not Required,2,0,1,50.1,Obtained,Low,No,In Progress,Private,Possible,Verified,No,Clear,No,Updated,83.3,No,,4,4,Not Required,Approved,Issued,81.1,601.74,1079.86,68.5,No,18.4,No,Yes,No,No,Not Required,2.21,1.83,1.04,Medium,Medium,Low,III,Alluvial,Moderate,32.8,Low,SYNTHETIC_SIH26017_ENHANCED,Synthetic prototype dataset; added features are simulated and must not be represented as official parcel records.
LA-0674,West Bengal,Kolkata,Railway,33.6,16,Fully Paid,52,0,Mostly Obtained,98.7,88.0,69.3,Complete,Partially Completed,2,Closure,1,0,11,26.853772,80.938036,synthetic_demo_district_center,Non-Green Zone,26.2,4.8,8.9,0.95,No,No,698.0,No,Approved,Yes,Yes,868.7,2.1,1.45,6.52,5.81,13.77,Coastal,Agricultural,48.7,1.8,7.4,7.2,Yes,Pending,2,0,0,79.8,Partial,High,No,In Progress,Joint,Confirmed,Verified,No,Under Verification,Yes,Updated,63.3,No,Disposed,6,5,Completed,Pending,Issued,89.9,144.24,265.45,38.2,No,26.2,Yes,Yes,Yes,Yes,Completed,1.56,3.0,7.74,Low,Low,Low,II,Alluvial,Moderate,46.0,Medium,SYNTHETIC_SIH26017_ENHANCED,Synthetic prototype dataset; added features are simulated and must not be represented as official parcel records.
LA-0675,Uttar Pradesh,Mathura,Highway,12.8,6,Partially Paid,36,1,Not Started,57.5,72.5,41.7,Partially Complete,Completed,5,Notification,1,0,18,13.067887,80.402267,synthetic_demo_district_center,Green Zone,38.5,4.9,6.2,5.27,No,No,528.0,Yes,Not Required,No,No,595.6,2.2,0.64,0.52,9.02,14.58,Coastal,Residential,59.3,17.8,0.4,0.8,No,Not Required,6,3,1,56.8,Partial,High,Yes,Not Required,Private,,Verified,No,Reported,No,Pending,74.1,No,,1,1,Completed,Partially Approved,Issued,70.8,420.46,623.22,48.5,No,12.5,No,No,No,Yes,In Progress,3.36,2.78,3.1,Low,Medium,Low,IV,Loamy,Moderate,27.8,Low,SYNTHETIC_SIH26017_ENHANCED,Synthetic prototype dataset; added features are simulated and must not be represented as official parcel records.
LA-0676,Madhya Pradesh,Bhopal,Metro,64.0,23,Mostly Paid,21,2,Partial,68.1,89.0,97.0,Complete,Pending,2,Compensation,0,1,165,23.396305,85.39211,synthetic_demo_district_center,Non-Green Zone,2.2,2.7,12.3,7.15,No,No,1021.0,No,Not Required,No,No,1764.6,3.6,1.21,2.96,10.81,9.27,Coastal,Agricultural,60.7,3.5,5.8,0.6,Yes,Pending,10,4,2,33.6,Obtained,Low,Yes,Planned,Institutional,,Issue Found,Yes,Clear,No,Updated,83.4,No,,3,1,Completed,Approved,Pending,92.6,1454.79,1991.29,41.8,No,30.9,Yes,Yes,Yes,Yes,Not Required,0.1,0.82,1.36,High,Low,Low,II,Red,Good,68.2,Medium,SYNTHETIC_SIH26017_ENHANCED,Synthetic prototype dataset; added features are simulated and must not be represented as official parcel records.
LA-0677,Maharashtra,Thane,Irrigation,53.6,21,Mostly Paid,24,1,Not Started,64.1,75.3,26.7,Partially Complete,Completed,6,Closure,2,0,13,30.729275,75.81364,synthetic_demo_district_center,Non-Green Zone,7.4,8.7,10.6,2.08,Yes,Yes,713.0,Yes,Pending,No,No,118.4,5.5,0.92,3.99,17.53,3.83,Plateau,Wasteland,96.4,3.7,7.6,3.4,No,Not Required,1,0,0,52.5,Pending,Medium,No,In Progress,Joint,Possible,Verified,No,Clear,No,Updated,90.7,No,,2,2,Pending,Approved,Issued,59.4,388.81,840.02,84.8,No,19.2,No,Yes,No,No,Not Required,0.46,2.46,5.07,High,High,Medium,II,Alluvial,Good,42.3,Medium,SYNTHETIC_SIH26017_ENHANCED,Synthetic prototype dataset; added features are simulated and must not be represented as official parcel records.
LA-0678,Uttar Pradesh,Mathura,Power,38.0,15,Fully Paid,20,0,Partial,20.9,75.7,82.9,Incomplete,Completed,5,Compensation,0,0,17,22.842884,72.394057,synthetic_demo_district_center,Non-Green Zone,27.1,6.4,11.0,2.49,No,No,1033.0,No,Approved,No,No,1775.4,4.4,1.29,10.8,9.22,1.48,Plain,Agricultural,25.5,12.9,8.3,1.4,Yes,Not Required,2,0,0,49.7,Obtained,Low,No,Not Required,Private,,Under Review,No,Clear,No,Updated,79.5,No,,2,2,Not Required,Partially Approved,Issued,68.3,636.76,1009.01,45.7,No,2.2,No,Yes,No,No,In Progress,1.45,3.35,3.32,Medium,Low,Low,II,Laterite,Good,24.4,Low,SYNTHETIC_SIH26017_ENHANCED,Synthetic prototype dataset; added features are simulated and must not be represented as official parcel records.
LA-0679,Uttar Pradesh,Meerut,Highway,22.3,16,Mostly Paid,48,1,Full,72.3,49.0,88.0,,Completed,4,Possession,0,0,6,30.275522,78.153199,synthetic_demo_district_center,Non-Green Zone,11.2,2.7,12.2,2.31,No,No,722.0,No,Approved,No,No,1277.1,5.8,3.18,4.07,8.35,18.25,Coastal,Industrial,38.8,8.0,1.8,8.4,Yes,Approved,4,1,0,44.4,Partial,Medium,Yes,Not Required,Private,,Verified,No,Clear,No,Updated,99.1,No,,0,0,Not Required,Pending,Issued,57.9,546.14,690.93,55.4,No,4.8,No,Yes,Yes,No,Not Required,0.95,3.26,1.39,Low,High,Low,III,Sandy,Good,29.3,Low,SYNTHETIC_SIH26017_ENHANCED,Synthetic prototype dataset; added features are simulated and must not be represented as official parcel records.
LA-0680,Odisha,Sambalpur,Highway,37.9,19,Mostly Paid,35,2,Partial,53.6,57.4,24.0,Partially Complete,Pending,3,Planning,1,0,31,25.789773,85.133987,synthetic_demo_district_center,Green Zone,11.4,1.9,17.0,3.82,No,No,939.0,Yes,Approved,Yes,Yes,1514.3,1.5,0.99,5.81,21.15,16.18,Plain,Residential,60.7,10.8,3.4,2.8,No,Approved,11,3,4,77.4,Obtained,High,Yes,Not Required,Joint,Possible,Issue Found,Yes,Under Verification,No,Updated,86.7,No,,6,0,Not Required,Pending,Issued,98.0,1644.3,2113.84,89.2,No,-7.2,No,Yes,Yes,Yes,Not Required,1.1,1.86,3.2,High,Low,High,II,Red,Good,50.4,Medium,SYNTHETIC_SIH26017_ENHANCED,Synthetic prototype dataset; added features are simulated and must not be represented as official parcel records.
LA-0681,Rajasthan,Jaipur,Railway,14.4,7,Fully Paid,23,1,Partial,64.7,71.0,39.3,Partially Complete,Completed,3,Closure,2,0,0,25.592983,84.992039,synthetic_demo_district_center,Non-Green Zone,11.3,6.2,22.0,12.49,Yes,No,323.0,Yes,Not Required,No,No,1417.0,3.9,1.03,8.15,15.42,9.72,Plateau,Agricultural,83.8,6.6,8.4,2.8,No,Pending,3,1,1,85.1,Obtained,Low,Yes,In Progress,Joint,,Verified,No,Clear,Yes,Updated,96.7,Yes,,1,1,Not Required,Approved,Issued,60.8,1362.94,2300.15,71.5,No,-7.9,Yes,Yes,No,No,Completed,1.7,3.36,0.21,Low,Medium,Low,III,Alluvial,Moderate,30.2,Low,SYNTHETIC_SIH26017_ENHANCED,Synthetic prototype dataset; added features are simulated and must not be represented as official parcel records.
LA-0682,Odisha,Puri,Railway,46.6,25,Fully Paid,20,3,Partial,60.7,52.5,75.7,Incomplete,Completed,3,Rehabilitation,1,0,24,30.148411,78.154585,synthetic_demo_district_center,Non-Green Zone,49.4,4.1,17.5,2.59,Yes,No,318.0,Yes,Pending,No,No,169.7,2.5,6.07,1.76,4.89,26.57,Plateau,Wasteland,52.5,12.0,3.6,3.3,No,Not Required,10,2,1,88.3,Pending,Low,Yes,In Progress,Private,,Verified,No,Under Verification,No,Updated,87.1,No,,2,2,Completed,Approved,Pending,79.5,1891.68,3522.13,80.9,No,20.6,Yes,Yes,No,No,Not Required,1.14,2.01,2.64,High,Low,Low,III,Alluvial,Good,59.2,Medium,SYNTHETIC_SIH26017_ENHANCED,Synthetic prototype dataset; added features are simulated and must not be represented as official parcel records.
LA-0683,Karnataka,Hubballi,Highway,84.5,43,Fully Paid,75,1,Not Started,38.4,79.9,13.9,Complete,Pending,2,Possession,1,0,14,19.09615,72.851853,synthetic_demo_district_center,Non-Green Zone,26.5,5.4,8.2,12.01,No,No,1194.0,No,Not Required,No,No,1640.9,2.9,2.08,3.77,12.48,10.1,Plain,Agricultural,72.3,7.6,2.6,3.8,Yes,Approved,6,2,1,87.3,Obtained,Low,Yes,Planned,Joint,Confirmed,Verified,No,Clear,No,Updated,76.7,No,,3,3,Not Required,Approved,Issued,58.2,2757.55,5572.52,35.2,No,33.8,No,Yes,No,No,Not Required,2.09,3.66,1.83,Low,High,Low,IV,Alluvial,Good,33.3,Low,SYNTHETIC_SIH26017_ENHANCED,Synthetic prototype dataset; added features are simulated and must not be represented as official parcel records.
LA-0684,Tamil Nadu,Coimbatore,Railway,54.8,23,Mostly Paid,67,0,Partial,45.7,73.4,22.8,Partially Complete,Pending,4,Planning,1,1,161,28.455182,76.826265,synthetic_demo_district_center,Buffer Zone,31.9,9.8,9.7,7.91,No,Yes,327.0,No,Pending,Yes,Yes,807.4,3.8,5.64,3.73,46.11,45.72,Coastal,Agricultural,52.8,2.3,1.5,2.8,Yes,Not Required,4,1,1,84.5,Obtained,Low,Yes,Not Required,Joint,Possible,Verified,No,Under Verification,No,Updated,98.8,No,,5,5,Pending,Partially Approved,Issued,92.1,1749.8,2601.59,47.4,No,18.3,No,No,Yes,Yes,Pending,1.44,6.08,4.32,Low,Low,Low,II,Black,Good,61.9,Medium,SYNTHETIC_SIH26017_ENHANCED,Synthetic prototype dataset; added features are simulated and must not be represented as official parcel records.
LA-0685,Tamil Nadu,Tiruchirappalli,Irrigation,14.2,6,Partially Paid,48,1,Not Started,50.0,70.4,23.2,Complete,Partially Completed,4,Planning,2,1,58,22.674776,88.340922,synthetic_demo_district_center,Green Zone,4.7,6.0,18.7,4.59,No,No,1208.0,Yes,Not Required,Yes,Yes,1554.2,1.4,1.61,2.58,4.66,15.09,Coastal,Industrial,26.5,8.3,2.9,2.3,No,Pending,14,10,2,68.0,Pending,Low,Yes,Completed,Joint,,Verified,No,Under Verification,Yes,Not Available,90.2,No,,2,2,Not Required,Pending,Issued,53.5,4822.0,9222.17,50.1,No,9.2,No,Yes,Yes,No,Not Required,2.14,2.55,0.97,Medium,Low,Low,III,Red,Good,35.8,Low,SYNTHETIC_SIH26017_ENHANCED,Synthetic prototype dataset; added features are simulated and must not be represented as official parcel records.
LA-0686,Rajasthan,Ajmer,Airport,32.2,15,Mostly Paid,62,1,Mostly Obtained,45.0,38.4,68.9,Incomplete,Completed,5,Possession,1,0,18,13.198687,80.196133,synthetic_demo_district_center,Non-Green Zone,9.8,9.0,12.9,2.64,Yes,No,924.0,Yes,Not Required,No,No,690.2,6.7,2.02,1.16,4.91,10.62,Plain,Agricultural,49.1,7.1,3.3,4.5,No,Approved,29,10,7,86.7,Pending,Medium,Yes,In Progress,Private,,Issue Found,Yes,Reported,No,Updated,80.0,No,,0,0,Completed,Pending,Issued,53.7,3671.05,7717.21,83.2,Yes,27.8,No,No,No,No,In Progress,0.97,4.14,4.97,Low,High,Medium,III,Black,Good,44.2,Medium,SYNTHETIC_SIH26017_ENHANCED,Synthetic prototype dataset; added features are simulated and must not be represented as official parcel records.
LA-0687,Gujarat,Vadodara,Railway,9.3,3,Fully Paid,9,1,Not Started,15.7,57.5,72.4,Complete,Completed,4,Notification,0,0,4,22.655388,88.393507,synthetic_demo_district_center,Green Zone,19.6,7.0,9.3,6.84,No,No,607.0,Yes,Not Required,Yes,Yes,1698.4,2.4,4.95,3.14,11.29,3.15,Plain,Agricultural,72.8,5.7,2.0,0.8,No,Pending,5,2,3,21.7,Obtained,Low,Yes,In Progress,Private,,Under Review,No,Clear,No,Updated,55.1,No,,0,0,Completed,Partially Approved,Issued,86.2,1045.33,1388.04,81.8,No,24.3,No,Yes,Yes,No,Not Required,4.32,6.44,2.87,Medium,Low,Low,IV,Laterite,Moderate,36.3,Low,SYNTHETIC_SIH26017_ENHANCED,Synthetic prototype dataset; added features are simulated and must not be represented as official parcel records.
LA-0688,Gujarat,Surat,Airport,37.7,18,Fully Paid,12,0,Not Started,54.1,71.4,81.6,Complete,Completed,3,Possession,0,0,9,20.314592,85.723161,synthetic_demo_district_center,Non-Green Zone,12.5,7.4,19.1,6.74,No,Yes,163.0,No,Pending,No,No,775.0,3.4,3.53,3.14,13.11,8.88,Plain,Commercial,70.7,5.8,2.1,1.0,No,Pending,8,3,0,39.7,Partial,Medium,Yes,Not Required,Private,Confirmed,Verified,No,Under Verification,No,Updated,67.4,No,,1,1,Not Required,Approved,Issued,78.5,1250.05,1333.68,31.8,No,14.5,No,No,Yes,No,In Progress,1.66,2.55,1.04,Low,Low,Medium,III,Laterite,Good,57.3,Medium,SYNTHETIC_SIH26017_ENHANCED,Synthetic prototype dataset; added features are simulated and must not be represented as official parcel records.
LA-0689,Madhya Pradesh,Indore,Railway,34.4,16,Not Started,11,0,Mostly Obtained,19.7,94.5,74.4,Partially Complete,Pending,4,Possession,1,0,0,25.456801,85.162048,synthetic_demo_district_center,Non-Green Zone,13.7,7.4,13.9,6.01,Yes,No,251.0,Yes,Not Required,No,No,1285.4,12.7,4.76,4.83,1.05,15.36,Plain,Agricultural,52.2,13.0,0.9,3.5,No,Not Required,3,1,0,48.1,Obtained,Low,Yes,Planned,Institutional,,Issue Found,Yes,Clear,No,Updated,99.1,No,,6,1,Pending,Approved,Issued,68.3,632.18,850.07,9.0,No,-10.7,No,Yes,Yes,Yes,In Progress,0.42,9.05,6.99,Low,Low,Low,II,Black,Moderate,53.6,Medium,SYNTHETIC_SIH26017_ENHANCED,Synthetic prototype dataset; added features are simulated and must not be represented as official parcel records.
LA-0690,Rajasthan,Udaipur,Metro,6.0,2,Mostly Paid,31,1,Mostly Obtained,75.9,91.0,59.5,Complete,Partially Completed,5,Rehabilitation,1,0,9,22.601131,88.315611,synthetic_demo_district_center,Non-Green Zone,6.3,9.5,12.0,3.03,No,No,333.0,No,Pending,No,No,1579.4,5.5,3.07,9.61,8.13,9.19,Plain,Government,73.2,1.2,0.7,1.7,Yes,Not Required,4,2,0,31.4,Pending,Medium,Yes,Planned,Government,,Under Review,No,Clear,No,Updated,76.2,No,,1,1,Pending,Pending,Issued,86.8,979.37,1317.91,94.4,No,-12.6,No,Yes,Yes,Yes,In Progress,1.09,1.24,4.57,Medium,Medium,Low,IV,Red,Moderate,33.2,Low,SYNTHETIC_SIH26017_ENHANCED,Synthetic prototype dataset; added features are simulated and must not be represented as official parcel records.
LA-0691,Uttar Pradesh,Mathura,Highway,10.3,4,Mostly Paid,63,1,Not Started,43.5,70.4,68.7,Complete,Partially Completed,4,Notification,3,0,15,13.040933,77.382992,synthetic_demo_district_center,Non-Green Zone,3.5,6.4,29.5,2.77,No,No,768.0,No,Not Required,No,No,691.8,6.1,0.28,2.41,15.36,9.16,Plateau,Residential,58.5,5.8,2.3,8.9,No,Not Required,1,0,0,97.2,Obtained,Medium,No,In Progress,Private,,Issue Found,Yes,Reported,No,Not Available,84.7,Yes,Pending,0,0,Completed,Pending,Issued,67.7,824.18,1067.62,27.2,No,23.2,No,Yes,No,Yes,In Progress,2.86,0.85,7.02,Low,Low,Low,II,Sandy,Good,42.0,Medium,SYNTHETIC_SIH26017_ENHANCED,Synthetic prototype dataset; added features are simulated and must not be represented as official parcel records.
LA-0692,Gujarat,Vadodara,Industrial,19.8,6,Fully Paid,22,0,Mostly Obtained,60.6,50.4,66.0,Partially Complete,Partially Completed,4,Possession,1,0,18,18.949591,72.857105,synthetic_demo_district_center,Non-Green Zone,16.9,4.5,10.6,8.47,No,No,684.0,No,Approved,No,No,171.6,5.2,3.77,13.58,5.34,5.85,Hilly,Residential,74.0,3.1,2.1,3.2,No,Not Required,1,2,0,23.5,Partial,Low,Yes,Not Required,Joint,,Verified,No,Reported,No,Updated,98.1,No,Disposed,6,3,Not Required,Approved,Issued,64.3,618.32,1332.76,12.1,Yes,15.8,Yes,Yes,Yes,Yes,In Progress,0.9,3.64,0.95,Low,Low,Low,IV,Red,Moderate,52.8,Medium,SYNTHETIC_SIH26017_ENHANCED,Synthetic prototype dataset; added features are simulated and must not be represented as official parcel records.
LA-0693,Bihar,Nalanda,Airport,19.6,6,Mostly Paid,69,0,Full,40.8,58.8,92.6,Partially Complete,Partially Completed,3,Rehabilitation,1,1,118,22.43311,88.446153,synthetic_demo_district_center,Buffer Zone,34.7,8.7,14.3,3.3,No,No,899.0,No,Pending,No,No,46.6,2.9,7.44,6.26,14.7,8.52,Coastal,Agricultural,48.3,10.3,3.4,2.9,Yes,Approved,4,1,1,45.0,Pending,Low,Yes,Planned,Private,,Verified,No,Under Verification,No,Updated,82.5,No,,0,0,Pending,Approved,Pending,79.3,278.67,330.33,77.1,Yes,7.8,No,Yes,Yes,No,Not Required,1.94,1.97,3.27,Low,Low,Low,IV,Red,Good,47.0,Medium,SYNTHETIC_SIH26017_ENHANCED,Synthetic prototype dataset; added features are simulated and must not be represented as official parcel records.
LA-0694,West Bengal,Nadia,Industrial,9.9,3,Mostly Paid,19,0,Mostly Obtained,5.4,62.3,73.9,Complete,Partially Completed,4,Compensation,1,0,0,31.244006,77.225408,synthetic_demo_district_center,Non-Green Zone,13.2,18.4,9.3,4.72,No,No,656.0,No,Not Required,No,No,1270.9,6.3,2.25,9.21,2.17,15.9,Plateau,Industrial,77.2,3.2,0.6,3.0,No,Not Required,8,3,3,65.2,Obtained,Low,Yes,Completed,Government,Possible,Issue Found,Yes,Clear,No,Updated,86.1,No,,1,1,Completed,Pending,Pending,56.6,183.83,297.92,30.3,No,9.1,No,Yes,Yes,No,Not Required,0.21,3.07,3.21,High,Medium,Low,III,Laterite,Good,80.8,High,SYNTHETIC_SIH26017_ENHANCED,Synthetic prototype dataset; added features are simulated and must not be represented as official parcel records.
LA-0695,Uttar Pradesh,Mathura,Railway,32.8,16,Not Started,27,2,Not Started,34.6,41.0,49.5,Partially Complete,Completed,2,Rehabilitation,0,1,161,26.851353,80.972849,synthetic_demo_district_center,Non-Green Zone,18.8,16.1,10.6,0.76,No,Yes,851.0,No,Not Required,Yes,Yes,1152.7,4.7,6.41,2.3,4.88,3.71,Plain,Agricultural,48.7,11.3,0.2,2.6,No,Pending,6,3,3,36.9,Partial,Low,Yes,In Progress,Private,,Verified,No,Clear,No,Not Available,70.9,Yes,,5,0,Completed,Approved,Issued,74.2,826.61,1527.43,12.0,No,2.5,No,Yes,Yes,Yes,Pending,3.03,1.63,2.78,High,Medium,Low,II,Sandy,Moderate,39.1,Low,SYNTHETIC_SIH26017_ENHANCED,Synthetic prototype dataset; added features are simulated and must not be represented as official parcel records.
LA-0696,Karnataka,Bengaluru Urban,Industrial,29.6,15,Mostly Paid,21,1,Mostly Obtained,65.9,33.9,92.8,Partially Complete,Partially Completed,5,Notification,0,0,5,25.694266,85.138327,synthetic_demo_district_center,Non-Green Zone,26.0,8.7,15.0,4.2,No,No,301.0,No,Pending,No,No,679.4,10.0,3.61,3.62,3.41,2.18,Plain,Agricultural,52.0,7.8,2.9,0.2,Yes,Not Required,3,1,0,25.5,Partial,Medium,Yes,In Progress,Private,,Verified,No,Clear,No,Not Available,68.7,No,,5,2,Not Required,Partially Approved,Issued,60.0,450.48,616.9,69.8,No,13.5,No,Yes,No,Yes,Not Required,2.68,4.24,5.11,Low,Medium,High,III,Loamy,Good,57.2,Medium,SYNTHETIC_SIH26017_ENHANCED,Synthetic prototype dataset; added features are simulated and must not be represented as official parcel records.
LA-0697,Bihar,Nalanda,Highway,21.2,11,Not Started,26,0,Mostly Obtained,66.2,77.3,48.1,Partially Complete,Pending,5,Rehabilitation,0,0,0,23.188058,77.647825,synthetic_demo_district_center,Non-Green Zone,16.9,6.8,22.1,4.32,No,No,310.0,No,Not Required,No,No,788.0,1.4,0.54,0.88,2.06,13.91,Hilly,Agricultural,58.5,1.2,3.2,1.7,No,Not Required,9,1,0,42.4,Pending,Medium,Yes,Not Required,Private,Possible,Verified,No,Clear,No,Not Available,93.5,No,,5,5,Not Required,Partially Approved,Issued,83.0,563.23,1169.71,81.6,No,7.5,No,Yes,Yes,No,Pending,1.08,3.34,4.08,Low,Medium,Low,III,Loamy,Moderate,38.6,Low,SYNTHETIC_SIH26017_ENHANCED,Synthetic prototype dataset; added features are simulated and must not be represented as official parcel records.
LA-0698,Bihar,Patna,Irrigation,13.9,8,Fully Paid,28,0,Not Started,85.1,97.1,88.3,Partially Complete,Completed,5,Closure,1,1,174,26.098841,91.691994,synthetic_demo_district_center,Non-Green Zone,21.6,13.5,4.5,1.56,No,No,692.0,No,Not Required,No,No,868.9,0.4,3.46,0.8,3.09,13.46,Coastal,Residential,73.5,15.9,2.2,4.3,No,Approved,7,2,1,73.4,Obtained,High,Yes,Not Required,Private,,Verified,No,Clear,No,Pending,66.1,No,,4,3,Not Required,Pending,Pending,73.4,2248.66,2372.48,46.9,No,22.5,No,Yes,Yes,Yes,Not Required,2.03,5.85,1.88,Medium,High,Low,II,Loamy,Good,24.5,Low,SYNTHETIC_SIH26017_ENHANCED,Synthetic prototype dataset; added features are simulated and must not be represented as official parcel records.
LA-0699,Rajasthan,Ajmer,Metro,53.9,26,Fully Paid,5,1,Full,60.6,93.5,62.2,Complete,Completed,4,Compensation,3,0,12,27.088519,75.645845,synthetic_demo_district_center,Non-Green Zone,29.7,12.3,8.8,5.3,No,No,751.0,No,Approved,No,No,1172.1,1.0,1.02,4.0,8.89,7.55,Hilly,Agricultural,46.7,2.3,4.3,1.2,No,Not Required,8,2,2,59.8,Obtained,Medium,Yes,Planned,Private,Possible,Verified,No,Clear,No,Pending,88.3,No,,5,3,Completed,Partially Approved,Issued,75.2,825.64,1574.01,82.6,No,32.0,No,Yes,No,No,Not Required,4.21,2.33,5.37,Low,Low,Low,III,Laterite,Moderate,45.1,Medium,SYNTHETIC_SIH26017_ENHANCED,Synthetic prototype dataset; added features are simulated and must not be represented as official parcel records.
LA-0700,Madhya Pradesh,Indore,Metro,84.9,27,Mostly Paid,40,0,Full,23.3,48.9,57.6,Complete,Completed,2,Compensation,1,0,26,9.835244,76.26393,synthetic_demo_district_center,Non-Green Zone,20.0,4.5,23.7,5.38,Yes,No,242.0,Yes,Pending,Yes,Yes,1776.8,4.0,1.49,6.96,3.41,7.57,Hilly,Commercial,70.7,3.0,0.8,13.1,Yes,Pending,12,8,0,93.8,Obtained,High,Yes,In Progress,Private,,Verified,No,Clear,No,Updated,85.2,No,,1,1,Completed,Pending,Issued,78.1,1648.75,1962.26,96.3,No,-3.3,No,Yes,Yes,No,Not Required,0.12,0.78,4.3,Low,Medium,Low,III,Sandy,Moderate,31.2,Low,SYNTHETIC_SIH26017_ENHANCED,Synthetic prototype dataset; added features are simulated and must not be represented as official parcel records.
LA-0701,Karnataka,Mangaluru,Industrial,17.1,6,Mostly Paid,27,0,Full,65.0,44.4,83.4,Complete,Pending,6,Planning,3,0,2,13.145975,77.648512,synthetic_demo_district_center,Green Zone,5.9,17.1,25.4,5.68,Yes,No,256.0,Yes,Not Required,No,No,1074.4,1.9,1.95,5.3,14.67,16.78,Plain,Agricultural,61.1,10.3,1.1,1.9,No,Pending,11,2,2,60.7,Obtained,Low,Yes,Not Required,Joint,,Under Review,No,Clear,Yes,Pending,84.9,No,,6,3,Not Required,Approved,Issued,74.9,3871.11,8328.28,28.5,No,6.0,No,Yes,Yes,Yes,Not Required,1.32,2.91,2.48,Low,Low,Low,IV,Laterite,Moderate,47.4,Medium,SYNTHETIC_SIH26017_ENHANCED,Synthetic prototype dataset; added features are simulated and must not be represented as official parcel records.
LA-0702,Gujarat,Vadodara,Industrial,15.5,9,Fully Paid,85,1,Full,33.3,97.1,75.3,Complete,Pending,6,Possession,0,0,1,23.292291,72.592674,synthetic_demo_district_center,Non-Green Zone,38.0,6.7,28.6,6.07,No,No,248.0,No,Pending,Yes,Yes,567.8,3.6,4.09,5.46,11.23,28.98,Plain,Residential,78.7,11.8,4.9,0.6,No,Not Required,1,0,1,34.8,Pending,Medium,No,Not Required,Private,Possible,Verified,No,Clear,No,Updated,58.8,No,,4,1,Completed,Approved,Issued,93.1,450.36,468.35,19.4,No,16.8,No,Yes,Yes,No,In Progress,0.78,2.91,1.61,Low,Low,Low,V,Black,Moderate,39.3,Low,SYNTHETIC_SIH26017_ENHANCED,Synthetic prototype dataset; added features are simulated and must not be represented as official parcel records.
LA-0703,Rajasthan,Ajmer,Highway,35.5,13,Partially Paid,46,0,Mostly Obtained,80.4,76.9,86.0,Complete,Completed,5,Possession,1,0,6,9.868801,76.17875,synthetic_demo_district_center,Non-Green Zone,19.4,14.7,19.2,6.13,No,No,104.0,No,Pending,No,No,540.0,1.9,5.88,4.61,18.93,3.02,Plateau,Agricultural,66.8,7.7,5.8,1.2,Yes,Not Required,14,2,3,33.8,Obtained,Low,Yes,Planned,Government,,Verified,No,Clear,Yes,Updated,66.2,No,,4,1,Completed,Partially Approved,Pending,51.1,6437.65,9706.17,86.1,No,-1.1,No,Yes,Yes,Yes,Pending,2.3,2.58,0.86,High,Medium,High,II,Laterite,Moderate,36.5,Low,SYNTHETIC_SIH26017_ENHANCED,Synthetic prototype dataset; added features are simulated and must not be represented as official parcel records.
LA-0704,Gujarat,Bhavnagar,Power,18.8,6,Partially Paid,38,0,Mostly Obtained,47.7,83.5,69.5,Complete,Pending,1,Planning,2,0,15,31.218744,77.183541,synthetic_demo_district_center,Non-Green Zone,3.2,10.8,33.0,2.4,No,No,740.0,No,Not Required,Yes,Yes,1524.4,8.1,1.74,6.93,23.69,8.58,Plain,Agricultural,61.9,5.2,7.5,2.2,No,Pending,5,7,1,33.4,Obtained,Low,Yes,Not Required,Government,,Verified,No,Clear,No,Pending,55.5,No,,4,4,Completed,Approved,Pending,58.7,1425.63,1841.72,81.8,No,-8.9,No,Yes,Yes,Yes,In Progress,2.35,2.54,1.85,Medium,Low,Low,III,Black,Poor,46.8,Medium,SYNTHETIC_SIH26017_ENHANCED,Synthetic prototype dataset; added features are simulated and must not be represented as official parcel records.
LA-0705,Rajasthan,Jaipur,Highway,22.1,5,Fully Paid,81,0,Mostly Obtained,51.4,84.6,54.1,Partially Complete,Completed,6,Rehabilitation,1,1,146,20.33771,85.839061,synthetic_demo_district_center,Non-Green Zone,14.0,8.3,18.6,4.0,No,No,831.0,No,Pending,No,No,892.5,1.3,0.64,5.27,9.11,16.06,Plain,Agricultural,82.5,2.4,2.1,5.0,No,Approved,5,2,0,44.3,Partial,High,Yes,In Progress,Government,Possible,Verified,No,Reported,No,Pending,61.7,No,,5,0,Completed,Pending,Issued,64.7,1723.58,3432.84,57.8,No,15.4,No,Yes,No,No,Not Required,2.09,2.62,3.61,Low,Low,Medium,III,Sandy,Good,50.8,Medium,SYNTHETIC_SIH26017_ENHANCED,Synthetic prototype dataset; added features are simulated and must not be represented as official parcel records.
LA-0706,Rajasthan,Jaipur,Power,42.7,21,Fully Paid,76,0,Full,47.7,75.4,60.8,Partially Complete,Partially Completed,6,Rehabilitation,1,0,11,13.024422,80.271767,synthetic_demo_district_center,Non-Green Zone,28.6,5.7,14.2,3.29,No,No,648.0,No,Not Required,No,No,1017.9,0.3,3.19,0.66,15.92,9.81,Hilly,Agricultural,43.2,8.6,4.7,6.7,No,Not Required,6,0,1,75.4,Pending,Medium,No,In Progress,Private,,Under Review,No,Reported,No,Updated,71.6,No,,1,1,Pending,Approved,Issued,50.5,978.98,1761.78,85.3,No,19.2,Yes,Yes,Yes,No,Not Required,1.68,3.11,4.44,Low,Low,Low,III,Laterite,Moderate,40.1,Medium,SYNTHETIC_SIH26017_ENHANCED,Synthetic prototype dataset; added features are simulated and must not be represented as official parcel records.
LA-0707,Rajasthan,Jaipur,Irrigation,5.9,4,Fully Paid,87,1,Mostly Obtained,32.6,46.3,65.9,Incomplete,Pending,3,Closure,1,0,0,20.192698,85.843151,synthetic_demo_district_center,Non-Green Zone,22.7,22.2,9.3,4.44,Yes,No,1417.0,Yes,Not Required,No,No,746.6,9.0,2.34,7.14,3.94,1.58,Plain,Residential,55.4,16.6,2.2,1.8,Yes,Not Required,7,5,0,60.4,Obtained,Low,Yes,Not Required,Private,,Verified,No,Clear,No,Updated,90.7,No,,0,0,Completed,Partially Approved,Pending,65.2,2445.08,4700.23,8.4,No,27.4,No,Yes,Yes,Yes,In Progress,1.68,6.01,3.38,Low,Low,Low,II,Loamy,Moderate,36.9,Low,SYNTHETIC_SIH26017_ENHANCED,Synthetic prototype dataset; added features are simulated and must not be represented as official parcel records.
LA-0708,Madhya Pradesh,Bhopal,Irrigation,65.9,19,Partially Paid,20,1,Partial,60.1,73.7,55.7,Complete,Partially Completed,1,Possession,0,0,0,30.332683,77.885785,synthetic_demo_district_center,Non-Green Zone,38.8,5.3,17.5,1.05,No,No,1519.0,No,Not Required,No,No,1051.3,4.3,7.53,14.24,9.93,19.82,Hilly,Agricultural,66.1,8.7,6.1,10.1,Yes,Not Required,16,6,3,82.3,Partial,Low,Yes,Not Required,Private,,Verified,No,Clear,No,Updated,86.2,Yes,Pending,6,3,Pending,Partially Approved,Issued,64.1,8531.8,12378.29,48.2,Yes,17.2,No,Yes,No,Yes,Pending,2.92,1.04,1.39,Medium,Low,High,III,Black,Good,51.2,Medium,SYNTHETIC_SIH26017_ENHANCED,Synthetic prototype dataset; added features are simulated and must not be represented as official parcel records.
LA-0709,Rajasthan,Kota,Industrial,25.9,13,Partially Paid,10,1,Partial,42.8,51.4,46.2,Complete,Completed,1,Compensation,0,0,14,16.406169,80.539279,synthetic_demo_district_center,Non-Green Zone,35.6,14.8,23.4,13.38,No,No,628.0,No,Not Required,Yes,Yes,1276.6,0.4,2.04,3.8,1.89,16.86,Coastal,Residential,66.0,6.6,2.0,1.2,Yes,Approved,4,0,0,93.1,Partial,Low,No,Not Required,Private,,Verified,No,Under Verification,No,Updated,70.5,No,,0,0,Pending,Pending,Issued,86.8,1114.85,1467.47,5.8,No,13.5,No,Yes,Yes,No,Not Required,2.27,4.26,3.57,Medium,Low,Medium,III,Sandy,Good,34.1,Low,SYNTHETIC_SIH26017_ENHANCED,Synthetic prototype dataset; added features are simulated and must not be represented as official parcel records.
LA-0710,Maharashtra,Aurangabad,Metro,18.0,7,Not Started,5,0,Full,16.3,83.0,57.4,Partially Complete,Partially Completed,5,Rehabilitation,2,0,22,23.259014,77.298465,synthetic_demo_district_center,Non-Green Zone,12.0,0.9,10.6,1.26,Yes,No,729.0,Yes,Not Required,No,No,1699.9,5.3,0.91,3.62,6.3,17.88,Coastal,Industrial,44.8,10.4,1.3,7.6,No,Approved,6,3,2,92.1,Partial,Medium,Yes,Planned,Government,,Verified,No,Under Verification,No,Updated,58.1,No,,2,2,Not Required,Pending,Issued,90.6,779.07,1218.25,99.9,No,-13.2,Yes,Yes,Yes,Yes,In Progress,2.54,2.13,5.56,Low,High,High,IV,Loamy,Moderate,63.9,Medium,SYNTHETIC_SIH26017_ENHANCED,Synthetic prototype dataset; added features are simulated and must not be represented as official parcel records.
LA-0711,West Bengal,Howrah,Highway,22.9,11,Partially Paid,61,1,Not Started,58.7,72.1,39.2,Complete,Completed,1,Compensation,3,0,30,31.232888,77.053712,synthetic_demo_district_center,Non-Green Zone,42.5,5.0,10.3,1.58,No,No,439.0,No,Not Required,Yes,Yes,1427.8,3.7,3.35,9.57,3.6,6.83,Plain,Wasteland,59.0,9.4,5.7,0.7,No,Pending,6,1,1,31.7,Pending,Medium,Yes,Completed,Joint,,Verified,No,Clear,No,Updated,99.0,No,,0,0,Pending,Approved,Pending,58.7,377.44,796.04,57.9,No,4.1,No,Yes,No,No,Not Required,1.32,9.3,1.17,Medium,High,Medium,III,Loamy,Good,36.1,Low,SYNTHETIC_SIH26017_ENHANCED,Synthetic prototype dataset; added features are simulated and must not be represented as official parcel records.
LA-0712,Gujarat,Vadodara,Irrigation,23.9,11,Fully Paid,4,1,Mostly Obtained,60.5,32.9,51.9,Partially Complete,Completed,1,Possession,0,0,0,17.07597,78.353062,synthetic_demo_district_center,Non-Green Zone,30.8,6.5,15.2,1.92,No,No,932.0,No,Pending,No,No,1630.0,2.1,3.64,3.84,11.19,5.87,Plain,Residential,75.7,10.4,3.9,8.2,No,Pending,6,3,3,70.6,Partial,Low,Yes,Planned,Government,,Verified,No,Clear,No,Updated,84.0,No,,0,0,Not Required,Approved,Issued,75.0,2643.2,5726.32,22.7,No,17.8,No,No,Yes,No,Not Required,6.84,1.74,4.05,Medium,Low,Low,II,Laterite,Poor,47.0,Medium,SYNTHETIC_SIH26017_ENHANCED,Synthetic prototype dataset; added features are simulated and must not be represented as official parcel records.
LA-0713,Uttar Pradesh,Lucknow,Railway,6.7,6,Partially Paid,36,3,Full,61.6,90.1,45.6,Complete,Completed,6,Possession,0,1,28,20.144116,85.873025,synthetic_demo_district_center,Non-Green Zone,26.6,7.1,17.4,8.44,No,No,534.0,No,Not Required,No,No,703.7,6.4,3.67,6.9,2.07,3.89,Coastal,Agricultural,67.4,4.8,8.0,0.9,No,Not Required,2,1,1,89.7,Partial,Medium,Yes,Not Required,Private,,Verified,No,Reported,No,Pending,84.3,No,,6,1,Completed,Pending,Pending,92.0,290.92,504.26,55.3,Yes,24.6,No,No,Yes,No,Not Required,2.71,2.02,4.02,Low,Low,Medium,V,Alluvial,Good,42.2,Medium,SYNTHETIC_SIH26017_ENHANCED,Synthetic prototype dataset; added features are simulated and must not be represented as official parcel records.
LA-0714,Odisha,Cuttack,Metro,75.3,30,Fully Paid,7,1,Mostly Obtained,54.0,67.3,49.0,Complete,Pending,2,Compensation,0,0,2,26.847895,75.621511,synthetic_demo_district_center,Green Zone,21.3,2.8,12.9,1.37,No,No,252.0,Yes,Not Required,No,No,1771.6,4.3,5.52,2.74,2.83,14.61,Coastal,Agricultural,49.9,10.1,7.5,0.3,No,Pending,24,10,6,59.5,Disputed,Low,Yes,Planned,Government,,Under Review,No,Reported,No,Updated,73.5,No,,4,3,Completed,Pending,Pending,55.5,2292.08,4644.62,98.8,No,20.5,No,Yes,Yes,No,Not Required,2.74,5.14,2.64,Low,Low,Low,IV,Loamy,Poor,49.1,Medium,SYNTHETIC_SIH26017_ENHANCED,Synthetic prototype dataset; added features are simulated and must not be represented as official parcel records.
LA-0715,Karnataka,Mysuru,Railway,25.3,16,Partially Paid,67,2,Full,43.5,57.5,54.0,Complete,Partially Completed,3,Planning,1,1,127,22.651473,88.159718,synthetic_demo_district_center,Non-Green Zone,56.0,3.0,8.3,1.42,No,No,533.0,No,Not Required,No,No,1667.0,5.7,2.37,9.32,6.55,4.57,Plain,Agricultural,84.6,10.7,2.7,11.2,No,Pending,5,6,0,85.8,Obtained,Low,Yes,Not Required,Private,,Verified,No,Reported,No,Updated,84.0,No,,0,0,Completed,Pending,Issued,54.5,824.39,1436.94,62.3,No,-8.9,Yes,Yes,Yes,Yes,Not Required,5.25,2.2,3.6,Low,Medium,Medium,III,Alluvial,Moderate,33.1,Low,SYNTHETIC_SIH26017_ENHANCED,Synthetic prototype dataset; added features are simulated and must not be represented as official parcel records.
LA-0716,Tamil Nadu,Chennai,Highway,34.2,20,Partially Paid,44,1,Mostly Obtained,79.5,51.8,83.4,Complete,Pending,4,Planning,1,0,2,23.415724,85.30571,synthetic_demo_district_center,Non-Green Zone,7.6,6.0,22.9,1.01,Yes,No,351.0,Yes,Pending,No,No,1445.3,2.7,2.14,27.06,10.42,25.48,Plain,Agricultural,57.9,7.4,4.6,4.1,No,Not Required,2,0,0,93.5,Obtained,Low,No,Not Required,Joint,,Verified,No,Clear,No,Updated,59.5,No,,2,2,Completed,Approved,Issued,92.3,190.01,269.45,99.5,No,21.5,No,Yes,Yes,Yes,Pending,1.54,1.82,0.65,Medium,Low,Low,II,Laterite,Good,41.8,Medium,SYNTHETIC_SIH26017_ENHANCED,Synthetic prototype dataset; added features are simulated and must not be represented as official parcel records.
LA-0717,Madhya Pradesh,Gwalior,Industrial,50.1,23,Fully Paid,67,1,Not Started,20.3,64.6,40.6,Complete,Partially Completed,5,Compensation,0,1,120,31.188965,77.135565,synthetic_demo_district_center,Buffer Zone,17.7,3.6,9.7,4.4,No,Yes,176.0,No,Not Required,No,No,1120.4,3.5,3.31,8.06,1.42,16.63,Plain,Commercial,41.9,1.9,5.2,0.6,Yes,Not Required,2,1,0,42.1,Obtained,Medium,Yes,Planned,Private,,Verified,No,Clear,No,Updated,81.9,No,,5,5,Pending,Pending,Issued,64.8,1334.38,1860.06,40.3,No,26.9,No,Yes,Yes,No,Not Required,1.12,3.42,5.25,High,Medium,Medium,IV,Red,Good,37.0,Low,SYNTHETIC_SIH26017_ENHANCED,Synthetic prototype dataset; added features are simulated and must not be represented as official parcel records.
LA-0718,Uttar Pradesh,Meerut,Highway,11.4,4,Partially Paid,36,0,Full,20.1,80.2,39.9,Complete,Completed,6,Compensation,2,0,3,26.753512,80.823465,synthetic_demo_district_center,Non-Green Zone,12.7,11.9,11.7,3.08,No,No,74.0,No,Not Required,No,No,608.6,1.0,6.56,3.01,8.86,3.06,Plain,Agricultural,36.9,13.0,2.8,3.9,Yes,Approved,3,1,0,60.6,Pending,High,Yes,Not Required,Private,,Under Review,No,Clear,Yes,Pending,60.8,No,,5,4,Pending,Approved,Issued,80.3,507.61,721.84,42.2,No,23.5,No,No,No,No,Not Required,1.41,2.67,4.41,Low,Low,Low,II,Sandy,Good,28.2,Low,SYNTHETIC_SIH26017_ENHANCED,Synthetic prototype dataset; added features are simulated and must not be represented as official parcel records.
LA-0719,Bihar,Gaya,Power,35.0,13,Partially Paid,13,1,Partial,88.3,64.5,63.3,Complete,Completed,6,Rehabilitation,3,0,37,31.201733,77.202761,synthetic_demo_district_center,Non-Green Zone,27.3,4.0,5.1,5.35,Yes,No,118.0,Yes,Pending,No,No,1767.8,1.7,3.66,15.3,10.21,10.23,Coastal,Agricultural,78.7,8.6,6.3,3.3,No,Not Required,8,2,1,87.0,Disputed,Medium,Yes,Not Required,Private,,Verified,No,Clear,No,Pending,60.6,No,,1,1,Not Required,Partially Approved,Pending,93.7,1229.49,1296.57,23.4,No,3.9,Yes,Yes,No,No,Not Required,3.64,5.91,2.2,Low,Low,High,IV,Red,Moderate,61.0,Medium,SYNTHETIC_SIH26017_ENHANCED,Synthetic prototype dataset; added features are simulated and must not be represented as official parcel records.
LA-0720,Maharashtra,Nashik,Railway,20.1,7,Partially Paid,21,1,Partial,94.0,51.4,58.6,Complete,Completed,5,Compensation,0,0,7,31.034198,77.319861,synthetic_demo_district_center,Buffer Zone,8.3,7.8,22.8,3.65,No,No,1083.0,No,Pending,No,No,192.9,5.0,2.91,1.95,4.94,28.46,Coastal,Wasteland,42.7,13.4,1.7,2.1,No,Not Required,18,2,6,61.2,Partial,High,Yes,In Progress,Private,,Under Review,No,Reported,No,Updated,84.5,No,Disposed,5,2,Completed,Pending,Issued,66.0,2607.01,5235.93,20.6,No,-11.6,No,Yes,No,No,Completed,4.27,4.06,4.23,Low,Medium,Medium,III,Sandy,Moderate,36.4,Low,SYNTHETIC_SIH26017_ENHANCED,Synthetic prototype dataset; added features are simulated and must not be represented as official parcel records.
LA-0721,Tamil Nadu,Salem,Highway,46.3,31,Not Started,57,0,Partial,67.4,68.7,46.1,Complete,Completed,1,Notification,4,1,167,22.703386,88.335707,synthetic_demo_district_center,Green Zone,26.4,2.8,4.5,3.89,No,No,93.0,Yes,Pending,Yes,Yes,816.6,4.9,2.13,4.46,4.09,33.84,Plain,Agricultural,59.6,3.3,0.3,0.7,No,Not Required,13,3,3,64.8,Pending,Low,Yes,In Progress,Private,,Verified,No,Under Verification,No,Updated,63.1,No,,6,6,Not Required,Pending,Issued,99.2,963.47,1291.32,70.0,No,11.1,No,Yes,No,No,Not Required,1.26,2.25,3.47,Low,Low,Low,IV,Sandy,Good,70.2,High,SYNTHETIC_SIH26017_ENHANCED,Synthetic prototype dataset; added features are simulated and must not be represented as official parcel records.
LA-0722,Odisha,Sambalpur,Metro,5.0,7,Mostly Paid,6,0,Partial,93.8,91.9,89.1,Partially Complete,Partially Completed,4,Compensation,0,0,5,28.461268,77.324403,synthetic_demo_district_center,Non-Green Zone,23.4,5.9,16.8,1.7,No,No,60.0,No,Pending,No,No,68.5,3.6,1.23,5.74,9.15,10.08,Plain,Agricultural,44.9,3.9,0.8,3.3,No,Approved,3,1,0,34.4,Pending,Low,Yes,Not Required,Private,,Verified,No,Clear,No,Pending,94.3,No,,6,3,Completed,Approved,Issued,78.4,413.66,554.57,5.1,No,31.2,No,No,Yes,No,Not Required,1.6,2.79,3.07,Low,High,Low,IV,Laterite,Good,46.3,Medium,SYNTHETIC_SIH26017_ENHANCED,Synthetic prototype dataset; added features are simulated and must not be represented as official parcel records.
LA-0723,Uttar Pradesh,Meerut,Highway,22.8,10,Partially Paid,19,1,Partial,62.9,49.3,53.9,Complete,Pending,6,Notification,1,0,34,31.118807,77.322418,synthetic_demo_district_center,Non-Green Zone,19.9,18.0,11.7,8.39,No,No,904.0,No,Not Required,No,No,1785.2,4.1,0.76,2.16,15.55,3.51,Hilly,Wasteland,79.9,10.6,0.4,2.7,No,Not Required,26,8,8,43.3,Obtained,Medium,Yes,Not Required,Government,,Verified,No,Clear,No,Updated,95.9,No,,0,0,Not Required,Pending,Issued,84.9,4107.43,4711.45,9.9,No,22.0,Yes,No,Yes,No,Completed,1.55,2.44,1.75,High,Low,Low,III,Loamy,Moderate,54.4,Medium,SYNTHETIC_SIH26017_ENHANCED,Synthetic prototype dataset; added features are simulated and must not be represented as official parcel records.
LA-0724,Tamil Nadu,Coimbatore,Railway,15.6,9,Mostly Paid,17,2,Partial,37.8,40.8,88.7,Complete,Completed,4,Planning,3,0,15,26.768234,75.723459,synthetic_demo_district_center,Non-Green Zone,8.0,6.2,10.8,5.89,No,No,709.0,No,Not Required,No,No,1696.8,5.2,3.3,16.3,9.99,5.89,Hilly,Industrial,43.0,7.2,3.2,3.7,Yes,Not Required,9,2,0,85.7,Pending,Low,Yes,Not Required,Private,,Verified,No,Clear,No,Updated,68.9,No,,1,1,Pending,Approved,Issued,50.3,1508.69,2398.4,7.0,No,5.4,No,Yes,No,Yes,Not Required,1.92,4.7,2.23,Low,Low,Low,II,Loamy,Good,33.0,Low,SYNTHETIC_SIH26017_ENHANCED,Synthetic prototype dataset; added features are simulated and must not be represented as official parcel records.
LA-0725,Uttar Pradesh,Mathura,Power,33.9,15,Fully Paid,28,0,Mostly Obtained,61.8,77.4,42.6,Complete,Pending,4,Planning,1,0,20,23.242965,77.417421,synthetic_demo_district_center,Green Zone,16.0,10.7,5.2,5.76,No,Yes,823.0,Yes,Pending,Yes,Yes,1161.8,6.9,2.23,11.21,17.01,13.99,Plain,Government,69.5,14.9,6.2,1.7,No,Not Required,8,3,2,33.2,Pending,Low,Yes,Completed,Private,,Verified,No,Clear,No,Pending,93.2,No,,1,1,Pending,Partially Approved,Issued,79.8,611.58,1102.11,12.2,No,24.6,No,Yes,No,No,Not Required,1.96,3.99,8.9,Medium,Low,Low,II,Black,Moderate,61.5,Medium,SYNTHETIC_SIH26017_ENHANCED,Synthetic prototype dataset; added features are simulated and must not be represented as official parcel records.
LA-0726,Maharashtra,Aurangabad,Highway,34.9,18,Mostly Paid,47,1,Full,50.4,64.5,85.7,Complete,Completed,5,Compensation,1,0,6,28.538089,77.131211,synthetic_demo_district_center,Non-Green Zone,9.7,7.2,15.9,7.55,No,No,845.0,No,Not Required,No,No,392.7,1.2,3.55,3.35,6.81,0.86,Plain,Agricultural,87.7,10.7,4.0,10.0,Yes,Not Required,5,3,2,81.0,Obtained,Low,Yes,Not Required,Private,,Verified,No,Clear,No,Updated,96.7,No,Pending,3,0,Not Required,Partially Approved,Issued,97.5,956.51,1966.94,60.3,No,16.5,No,Yes,Yes,No,Not Required,2.37,8.66,0.81,Low,Low,Low,III,Red,Good,42.8,Medium,SYNTHETIC_SIH26017_ENHANCED,Synthetic prototype dataset; added features are simulated and must not be represented as official parcel records.
LA-0727,Odisha,Sambalpur,Irrigation,14.4,6,Not Started,66,0,Partial,98.4,30.5,88.2,Complete,Completed,5,Planning,2,1,87,26.005521,91.624654,synthetic_demo_district_center,Non-Green Zone,5.2,1.4,26.7,10.68,No,No,818.0,No,Approved,Yes,Yes,968.9,0.9,0.51,17.24,9.62,19.93,Plain,Residential,69.8,7.2,2.5,0.9,No,Not Required,11,2,1,90.2,Pending,Low,Yes,Completed,Government,Possible,Under Review,No,Reported,No,Pending,58.5,No,,5,3,Completed,Partially Approved,Pending,50.6,1023.63,1649.49,42.1,No,12.5,Yes,Yes,No,No,Not Required,3.46,3.13,4.63,Low,Medium,Medium,IV,Laterite,Good,30.9,Low,SYNTHETIC_SIH26017_ENHANCED,Synthetic prototype dataset; added features are simulated and must not be represented as official parcel records.
LA-0728,Bihar,Gaya,Highway,14.4,6,Mostly Paid,8,0,Partial,80.0,56.8,62.1,Complete,Completed,6,Notification,2,0,15,30.353607,78.012163,synthetic_demo_district_center,Green Zone,7.7,2.2,32.6,2.97,No,No,112.0,Yes,Not Required,Yes,Yes,997.5,0.8,4.09,8.68,9.35,7.29,Plateau,Wasteland,46.8,9.8,3.1,2.8,No,Not Required,1,1,0,66.5,Pending,Medium,Yes,Not Required,Private,,Verified,No,Clear,No,Not Available,56.8,No,,1,1,Not Required,Approved,Issued,73.7,692.4,1096.66,38.1,No,11.7,No,Yes,Yes,No,Not Required,0.91,3.46,5.88,Low,Low,Low,III,Alluvial,Moderate,50.8,Medium,SYNTHETIC_SIH26017_ENHANCED,Synthetic prototype dataset; added features are simulated and must not be represented as official parcel records.
LA-0729,Rajasthan,Udaipur,Highway,22.6,16,Not Started,14,2,Mostly Obtained,37.9,74.2,64.9,Complete,Pending,6,Rehabilitation,1,1,112,23.462981,85.269582,synthetic_demo_district_center,Green Zone,18.0,2.1,1.9,8.11,No,No,456.0,Yes,Not Required,No,No,747.6,2.2,1.72,2.28,2.91,3.34,Plain,Agricultural,70.3,5.5,1.2,3.7,Yes,Not Required,8,3,3,89.4,Pending,Medium,Yes,Not Required,Private,,Under Review,No,Clear,Yes,Updated,98.5,No,,1,1,Completed,Partially Approved,Issued,88.3,1346.61,2734.57,90.9,Yes,26.0,No,Yes,Yes,Yes,Pending,2.39,3.52,4.69,High,Medium,Low,II,Loamy,Good,45.6,Medium,SYNTHETIC_SIH26017_ENHANCED,Synthetic prototype dataset; added features are simulated and must not be represented as official parcel records.
LA-0730,Gujarat,Rajkot,Power,12.5,4,Mostly Paid,9,0,Mostly Obtained,72.8,43.8,50.9,Complete,Partially Completed,6,Notification,2,0,1,30.320832,78.006497,synthetic_demo_district_center,Non-Green Zone,36.3,16.6,13.6,5.78,No,No,760.0,No,Not Required,No,No,1793.3,2.0,1.5,1.75,3.02,9.53,Plain,Residential,50.8,4.1,6.8,1.6,No,Pending,11,4,3,44.3,Disputed,Low,Yes,Not Required,Private,Possible,Verified,No,Clear,Yes,Pending,81.4,No,,1,1,Completed,Approved,Issued,86.2,885.52,1418.26,87.3,No,-9.9,No,Yes,Yes,Yes,Not Required,0.83,1.41,1.09,High,Medium,Low,IV,Sandy,Good,52.3,Medium,SYNTHETIC_SIH26017_ENHANCED,Synthetic prototype dataset; added features are simulated and must not be represented as official parcel records.
LA-0731,Bihar,Bhagalpur,Railway,46.1,18,Mostly Paid,29,3,Full,49.5,53.5,84.4,Partially Complete,Completed,2,Planning,1,0,10,19.050304,72.810212,synthetic_demo_district_center,Non-Green Zone,12.0,9.7,9.7,4.07,No,No,352.0,No,Not Required,Yes,Yes,723.8,0.5,5.65,4.29,19.19,7.98,Plain,Residential,39.6,4.2,2.3,0.3,Yes,Pending,1,0,0,23.0,Obtained,Medium,No,Not Required,Government,,Verified,No,Reported,No,Updated,69.1,No,,1,0,Not Required,Pending,Issued,95.4,55.09,93.25,67.7,No,2.4,No,Yes,No,No,Completed,0.82,3.76,1.39,Medium,Low,Low,III,Red,Good,53.3,Medium,SYNTHETIC_SIH26017_ENHANCED,Synthetic prototype dataset; added features are simulated and must not be represented as official parcel records.
LA-0732,Rajasthan,Kota,Highway,18.6,13,Partially Paid,10,3,Not Started,63.3,59.0,89.0,Partially Complete,Completed,5,Closure,0,0,9,23.244551,72.496583,synthetic_demo_district_center,Green Zone,52.5,9.1,10.5,4.22,No,No,413.0,Yes,Approved,No,No,614.1,8.1,3.68,2.42,11.16,6.66,Coastal,Commercial,62.7,7.2,2.0,1.1,No,Not Required,4,2,0,47.1,Pending,Low,Yes,Completed,Private,Confirmed,Verified,No,Clear,No,Updated,75.4,No,,0,0,Completed,Partially Approved,Pending,84.6,1260.4,1687.28,16.1,No,22.7,No,No,Yes,No,Pending,2.05,1.62,3.44,Low,Low,Medium,II,Laterite,Good,34.4,Low,SYNTHETIC_SIH26017_ENHANCED,Synthetic prototype dataset; added features are simulated and must not be represented as official parcel records.
LA-0733,Madhya Pradesh,Indore,Railway,5.0,3,Fully Paid,39,1,Full,20.7,32.5,84.0,Complete,Completed,5,Possession,2,1,160,25.590359,85.179932,synthetic_demo_district_center,Non-Green Zone,7.8,11.7,3.7,8.96,No,No,398.0,No,Pending,Yes,Yes,1223.9,1.4,0.14,4.93,6.31,11.03,Plain,Wasteland,59.8,9.1,4.1,4.7,No,Not Required,1,0,1,25.7,Disputed,Low,No,Planned,Government,,Verified,No,Clear,No,Updated,67.3,No,,2,2,Pending,Approved,Issued,62.8,258.23,307.1,89.0,No,-2.8,No,Yes,Yes,No,Pending,1.12,8.99,0.82,Low,Low,Low,III,Black,Good,78.0,High,SYNTHETIC_SIH26017_ENHANCED,Synthetic prototype dataset; added features are simulated and must not be represented as official parcel records.
LA-0734,West Bengal,Hooghly,Railway,18.5,11,Fully Paid,72,0,Partial,66.1,91.3,68.6,Complete,Completed,2,Planning,1,0,10,28.465023,77.149224,synthetic_demo_district_center,Non-Green Zone,29.0,1.6,13.7,6.63,No,No,338.0,No,Not Required,No,No,1181.5,3.2,3.94,11.43,4.27,4.05,Plain,Agricultural,40.6,5.6,6.3,3.5,No,Approved,19,4,1,53.4,Pending,Medium,Yes,Planned,Government,,Verified,No,Reported,No,Not Available,62.1,No,,2,2,Completed,Pending,Issued,74.4,3250.1,5114.32,39.5,No,-12.6,No,Yes,No,No,Not Required,1.85,2.91,1.51,High,Low,Low,IV,Black,Poor,40.9,Medium,SYNTHETIC_SIH26017_ENHANCED,Synthetic prototype dataset; added features are simulated and must not be represented as official parcel records.
LA-0735,Karnataka,Belagavi,Irrigation,11.3,5,Fully Paid,5,1,Mostly Obtained,47.8,43.0,52.9,Partially Complete,Pending,5,Planning,1,0,0,28.536084,77.004385,synthetic_demo_district_center,Buffer Zone,4.6,15.9,25.4,2.78,No,No,604.0,No,Approved,Yes,Yes,400.2,1.5,3.07,1.29,4.85,9.86,Plateau,Residential,51.5,9.0,1.1,5.3,No,Not Required,4,3,1,76.4,Partial,High,Yes,Not Required,Private,,Verified,No,Clear,No,Updated,95.5,No,,2,1,Completed,Approved,Issued,51.3,619.72,907.83,74.8,No,-12.9,No,No,Yes,No,Not Required,1.96,2.14,7.4,Low,Low,Low,III,Alluvial,Moderate,49.7,Medium,SYNTHETIC_SIH26017_ENHANCED,Synthetic prototype dataset; added features are simulated and must not be represented as official parcel records.
LA-0736,Karnataka,Belagavi,Railway,7.2,5,Partially Paid,14,1,Not Started,72.7,69.7,62.7,Partially Complete,Completed,1,Possession,1,0,18,19.043162,72.744297,synthetic_demo_district_center,Non-Green Zone,6.7,3.4,9.6,5.7,No,No,516.0,No,Not Required,Yes,Yes,1629.2,7.6,0.91,0.68,4.61,7.49,Plateau,Industrial,48.1,5.8,4.4,2.3,No,Approved,3,4,1,69.7,Obtained,High,Yes,In Progress,Government,,Verified,No,Clear,No,Updated,96.6,No,,2,0,Completed,Approved,Issued,93.5,558.2,806.47,60.7,No,-1.1,No,No,Yes,No,Not Required,1.54,2.67,2.07,Low,Low,Low,IV,Red,Moderate,35.7,Low,SYNTHETIC_SIH26017_ENHANCED,Synthetic prototype dataset; added features are simulated and must not be represented as official parcel records.
LA-0737,Gujarat,Bhavnagar,Irrigation,9.7,5,Mostly Paid,88,1,Partial,12.6,74.4,21.3,Incomplete,Pending,1,Possession,1,1,127,12.90735,77.451271,synthetic_demo_district_center,Non-Green Zone,8.4,1.8,17.7,1.55,No,No,805.0,No,Not Required,Yes,Yes,1775.6,5.1,0.31,9.79,23.64,2.45,Plain,Agricultural,70.6,6.7,1.1,6.7,No,Not Required,6,0,2,38.8,Disputed,Low,No,Not Required,Private,,Verified,No,Clear,No,Updated,60.7,No,,2,2,Not Required,Approved,Pending,72.8,1076.38,1370.72,70.4,No,31.3,No,Yes,Yes,No,Pending,1.85,1.6,0.88,Low,Low,Low,IV,Laterite,Good,73.3,High,SYNTHETIC_SIH26017_ENHANCED,Synthetic prototype dataset; added features are simulated and must not be represented as official parcel records.
LA-0738,Odisha,Sambalpur,Irrigation,26.6,17,Fully Paid,35,2,Partial,80.1,88.7,25.5,Complete,Completed,2,Planning,1,0,0,25.520143,85.340044,synthetic_demo_district_center,Buffer Zone,32.1,6.8,12.0,9.43,No,No,1405.0,No,Not Required,Yes,Yes,764.4,3.0,1.32,8.56,9.73,8.77,Plateau,Agricultural,63.7,12.6,1.0,4.3,No,Not Required,6,1,0,51.0,Partial,High,Yes,Not Required,Private,Possible,Verified,No,Clear,No,Updated,75.0,Yes,,3,2,Completed,Partially Approved,Issued,84.2,763.54,1558.86,10.0,No,17.2,Yes,Yes,Yes,No,In Progress,0.68,1.31,7.49,Low,Medium,Medium,II,Sandy,Poor,20.1,Low,SYNTHETIC_SIH26017_ENHANCED,Synthetic prototype dataset; added features are simulated and must not be represented as official parcel records.
LA-0739,Maharashtra,Nagpur,Metro,66.5,33,Partially Paid,20,1,Partial,7.9,96.9,81.1,Complete,Completed,6,Notification,1,1,72,26.883398,75.857922,synthetic_demo_district_center,Non-Green Zone,20.1,4.4,11.9,5.01,Yes,No,78.0,Yes,Not Required,No,No,936.3,7.9,3.1,5.72,8.38,16.45,Plateau,Wasteland,43.9,6.5,7.2,5.0,No,Not Required,6,6,3,27.6,Partial,Medium,Yes,In Progress,Private,,Verified,No,Clear,No,Pending,69.6,No,,0,0,Not Required,Approved,Issued,78.2,915.74,947.59,28.1,No,30.1,No,Yes,No,No,Not Required,1.42,4.6,5.55,High,Low,Low,III,Loamy,Moderate,42.8,Medium,SYNTHETIC_SIH26017_ENHANCED,Synthetic prototype dataset; added features are simulated and must not be represented as official parcel records.
LA-0740,Odisha,Sambalpur,Airport,31.0,17,Fully Paid,151,0,Partial,20.9,46.6,57.6,Partially Complete,Completed,2,Closure,0,1,178,16.459757,80.768408,synthetic_demo_district_center,Non-Green Zone,7.2,11.1,10.6,6.14,Yes,No,177.0,Yes,Not Required,No,No,205.4,7.0,2.99,3.35,1.96,2.67,Coastal,Agricultural,81.6,10.3,2.9,4.6,Yes,Not Required,5,1,0,56.3,Obtained,Medium,Yes,Not Required,Government,,Verified,No,Under Verification,No,Updated,61.0,No,,2,2,Completed,Approved,Issued,88.1,186.74,310.64,20.6,No,-2.7,Yes,Yes,Yes,No,Completed,1.23,6.1,4.8,High,Low,Medium,III,Sandy,Moderate,55.7,Medium,SYNTHETIC_SIH26017_ENHANCED,Synthetic prototype dataset; added features are simulated and must not be represented as official parcel records.
LA-0741,Maharashtra,Aurangabad,Railway,15.6,12,Not Started,24,0,Full,42.4,60.9,40.1,Partially Complete,Completed,1,Possession,1,1,73,25.764889,85.101324,synthetic_demo_district_center,Non-Green Zone,8.5,8.8,7.3,2.78,No,Yes,335.0,No,Approved,No,No,41.7,2.8,1.02,1.88,7.56,14.01,Hilly,Agricultural,53.9,16.1,1.3,2.4,No,Approved,3,1,1,79.1,Obtained,Low,Yes,In Progress,Private,,Verified,No,Clear,No,Updated,58.3,No,,5,1,Not Required,Approved,Issued,70.6,587.88,1224.5,69.8,No,18.6,No,Yes,Yes,No,Pending,1.69,1.26,1.45,Low,High,High,V,Red,Good,63.7,Medium,SYNTHETIC_SIH26017_ENHANCED,Synthetic prototype dataset; added features are simulated and must not be represented as official parcel records.
LA-0742,Odisha,Khordha,Airport,34.5,17,Not Started,46,0,Mostly Obtained,73.5,43.1,80.9,Complete,Partially Completed,4,Compensation,1,0,1,31.279188,77.333825,synthetic_demo_district_center,Non-Green Zone,35.6,10.2,20.7,8.37,No,No,273.0,No,Not Required,No,No,157.3,10.1,1.8,1.68,9.65,26.24,Coastal,Agricultural,77.7,15.3,1.0,2.4,Yes,Not Required,4,3,1,40.0,Partial,Medium,Yes,Not Required,Private,,Verified,No,Clear,Yes,Updated,75.9,No,Disposed,6,6,Completed,Pending,Issued,65.3,842.06,1349.06,56.5,No,32.0,No,Yes,Yes,No,Not Required,1.69,1.76,5.95,Low,Low,Low,II,Black,Moderate,31.4,Low,SYNTHETIC_SIH26017_ENHANCED,Synthetic prototype dataset; added features are simulated and must not be represented as official parcel records.
LA-0743,West Bengal,Hooghly,Highway,17.4,7,Fully Paid,15,1,Mostly Obtained,82.0,78.2,42.1,Partially Complete,Completed,5,Notification,1,0,23,31.168897,77.177686,synthetic_demo_district_center,Non-Green Zone,52.6,6.9,5.5,9.82,No,No,265.0,No,Pending,No,No,1666.2,8.3,3.74,4.86,6.94,13.1,Plain,Residential,78.3,7.2,2.3,2.5,Yes,Not Required,3,2,2,40.5,Obtained,Medium,Yes,Not Required,Government,,Under Review,No,Clear,Yes,Pending,90.3,No,,6,1,Not Required,Approved,Pending,97.5,1135.59,2492.58,43.2,No,12.4,No,Yes,Yes,No,In Progress,3.02,1.97,3.18,Low,Low,Medium,III,Red,Good,34.9,Low,SYNTHETIC_SIH26017_ENHANCED,Synthetic prototype dataset; added features are simulated and must not be represented as official parcel records.
LA-0744,Madhya Pradesh,Gwalior,Power,14.6,8,Fully Paid,13,1,Mostly Obtained,47.8,63.6,31.3,Complete,Completed,3,Notification,2,0,0,26.846463,75.659323,synthetic_demo_district_center,Non-Green Zone,47.5,1.3,18.9,4.44,No,No,1477.0,No,Not Required,No,No,1562.1,4.3,0.54,6.62,16.71,3.51,Plain,Agricultural,62.2,7.1,1.6,2.4,No,Pending,1,0,1,85.1,Pending,Low,No,In Progress,Joint,Confirmed,Under Review,No,Clear,No,Updated,60.7,No,,0,0,Completed,Pending,Pending,51.3,688.52,966.99,49.7,Yes,28.1,No,Yes,No,Yes,Not Required,4.42,4.22,9.3,Low,Low,Low,IV,Laterite,Poor,46.6,Medium,SYNTHETIC_SIH26017_ENHANCED,Synthetic prototype dataset; added features are simulated and must not be represented as official parcel records.
LA-0745,Madhya Pradesh,Gwalior,Metro,10.3,3,Fully Paid,48,1,Partial,28.6,45.0,60.8,Complete,Pending,3,Compensation,3,0,5,30.791608,75.748112,synthetic_demo_district_center,Buffer Zone,16.6,11.2,25.1,2.67,No,No,243.0,No,Not Required,Yes,Yes,1093.6,0.7,3.09,6.62,8.78,10.03,Plain,Agricultural,52.5,4.6,5.3,3.7,No,Pending,5,1,0,35.1,Pending,Low,Yes,Not Required,Private,Possible,Under Review,No,Clear,No,Updated,73.7,Yes,,4,2,Pending,Partially Approved,Pending,86.7,2404.13,5080.94,6.7,No,-5.4,Yes,Yes,No,No,Pending,4.54,2.58,4.04,High,Low,High,III,Sandy,Moderate,42.4,Medium,SYNTHETIC_SIH26017_ENHANCED,Synthetic prototype dataset; added features are simulated and must not be represented as official parcel records.
LA-0746,Rajasthan,Ajmer,Railway,6.6,3,Fully Paid,93,2,Full,40.4,81.1,69.5,Complete,Partially Completed,2,Closure,1,0,0,26.798917,80.71441,synthetic_demo_district_center,Non-Green Zone,47.3,9.7,12.3,4.21,No,No,486.0,No,Approved,No,No,1378.8,5.1,2.78,7.57,16.41,8.83,Plain,Commercial,53.7,11.1,3.7,1.5,No,Not Required,3,1,0,59.1,Pending,Low,Yes,In Progress,Private,,Under Review,No,Clear,No,Updated,80.4,No,Pending,1,1,Completed,Approved,Issued,66.4,510.4,1046.58,8.0,Yes,-3.1,No,No,Yes,Yes,Pending,0.52,0.22,11.59,Low,Low,Low,III,Alluvial,Good,46.8,Medium,SYNTHETIC_SIH26017_ENHANCED,Synthetic prototype dataset; added features are simulated and must not be represented as official parcel records.
LA-0747,Tamil Nadu,Tiruchirappalli,Industrial,18.3,11,Not Started,21,0,Mostly Obtained,87.5,91.8,73.3,Complete,Partially Completed,3,Planning,0,0,12,17.459838,78.376526,synthetic_demo_district_center,Buffer Zone,15.3,4.4,5.3,8.48,No,No,99.0,No,Not Required,Yes,Yes,1452.1,3.4,2.64,12.99,8.26,5.83,Plain,Industrial,61.1,10.8,5.0,3.6,Yes,Pending,16,12,3,29.6,Disputed,Medium,Yes,Not Required,Private,Possible,Verified,No,Under Verification,No,Updated,59.1,No,,0,0,Not Required,Partially Approved,Pending,97.8,2196.25,4457.68,66.1,No,6.0,No,No,Yes,No,Pending,0.16,3.59,2.76,Medium,Low,High,II,Laterite,Moderate,59.7,Medium,SYNTHETIC_SIH26017_ENHANCED,Synthetic prototype dataset; added features are simulated and must not be represented as official parcel records.
LA-0748,Madhya Pradesh,Ujjain,Power,27.6,21,Partially Paid,12,1,Partial,89.8,39.0,69.7,Partially Complete,Completed,4,Closure,0,0,27,27.070569,81.010877,synthetic_demo_district_center,Green Zone,40.4,3.7,10.5,3.12,No,No,1461.0,Yes,Approved,No,No,309.7,11.3,4.29,8.71,1.93,6.05,Plateau,Industrial,50.7,3.2,1.5,3.7,Yes,Not Required,8,3,2,38.6,Partial,Low,Yes,Not Required,Private,,Verified,No,Clear,No,Updated,87.1,No,,5,2,Not Required,Pending,Pending,91.9,1900.52,3133.17,85.3,No,4.2,No,Yes,No,No,In Progress,2.14,1.25,4.77,Low,Medium,Medium,II,Black,Moderate,38.0,Low,SYNTHETIC_SIH26017_ENHANCED,Synthetic prototype dataset; added features are simulated and must not be represented as official parcel records.
LA-0749,Madhya Pradesh,Gwalior,Highway,22.8,20,Fully Paid,60,0,Partial,18.7,51.1,66.6,Partially Complete,Completed,3,Notification,0,0,16,26.930899,75.805448,synthetic_demo_district_center,Non-Green Zone,42.8,10.6,27.1,1.7,No,Yes,123.0,No,Not Required,No,No,1643.4,4.0,1.7,1.2,5.5,7.04,Plain,Agricultural,67.0,8.7,4.3,9.1,No,Approved,1,0,1,48.7,Obtained,Low,No,Not Required,Private,,Verified,No,Clear,No,Updated,77.1,No,,1,0,Pending,Partially Approved,Issued,83.4,80.37,110.68,2.1,No,-0.7,No,Yes,Yes,No,In Progress,1.13,3.39,3.92,Medium,High,Low,II,Loamy,Moderate,39.1,Low,SYNTHETIC_SIH26017_ENHANCED,Synthetic prototype dataset; added features are simulated and must not be represented as official parcel records.
LA-0750,Bihar,Gaya,Highway,18.0,12,Partially Paid,21,0,Mostly Obtained,,91.3,53.4,Partially Complete,Pending,1,Compensation,0,0,22,23.332066,85.48861,synthetic_demo_district_center,Non-Green Zone,31.5,7.1,10.5,6.16,No,No,235.0,No,Approved,Yes,Yes,1288.5,0.4,4.83,3.21,13.63,17.96,Plain,Residential,42.0,11.7,1.5,1.3,No,Not Required,17,7,2,48.1,Obtained,Low,Yes,Planned,Joint,,Verified,No,Clear,No,Not Available,64.1,No,,3,3,Pending,Partially Approved,Issued,57.9,3078.67,5281.27,64.4,Yes,14.4,No,Yes,Yes,Yes,Completed,1.73,1.61,4.85,Low,Medium,Low,II,Laterite,Poor,57.4,Medium,SYNTHETIC_SIH26017_ENHANCED,Synthetic prototype dataset; added features are simulated and must not be represented as official parcel records.
LA-0751,Bihar,Nalanda,Power,12.1,5,Mostly Paid,40,0,Partial,17.4,77.4,68.5,Complete,Partially Completed,2,Planning,0,0,8,31.004938,75.87353,synthetic_demo_district_center,Non-Green Zone,56.0,3.9,23.5,9.0,No,No,531.0,No,Not Required,No,No,1786.8,1.0,0.91,6.25,10.52,0.84,Plain,Agricultural,47.7,8.6,3.1,4.4,No,Approved,9,4,1,78.5,Disputed,Low,Yes,Completed,Private,,Issue Found,Yes,Clear,No,Updated,84.4,Yes,,1,1,Not Required,Partially Approved,Issued,64.8,1764.35,3238.25,94.2,No,20.3,No,Yes,Yes,No,Pending,6.97,7.07,2.09,Low,Low,Low,IV,Alluvial,Moderate,67.8,Medium,SYNTHETIC_SIH26017_ENHANCED,Synthetic prototype dataset; added features are simulated and must not be represented as official parcel records.
LA-0752,Rajasthan,Ajmer,Power,38.7,12,Mostly Paid,20,1,Not Started,45.2,91.6,53.3,Complete,Completed,6,Possession,0,0,13,26.760809,80.949399,synthetic_demo_district_center,Green Zone,62.5,4.9,27.2,4.91,No,No,681.0,Yes,Not Required,No,No,1760.3,6.2,2.92,3.44,11.22,9.96,Plain,Commercial,79.4,3.1,6.4,2.2,No,Not Required,7,2,1,30.1,Partial,Low,Yes,Planned,Joint,Possible,Verified,No,Clear,No,Not Available,98.2,No,Disposed,6,3,Pending,Approved,Issued,57.2,1128.09,2057.0,51.1,No,4.2,No,Yes,No,No,Pending,1.38,4.81,0.47,Low,Medium,Low,III,Loamy,Good,35.3,Low,SYNTHETIC_SIH26017_ENHANCED,Synthetic prototype dataset; added features are simulated and must not be represented as official parcel records.
LA-0753,Tamil Nadu,Tiruchirappalli,Airport,9.1,7,Not Started,23,0,Full,17.2,71.4,64.2,Complete,Completed,3,Compensation,0,0,0,25.955388,91.742919,synthetic_demo_district_center,Non-Green Zone,34.7,16.9,10.7,7.5,No,No,1143.0,No,Not Required,Yes,Yes,316.0,2.4,1.39,8.58,4.25,7.73,Plain,Agricultural,49.2,9.8,4.1,0.2,Yes,Pending,4,1,0,42.3,Disputed,Low,Yes,Not Required,Private,,Verified,No,Clear,No,Updated,92.3,No,,2,1,Not Required,Approved,Issued,97.5,484.32,505.29,74.2,No,25.2,No,Yes,Yes,No,Completed,1.52,3.67,0.71,Medium,Low,Low,IV,Red,Good,46.3,Medium,SYNTHETIC_SIH26017_ENHANCED,Synthetic prototype dataset; added features are simulated and must not be represented as official parcel records.
LA-0754,Gujarat,Rajkot,Irrigation,43.9,21,Partially Paid,14,0,Mostly Obtained,86.6,,63.5,Complete,Completed,5,Possession,1,0,11,26.931713,80.9059,synthetic_demo_district_center,Non-Green Zone,21.2,1.3,9.0,7.97,No,No,92.0,No,Pending,No,No,819.2,2.3,2.35,1.08,14.29,4.9,Plateau,Industrial,57.7,16.2,3.1,1.7,Yes,Not Required,2,1,0,79.7,Partial,Low,Yes,Planned,Private,Possible,Verified,No,Clear,No,Updated,83.5,No,,4,4,Pending,Pending,Issued,95.0,1401.14,1729.39,13.0,No,-10.6,No,No,Yes,No,In Progress,1.05,1.9,2.6,Medium,High,Low,IV,Laterite,Good,42.7,Medium,SYNTHETIC_SIH26017_ENHANCED,Synthetic prototype dataset; added features are simulated and must not be represented as official parcel records.
LA-0755,Bihar,Muzaffarpur,Airport,11.6,4,Mostly Paid,49,0,Mostly Obtained,42.8,68.4,50.6,Partially Complete,Completed,2,Possession,1,0,5,12.868614,80.262765,synthetic_demo_district_center,Non-Green Zone,26.5,0.9,7.4,8.27,Yes,No,1801.0,Yes,Approved,No,No,162.7,0.5,2.15,8.19,5.0,24.6,Coastal,Agricultural,24.9,11.1,5.0,1.4,No,Approved,14,2,3,32.2,Obtained,Low,Yes,Completed,Private,,Verified,No,Reported,No,Updated,69.3,No,Pending,5,5,Pending,Partially Approved,Issued,71.8,2127.66,2739.51,70.1,No,31.2,No,Yes,No,Yes,Not Required,1.81,3.06,1.87,Low,Low,Low,V,Black,Good,41.1,Medium,SYNTHETIC_SIH26017_ENHANCED,Synthetic prototype dataset; added features are simulated and must not be represented as official parcel records.
LA-0756,Gujarat,Bhavnagar,Power,14.0,7,Fully Paid,41,1,Not Started,51.1,69.4,54.6,Complete,Completed,4,Compensation,3,0,10,22.5398,88.385273,synthetic_demo_district_center,Non-Green Zone,26.1,9.4,8.3,0.63,No,No,2209.0,No,Not Required,Yes,Yes,888.7,4.5,3.44,1.31,6.59,1.94,Plain,Industrial,52.5,6.5,1.7,1.4,Yes,Approved,5,2,1,72.7,Obtained,Low,Yes,Completed,Government,Possible,Under Review,No,Clear,No,Updated,85.6,No,,5,1,Pending,Pending,Issued,83.0,154.47,276.38,87.1,No,11.9,Yes,Yes,No,Yes,Completed,5.87,1.35,1.27,Medium,Low,High,III,Loamy,Good,39.5,Low,SYNTHETIC_SIH26017_ENHANCED,Synthetic prototype dataset; added features are simulated and must not be represented as official parcel records.
LA-0757,Uttar Pradesh,Kanpur Nagar,Railway,8.2,8,Mostly Paid,40,0,Partial,29.3,80.9,46.5,Partially Complete,Completed,1,Rehabilitation,1,0,10,30.137024,77.787426,synthetic_demo_district_center,Non-Green Zone,15.5,6.9,11.3,2.36,No,No,490.0,No,Not Required,No,No,1329.1,4.9,7.42,6.88,10.81,14.77,Plain,Wasteland,47.7,12.3,6.7,0.3,No,Approved,7,2,1,41.9,Obtained,Low,Yes,Not Required,Private,,Issue Found,Yes,Reported,No,Updated,76.0,No,Pending,6,3,Completed,Pending,Pending,62.1,1349.72,2447.88,46.2,No,15.2,No,Yes,Yes,Yes,In Progress,0.55,7.98,8.83,Medium,Medium,Low,III,Sandy,Moderate,72.3,High,SYNTHETIC_SIH26017_ENHANCED,Synthetic prototype dataset; added features are simulated and must not be represented as official parcel records.
LA-0758,Bihar,Muzaffarpur,Highway,16.8,8,Mostly Paid,16,1,Full,49.1,63.5,72.9,Partially Complete,Completed,3,Planning,1,0,9,9.81603,76.31937,synthetic_demo_district_center,Non-Green Zone,21.9,2.4,20.7,1.32,No,No,419.0,No,Approved,No,No,1392.0,2.5,1.83,5.64,5.1,17.06,Coastal,Commercial,65.0,17.2,5.0,4.3,No,Approved,9,2,1,25.9,Disputed,Low,Yes,Completed,Private,,Under Review,No,Clear,No,Pending,99.5,No,Pending,4,3,Completed,Approved,Pending,77.4,2041.83,4310.49,36.6,No,4.8,No,No,Yes,Yes,Not Required,3.24,0.81,1.03,Low,Low,Low,II,Loamy,Moderate,52.6,Medium,SYNTHETIC_SIH26017_ENHANCED,Synthetic prototype dataset; added features are simulated and must not be represented as official parcel records.
LA-0759,West Bengal,Howrah,Irrigation,51.0,26,Mostly Paid,38,1,Full,18.2,92.4,59.5,Complete,Completed,1,Possession,1,1,147,23.357566,85.275665,synthetic_demo_district_center,Non-Green Zone,13.6,10.2,17.4,5.47,No,No,504.0,No,Not Required,No,No,188.5,5.9,0.96,5.75,7.85,3.17,Plain,Agricultural,62.4,16.6,6.2,2.7,No,Not Required,4,1,1,85.3,Pending,Medium,Yes,Not Required,Private,,Verified,No,Reported,No,Not Available,56.8,No,Pending,2,2,Not Required,Approved,Pending,72.5,555.1,1114.12,53.1,No,19.3,No,Yes,No,No,Pending,2.95,5.31,3.17,Low,Low,Low,III,Laterite,Good,35.7,Low,SYNTHETIC_SIH26017_ENHANCED,Synthetic prototype dataset; added features are simulated and must not be represented as official parcel records.
LA-0760,Tamil Nadu,Salem,Industrial,36.1,14,Partially Paid,102,1,Partial,77.9,85.9,53.6,Partially Complete,Completed,4,Planning,3,0,30,17.416034,78.521524,synthetic_demo_district_center,Non-Green Zone,17.5,10.2,27.4,0.79,Yes,No,1813.0,Yes,Pending,No,No,867.2,12.3,0.36,2.74,19.5,15.03,Plain,Commercial,59.1,2.1,4.9,4.5,Yes,Pending,3,1,0,70.0,Partial,Low,Yes,Completed,Private,Confirmed,Under Review,No,Under Verification,No,Pending,58.5,No,,4,4,Not Required,Approved,Pending,58.4,2384.6,2774.02,5.7,No,-5.9,No,No,No,Yes,Pending,5.24,4.71,3.42,High,High,Low,II,Loamy,Moderate,49.7,Medium,SYNTHETIC_SIH26017_ENHANCED,Synthetic prototype dataset; added features are simulated and must not be represented as official parcel records.
LA-0761,Rajasthan,Jodhpur,Highway,51.1,22,Not Started,12,0,Not Started,48.7,41.5,47.1,Complete,Completed,6,Compensation,1,1,115,26.802499,75.696627,synthetic_demo_district_center,Buffer Zone,57.4,2.7,14.1,5.31,No,No,1174.0,No,Not Required,Yes,Yes,949.0,2.9,1.18,2.49,9.25,7.71,Plain,Residential,59.0,3.7,6.3,3.8,Yes,Not Required,6,2,2,41.9,Partial,Low,Yes,In Progress,Government,,Verified,No,Reported,No,Updated,70.9,Yes,,2,2,Not Required,Approved,Issued,60.8,296.54,358.28,35.2,No,4.6,No,No,No,Yes,In Progress,2.32,2.3,2.05,High,High,Medium,II,Black,Poor,46.0,Medium,SYNTHETIC_SIH26017_ENHANCED,Synthetic prototype dataset; added features are simulated and must not be represented as official parcel records.
LA-0762,Uttar Pradesh,Agra,Railway,36.3,9,Mostly Paid,15,0,Partial,61.9,61.6,42.1,Partially Complete,Completed,3,Rehabilitation,0,0,30,22.982764,72.48875,synthetic_demo_district_center,Green Zone,21.7,2.5,10.4,0.93,No,No,502.0,Yes,Approved,Yes,Yes,252.4,5.2,2.09,7.49,2.28,11.64,Plain,Agricultural,37.4,17.4,5.9,4.3,No,Not Required,7,3,0,29.9,Obtained,Low,Yes,Not Required,Private,,Verified,No,Clear,No,Updated,82.4,No,,3,3,Not Required,Partially Approved,Issued,70.4,1309.77,2622.58,28.7,No,-5.1,No,No,Yes,No,Pending,1.98,3.63,3.3,Medium,Medium,Low,III,Laterite,Moderate,28.4,Low,SYNTHETIC_SIH26017_ENHANCED,Synthetic prototype dataset; added features are simulated and must not be represented as official parcel records.
LA-0763,Tamil Nadu,Chennai,Airport,10.7,7,Not Started,16,0,Partial,61.9,86.0,67.2,Partially Complete,Partially Completed,6,Notification,2,0,26,25.637099,84.814759,synthetic_demo_district_center,Non-Green Zone,15.4,15.3,12.0,3.27,No,No,267.0,No,Pending,No,No,1022.3,5.6,0.38,7.25,24.4,8.45,Hilly,Agricultural,81.6,8.6,0.3,1.8,No,Not Required,4,0,2,72.7,Pending,Low,No,Not Required,Private,,Verified,No,Clear,No,Updated,88.4,No,,4,0,Completed,Partially Approved,Issued,75.4,410.41,841.76,8.7,No,20.9,No,Yes,Yes,No,Pending,2.33,1.36,4.94,High,High,Low,IV,Red,Good,37.6,Low,SYNTHETIC_SIH26017_ENHANCED,Synthetic prototype dataset; added features are simulated and must not be represented as official parcel records.
LA-0764,West Bengal,Darjeeling,Metro,19.1,9,Partially Paid,33,2,Mostly Obtained,60.2,82.8,54.9,Complete,Completed,6,Closure,1,1,99,31.080686,77.037405,synthetic_demo_district_center,Non-Green Zone,19.7,8.9,25.5,5.01,No,No,465.0,No,Approved,No,No,735.4,1.0,4.3,10.8,0.33,6.47,Coastal,Agricultural,94.8,3.6,1.7,0.3,No,Not Required,2,4,0,30.6,Pending,Low,Yes,In Progress,Private,,Verified,No,Clear,No,Pending,81.7,No,,4,3,Completed,Pending,Issued,52.8,962.06,1219.85,43.5,No,-11.2,No,Yes,No,No,Pending,1.4,0.49,3.87,Low,High,Low,III,Laterite,Good,32.7,Low,SYNTHETIC_SIH26017_ENHANCED,Synthetic prototype dataset; added features are simulated and must not be represented as official parcel records.
LA-0765,Tamil Nadu,Salem,Metro,13.7,9,Mostly Paid,11,0,Full,25.2,70.0,77.7,Complete,Pending,2,Closure,2,1,32,19.008892,72.723969,synthetic_demo_district_center,Non-Green Zone,21.5,12.0,13.6,6.16,Yes,No,212.0,Yes,Approved,No,No,406.8,0.6,1.19,5.74,18.35,1.44,Plain,Agricultural,71.1,10.0,8.0,3.2,Yes,Not Required,26,9,2,38.8,Disputed,High,Yes,Completed,Private,,Issue Found,Yes,Reported,No,Not Available,71.3,No,,6,1,Completed,Approved,Issued,72.6,6659.59,7876.95,12.5,No,-10.0,No,Yes,No,No,Not Required,1.07,4.72,0.81,Low,Low,Low,III,Alluvial,Good,80.4,High,SYNTHETIC_SIH26017_ENHANCED,Synthetic prototype dataset; added features are simulated and must not be represented as official parcel records.
LA-0766,West Bengal,Howrah,Metro,66.5,30,Mostly Paid,44,3,Partial,74.6,13.8,39.7,Partially Complete,Partially Completed,6,Compensation,3,1,97,22.568177,88.198787,synthetic_demo_district_center,Green Zone,21.4,4.1,14.7,1.64,No,No,154.0,Yes,Pending,No,No,1207.0,0.9,2.28,3.47,4.96,7.08,Plain,Agricultural,69.2,15.8,5.4,6.6,No,Not Required,1,2,0,42.5,Obtained,Low,Yes,Not Required,Private,,Verified,No,Clear,No,Pending,81.3,No,Disposed,3,3,Pending,Approved,Issued,93.9,203.68,401.18,94.8,No,23.3,No,Yes,Yes,Yes,In Progress,1.0,3.21,2.67,Low,High,High,II,Red,Moderate,46.2,Medium,SYNTHETIC_SIH26017_ENHANCED,Synthetic prototype dataset; added features are simulated and must not be represented as official parcel records.
LA-0767,West Bengal,Kolkata,Highway,10.0,3,Not Started,4,1,Not Started,71.5,81.8,64.9,Complete,Completed,2,Planning,2,0,10,23.382794,85.358601,synthetic_demo_district_center,Non-Green Zone,13.2,5.5,23.7,2.55,No,No,599.0,No,Not Required,No,No,1617.0,6.1,4.09,2.99,7.72,7.44,Plateau,Agricultural,89.7,8.6,5.5,6.1,Yes,Not Required,10,6,2,72.7,Partial,High,Yes,Not Required,Private,,Verified,No,Clear,No,Not Available,66.5,No,Pending,4,1,Not Required,Approved,Pending,72.4,4791.54,7985.71,89.7,Yes,30.4,Yes,Yes,Yes,Yes,Pending,2.4,3.09,3.38,High,Low,Low,III,Sandy,Good,45.2,Medium,SYNTHETIC_SIH26017_ENHANCED,Synthetic prototype dataset; added features are simulated and must not be represented as official parcel records.
LA-0768,Gujarat,Vadodara,Railway,48.0,25,Mostly Paid,53,0,Full,57.2,65.3,32.3,Partially Complete,Completed,6,Rehabilitation,0,0,2,30.099522,78.074015,synthetic_demo_district_center,Non-Green Zone,6.7,7.1,11.2,10.3,No,No,771.0,No,Pending,No,No,210.9,1.8,2.07,3.41,7.48,10.87,Hilly,Agricultural,74.2,9.4,1.6,3.5,No,Not Required,2,2,0,50.0,Obtained,Medium,Yes,Not Required,Private,Possible,Verified,No,Clear,No,Pending,74.5,No,,2,2,Completed,Pending,Pending,64.7,230.46,419.07,42.6,Yes,31.9,No,No,Yes,No,Pending,0.85,0.24,0.77,High,Medium,Low,III,Alluvial,Good,52.6,Medium,SYNTHETIC_SIH26017_ENHANCED,Synthetic prototype dataset; added features are simulated and must not be represented as official parcel records.
LA-0769,Odisha,Ganjam,Railway,47.9,18,Mostly Paid,39,0,Not Started,14.4,89.6,27.5,Complete,Completed,5,Closure,0,0,15,26.926205,75.889089,synthetic_demo_district_center,Buffer Zone,23.4,8.6,20.6,11.34,Yes,No,131.0,Yes,Pending,No,No,656.4,1.7,6.29,10.93,8.06,2.42,Plain,Agricultural,31.1,6.1,1.5,1.9,Yes,Approved,7,2,2,37.9,Partial,Low,Yes,Planned,Institutional,,Verified,No,Clear,No,Updated,77.1,No,,4,2,Completed,Pending,Pending,81.7,429.75,504.69,8.8,No,0.4,No,Yes,Yes,No,Not Required,2.67,7.26,2.4,Medium,Low,Low,II,Alluvial,Moderate,51.0,Medium,SYNTHETIC_SIH26017_ENHANCED,Synthetic prototype dataset; added features are simulated and must not be represented as official parcel records.
LA-0770,Uttar Pradesh,Agra,Highway,96.8,51,Not Started,100,1,Full,60.1,69.8,96.4,Complete,Pending,4,Notification,1,0,0,23.302228,77.402525,synthetic_demo_district_center,Green Zone,24.6,9.3,14.7,4.21,Yes,No,484.0,Yes,Approved,No,No,1651.6,1.8,0.96,5.46,7.89,1.7,Plateau,Wasteland,78.3,5.7,7.1,3.6,Yes,Not Required,4,4,2,86.1,Pending,Low,Yes,Planned,Joint,,Verified,No,Clear,No,Not Available,61.9,Yes,,2,0,Completed,Pending,Pending,54.3,1579.39,2571.28,58.9,No,-8.1,No,No,Yes,Yes,In Progress,0.53,2.96,4.54,Low,Low,Medium,II,Sandy,Good,34.8,Low,SYNTHETIC_SIH26017_ENHANCED,Synthetic prototype dataset; added features are simulated and must not be represented as official parcel records.
LA-0771,Tamil Nadu,Tiruchirappalli,Irrigation,18.0,7,Fully Paid,12,1,Mostly Obtained,33.8,21.3,82.8,Incomplete,Completed,3,Closure,2,1,142,23.39165,77.520391,synthetic_demo_district_center,Non-Green Zone,13.0,9.1,22.5,5.97,No,No,1001.0,No,Approved,No,No,242.4,4.5,3.25,4.15,8.14,33.06,Plain,Agricultural,66.7,8.7,1.4,2.4,Yes,Approved,43,23,10,83.2,Partial,High,Yes,Not Required,Government,,Verified,No,Clear,No,Not Available,79.3,No,,2,1,Completed,Partially Approved,Issued,57.3,12767.69,27325.78,66.7,No,3.5,No,Yes,Yes,No,Not Required,1.53,0.59,5.15,Low,Low,Low,III,Alluvial,Good,28.8,Low,SYNTHETIC_SIH26017_ENHANCED,Synthetic prototype dataset; added features are simulated and must not be represented as official parcel records.
LA-0772,Maharashtra,Pune,Railway,41.9,17,Not Started,62,0,Full,21.2,71.8,51.9,Partially Complete,Completed,1,Closure,1,1,117,23.56014,85.343779,synthetic_demo_district_center,Buffer Zone,0.8,9.5,17.4,2.03,Yes,No,622.0,Yes,Approved,No,No,973.2,0.9,2.22,2.74,7.21,7.06,Plain,Agricultural,45.0,7.0,4.1,4.3,No,Not Required,1,1,0,59.2,Partial,Low,Yes,In Progress,Private,,Under Review,No,Clear,No,Updated,68.7,No,,6,1,Completed,Approved,Issued,93.8,513.91,534.69,56.7,Yes,27.8,Yes,Yes,No,No,Completed,2.25,3.73,3.6,Medium,Low,Medium,III,Laterite,Poor,56.3,Medium,SYNTHETIC_SIH26017_ENHANCED,Synthetic prototype dataset; added features are simulated and must not be represented as official parcel records.
LA-0773,Uttar Pradesh,Agra,Irrigation,135.8,56,Fully Paid,28,1,Partial,33.2,66.9,47.0,Complete,Partially Completed,1,Compensation,1,0,11,26.942479,80.831892,synthetic_demo_district_center,Non-Green Zone,5.8,11.3,26.2,2.59,No,No,562.0,No,Not Required,No,No,1657.5,8.8,2.12,16.21,20.46,10.94,Coastal,Agricultural,67.0,4.9,4.6,11.0,No,Not Required,8,8,3,80.6,Pending,Medium,Yes,Not Required,Joint,,Verified,No,Clear,Yes,Updated,74.9,No,Disposed,6,2,Not Required,Approved,Issued,54.3,1465.12,3061.06,87.9,No,1.1,No,Yes,No,Yes,Completed,0.97,6.63,3.14,Medium,Low,Low,III,Alluvial,Good,35.2,Low,SYNTHETIC_SIH26017_ENHANCED,Synthetic prototype dataset; added features are simulated and must not be represented as official parcel records.
LA-0774,Odisha,Sambalpur,Irrigation,15.4,8,Not Started,23,0,Not Started,88.6,64.8,44.2,Complete,Pending,3,Rehabilitation,1,0,14,22.412866,88.318301,synthetic_demo_district_center,Non-Green Zone,13.5,10.4,12.6,5.19,No,No,228.0,No,Pending,No,No,946.9,4.1,0.86,1.97,10.97,5.54,Plain,Commercial,84.9,1.4,3.9,1.9,No,Not Required,4,3,1,60.0,Obtained,Medium,Yes,Not Required,Private,,Verified,No,Clear,No,Updated,76.6,No,,1,1,Not Required,Partially Approved,Issued,51.7,1792.84,3484.8,98.4,No,21.9,No,Yes,Yes,No,Not Required,2.2,0.26,1.53,Low,Low,High,IV,Alluvial,Moderate,43.9,Medium,SYNTHETIC_SIH26017_ENHANCED,Synthetic prototype dataset; added features are simulated and must not be represented as official parcel records.
LA-0775,Uttar Pradesh,Agra,Highway,7.8,4,Fully Paid,12,1,Partial,64.2,77.5,32.1,Complete,Completed,4,Compensation,1,1,112,17.330306,78.348459,synthetic_demo_district_center,Non-Green Zone,16.7,15.4,21.0,8.29,No,No,896.0,No,Not Required,No,No,867.2,4.9,1.31,7.28,5.06,2.61,Plain,Agricultural,87.7,8.0,3.7,5.8,No,Pending,1,0,0,27.9,Obtained,Medium,No,In Progress,Private,Confirmed,Verified,No,Reported,No,Pending,75.9,No,,1,1,Not Required,Pending,Issued,72.4,914.57,1589.51,61.1,No,20.7,No,Yes,Yes,No,Not Required,3.87,1.56,4.22,Low,Medium,Medium,III,Alluvial,Good,56.0,Medium,SYNTHETIC_SIH26017_ENHANCED,Synthetic prototype dataset; added features are simulated and must not be represented as official parcel records.
LA-0776,Madhya Pradesh,Jabalpur,Power,6.0,4,,20,3,Partial,61.6,58.5,70.4,Partially Complete,Pending,4,Possession,1,0,0,23.200957,77.498992,synthetic_demo_district_center,Non-Green Zone,21.9,11.5,27.0,6.15,No,Yes,745.0,No,Not Required,Yes,Yes,281.2,4.5,0.15,3.18,9.06,11.64,Hilly,Agricultural,64.5,1.4,2.8,4.4,No,Not Required,7,3,1,69.9,Partial,Low,Yes,Not Required,Private,,Issue Found,Yes,Clear,No,Updated,99.7,No,,4,0,Pending,Pending,Issued,62.6,632.83,813.35,75.7,No,6.2,No,No,Yes,No,Not Required,6.44,2.63,2.12,Medium,Low,Low,II,Sandy,Good,64.5,Medium,SYNTHETIC_SIH26017_ENHANCED,Synthetic prototype dataset; added features are simulated and must not be represented as official parcel records.
LA-0777,Maharashtra,Aurangabad,Metro,41.9,22,Fully Paid,21,0,Partial,57.3,60.6,35.1,Complete,Completed,6,Compensation,1,1,84,23.319346,77.35299,synthetic_demo_district_center,Green Zone,49.6,4.5,27.0,18.87,No,No,618.0,Yes,Approved,No,No,815.4,0.2,4.7,5.64,9.05,9.37,Hilly,Government,38.6,1.3,6.2,0.8,No,Pending,4,0,2,23.8,Obtained,Low,No,Not Required,Private,,Verified,No,Clear,No,Updated,63.9,No,,2,2,Not Required,Approved,Pending,88.3,696.03,1282.28,14.9,Yes,29.3,No,Yes,Yes,No,Completed,4.88,0.73,8.49,Low,Low,High,III,Black,Poor,48.8,Medium,SYNTHETIC_SIH26017_ENHANCED,Synthetic prototype dataset; added features are simulated and must not be represented as official parcel records.
LA-0778,Odisha,Ganjam,Irrigation,6.0,2,Partially Paid,7,1,Full,54.8,79.8,71.2,Complete,Pending,1,Notification,0,0,17,23.639725,85.091421,synthetic_demo_district_center,Green Zone,19.3,5.4,7.7,14.41,No,Yes,473.0,Yes,Not Required,No,No,955.7,2.4,0.97,1.94,7.96,2.01,Coastal,Government,66.6,11.5,3.6,0.3,No,Not Required,3,2,0,95.6,Partial,Low,Yes,Completed,Joint,,Verified,No,Reported,Yes,Not Available,67.7,No,,5,3,Not Required,Approved,Pending,62.6,1161.95,1438.77,10.9,No,26.1,No,Yes,Yes,Yes,Not Required,2.14,1.57,0.71,Medium,Low,Low,II,Red,Good,46.2,Medium,SYNTHETIC_SIH26017_ENHANCED,Synthetic prototype dataset; added features are simulated and must not be represented as official parcel records.
LA-0779,Gujarat,Ahmedabad,Highway,18.6,5,Fully Paid,39,0,Full,26.3,60.5,54.5,Incomplete,Completed,3,Rehabilitation,4,1,103,25.413623,85.159374,synthetic_demo_district_center,Non-Green Zone,4.1,17.0,10.2,2.08,No,No,1425.0,No,Pending,No,No,681.1,1.5,5.66,19.15,1.33,13.85,Coastal,Residential,45.2,6.3,1.6,1.7,Yes,Not Required,4,2,1,55.2,Obtained,Medium,Yes,Not Required,Private,,Verified,No,Under Verification,No,Updated,73.2,No,Pending,0,0,Completed,Approved,Issued,69.4,687.01,1452.94,36.1,No,16.1,No,Yes,Yes,No,Not Required,2.35,4.7,2.69,High,Low,Low,III,Alluvial,Poor,40.4,Medium,SYNTHETIC_SIH26017_ENHANCED,Synthetic prototype dataset; added features are simulated and must not be represented as official parcel records.
LA-0780,Tamil Nadu,Salem,Power,34.1,17,Mostly Paid,35,0,Mostly Obtained,43.4,49.6,61.3,Complete,Pending,6,Planning,3,0,18,17.378179,78.581045,synthetic_demo_district_center,Non-Green Zone,19.4,6.1,13.7,1.76,No,No,15.0,No,Not Required,No,No,1305.3,4.8,1.45,2.49,4.74,2.25,Plain,Agricultural,61.5,1.8,4.5,2.8,No,Not Required,2,2,1,78.0,Obtained,Low,Yes,In Progress,Private,,Verified,No,Under Verification,No,Updated,98.8,No,,1,1,Pending,Pending,Issued,72.1,895.56,1376.58,83.1,No,-0.5,No,Yes,No,No,Pending,5.78,1.69,8.26,Low,Low,Low,IV,Alluvial,Poor,26.2,Low,SYNTHETIC_SIH26017_ENHANCED,Synthetic prototype dataset; added features are simulated and must not be represented as official parcel records.
LA-0781,Karnataka,Mangaluru,Industrial,28.2,14,Not Started,46,0,Not Started,65.4,48.4,48.5,Partially Complete,Completed,3,Possession,6,1,133,30.933952,75.886884,synthetic_demo_district_center,Green Zone,13.3,3.0,26.6,4.87,No,No,682.0,Yes,Not Required,No,No,1689.0,4.9,0.76,15.05,15.45,5.17,Plain,Residential,77.3,20.9,5.3,4.7,No,Pending,17,4,4,30.7,Disputed,Medium,Yes,In Progress,Private,,Issue Found,Yes,Under Verification,No,Updated,64.0,No,,4,4,Completed,Approved,Pending,85.1,691.76,756.63,80.0,No,1.9,No,Yes,Yes,Yes,Pending,0.77,1.9,4.55,Low,Low,Low,IV,Red,Good,63.3,Medium,SYNTHETIC_SIH26017_ENHANCED,Synthetic prototype dataset; added features are simulated and must not be represented as official parcel records.
LA-0782,Odisha,Cuttack,Railway,33.8,14,Fully Paid,18,1,Mostly Obtained,84.7,94.6,69.6,Partially Complete,Completed,1,Rehabilitation,2,0,10,30.29955,77.896761,synthetic_demo_district_center,Non-Green Zone,14.4,3.6,9.9,10.17,No,No,268.0,No,Approved,Yes,Yes,1756.2,1.4,2.17,2.67,10.09,10.62,Plain,Commercial,71.7,13.3,4.7,10.7,Yes,Pending,4,1,2,37.5,Obtained,Low,Yes,Not Required,Private,,Verified,No,Clear,No,Updated,64.8,No,,0,0,Completed,Pending,Pending,55.1,1258.07,2405.9,61.5,No,22.1,No,Yes,Yes,Yes,Pending,2.61,5.68,11.22,Low,High,Low,II,Red,Moderate,30.6,Low,SYNTHETIC_SIH26017_ENHANCED,Synthetic prototype dataset; added features are simulated and must not be represented as official parcel records.
LA-0783,Rajasthan,Kota,Highway,29.0,10,Not Started,55,1,Mostly Obtained,20.0,57.6,81.3,Partially Complete,Completed,3,Notification,3,0,15,18.981812,72.713847,synthetic_demo_district_center,Non-Green Zone,9.4,15.5,5.0,2.67,No,No,1207.0,No,Not Required,No,No,1122.3,5.8,5.02,9.88,2.01,6.53,Plain,Agricultural,89.9,4.7,7.7,2.8,No,Not Required,19,6,8,22.7,Partial,Medium,Yes,Not Required,Joint,,Under Review,No,Clear,No,Updated,77.1,No,,6,5,Pending,Approved,Issued,86.0,2293.16,3684.25,52.9,No,-15.0,Yes,Yes,No,No,Not Required,0.27,4.68,4.68,Medium,High,Medium,II,Loamy,Good,21.1,Low,SYNTHETIC_SIH26017_ENHANCED,Synthetic prototype dataset; added features are simulated and must not be represented as official parcel records.
LA-0784,Tamil Nadu,Tiruchirappalli,Power,64.0,38,Fully Paid,75,1,Partial,41.7,24.6,61.5,Complete,Pending,3,Compensation,1,0,5,31.013411,77.021894,synthetic_demo_district_center,Green Zone,17.4,16.1,11.6,4.61,No,No,485.0,Yes,Not Required,No,No,437.3,2.5,0.94,0.79,13.81,4.3,Plain,Agricultural,69.5,19.5,3.0,1.0,No,Pending,2,0,0,65.7,Obtained,Medium,No,Not Required,Private,,Verified,No,Clear,No,Pending,93.4,No,,2,2,Completed,Partially Approved,Pending,62.9,453.74,988.81,38.4,No,22.5,No,Yes,Yes,Yes,Not Required,1.48,1.7,2.39,Low,Low,Medium,IV,Sandy,Good,35.3,Low,SYNTHETIC_SIH26017_ENHANCED,Synthetic prototype dataset; added features are simulated and must not be represented as official parcel records.
LA-0785,Odisha,Sambalpur,Power,12.0,6,Not Started,25,0,Full,61.6,51.3,70.0,Complete,Completed,6,Possession,2,0,16,13.106767,77.598092,synthetic_demo_district_center,Non-Green Zone,15.8,16.2,5.1,4.9,No,No,858.0,No,Approved,No,No,581.6,1.5,2.68,2.44,17.67,6.74,Plain,Agricultural,56.8,7.9,3.5,3.2,No,Not Required,2,3,1,81.1,Disputed,Medium,Yes,Not Required,Private,,Issue Found,Yes,Under Verification,No,Updated,79.4,No,,1,1,Completed,Pending,Issued,77.6,596.02,969.58,29.2,Yes,7.1,Yes,No,Yes,Yes,Pending,1.03,2.14,5.8,Low,Low,Low,II,Alluvial,Good,69.5,Medium,SYNTHETIC_SIH26017_ENHANCED,Synthetic prototype dataset; added features are simulated and must not be represented as official parcel records.
LA-0786,Madhya Pradesh,Jabalpur,Railway,14.8,9,Mostly Paid,13,1,Not Started,53.9,78.2,56.4,,Completed,2,Notification,1,0,8,26.853091,75.661342,synthetic_demo_district_center,Non-Green Zone,36.1,5.8,7.6,10.23,No,No,506.0,No,Approved,No,No,487.1,4.3,2.31,21.17,9.28,7.79,Plateau,Agricultural,49.5,9.6,6.1,0.2,No,Pending,11,4,4,90.2,Pending,Low,Yes,Completed,Private,Possible,Verified,No,Clear,Yes,Updated,97.2,No,Pending,0,0,Completed,Approved,Pending,52.0,915.64,1208.44,97.5,No,-7.0,Yes,Yes,Yes,No,Completed,0.98,1.38,2.64,Low,High,Low,IV,Alluvial,Poor,34.7,Low,SYNTHETIC_SIH26017_ENHANCED,Synthetic prototype dataset; added features are simulated and must not be represented as official parcel records.
LA-0787,Karnataka,Bengaluru Urban,Industrial,13.7,5,Fully Paid,31,0,Partial,70.9,78.6,89.5,Complete,Completed,2,Rehabilitation,1,0,37,18.978358,72.879938,synthetic_demo_district_center,Non-Green Zone,17.5,11.4,23.6,10.35,No,No,188.0,No,Not Required,No,No,1387.0,13.1,5.17,8.58,2.0,4.2,Plain,Residential,86.9,5.9,4.4,0.7,No,Pending,7,4,1,32.0,Disputed,Medium,Yes,Not Required,Private,,Under Review,No,Clear,No,Updated,59.5,No,,3,0,Not Required,Partially Approved,Issued,81.1,1459.8,2422.32,13.5,No,16.4,No,No,Yes,No,Not Required,2.97,2.08,6.29,Low,Low,High,III,Black,Good,44.6,Medium,SYNTHETIC_SIH26017_ENHANCED,Synthetic prototype dataset; added features are simulated and must not be represented as official parcel records.
LA-0788,Madhya Pradesh,Indore,Railway,45.7,24,Partially Paid,30,1,Not Started,62.2,25.0,82.8,,Completed,5,Compensation,1,0,1,25.567492,85.228119,synthetic_demo_district_center,Buffer Zone,66.0,8.1,6.8,8.07,No,No,321.0,No,Pending,Yes,Yes,973.2,5.8,0.89,0.11,6.52,2.66,Plain,Agricultural,65.9,1.4,1.8,5.0,No,Not Required,4,2,1,30.6,Obtained,Medium,Yes,Planned,Private,,Under Review,No,Clear,No,Updated,99.8,No,,4,1,Completed,Partially Approved,Issued,85.2,275.77,544.84,19.3,No,-13.0,No,Yes,No,No,In Progress,3.29,2.36,3.13,Low,Low,Low,II,Black,Good,54.7,Medium,SYNTHETIC_SIH26017_ENHANCED,Synthetic prototype dataset; added features are simulated and must not be represented as official parcel records.
LA-0789,Karnataka,Bengaluru Urban,Power,48.2,40,Partially Paid,26,0,Full,85.5,53.3,89.6,Partially Complete,Pending,6,Possession,0,0,8,21.322319,81.587729,synthetic_demo_district_center,Non-Green Zone,16.6,2.5,17.2,1.13,No,No,242.0,No,Approved,No,No,1606.1,2.8,3.04,6.55,11.51,4.87,Plateau,Agricultural,78.0,20.7,0.9,3.9,No,Not Required,2,1,0,68.6,Obtained,Medium,Yes,Completed,Private,,Verified,No,Reported,No,Updated,70.5,No,Pending,4,4,Not Required,Approved,Pending,91.9,553.3,749.35,51.5,No,31.1,No,Yes,No,No,Pending,5.14,1.67,7.26,Low,Medium,Low,III,Sandy,Good,56.1,Medium,SYNTHETIC_SIH26017_ENHANCED,Synthetic prototype dataset; added features are simulated and must not be represented as official parcel records.
LA-0790,Rajasthan,Jodhpur,Highway,34.4,18,Fully Paid,46,0,Mostly Obtained,75.2,51.9,73.7,Complete,Partially Completed,5,Notification,2,0,9,26.86722,75.871041,synthetic_demo_district_center,Green Zone,27.4,7.3,10.4,5.06,No,No,195.0,Yes,Not Required,Yes,Yes,1207.6,0.5,1.36,11.51,5.62,3.57,Plain,Residential,51.5,8.4,4.8,1.6,No,Pending,6,1,2,72.4,Obtained,Medium,Yes,Completed,Joint,,Verified,No,Clear,No,Updated,98.3,No,,5,3,Completed,Approved,Issued,70.2,2203.48,4036.14,31.4,No,20.8,No,Yes,Yes,Yes,Not Required,1.37,0.98,8.1,High,Low,High,III,Black,Moderate,40.8,Medium,SYNTHETIC_SIH26017_ENHANCED,Synthetic prototype dataset; added features are simulated and must not be represented as official parcel records.
LA-0791,Tamil Nadu,Coimbatore,Irrigation,59.6,34,Fully Paid,22,0,Partial,62.1,71.6,89.1,Partially Complete,Pending,4,Planning,3,0,0,22.948646,72.891092,synthetic_demo_district_center,Green Zone,9.6,5.2,8.6,4.7,No,No,459.0,Yes,Approved,No,No,742.0,5.4,5.84,5.35,8.63,11.97,Hilly,Government,58.5,12.9,1.0,1.5,No,Approved,5,3,2,92.1,Obtained,High,Yes,Planned,Private,,Verified,No,Under Verification,No,Updated,73.3,No,,2,2,Pending,Approved,Pending,63.1,348.48,351.26,87.1,No,8.0,Yes,No,Yes,No,In Progress,1.72,1.04,2.55,Low,Low,Low,IV,Alluvial,Good,37.3,Low,SYNTHETIC_SIH26017_ENHANCED,Synthetic prototype dataset; added features are simulated and must not be represented as official parcel records.
LA-0792,Gujarat,Ahmedabad,Railway,10.1,5,Fully Paid,12,2,Not Started,78.7,59.7,78.7,Complete,Partially Completed,2,Notification,1,0,19,27.00985,75.945946,synthetic_demo_district_center,Non-Green Zone,34.0,5.9,11.6,1.97,No,No,297.0,No,Not Required,No,No,1492.3,3.1,2.6,6.46,8.07,18.12,Plain,Agricultural,52.8,11.3,3.1,6.5,No,Not Required,7,6,1,55.2,Obtained,Low,Yes,Not Required,Private,,Under Review,No,Clear,No,Updated,86.7,Yes,,3,3,Completed,Partially Approved,Issued,65.2,1689.94,2060.73,48.0,No,17.6,No,Yes,Yes,No,Pending,6.67,1.53,2.06,High,Low,Low,V,Sandy,Moderate,44.1,Medium,SYNTHETIC_SIH26017_ENHANCED,Synthetic prototype dataset; added features are simulated and must not be represented as official parcel records.
LA-0793,Madhya Pradesh,Ujjain,Railway,85.7,45,Partially Paid,34,1,Not Started,89.5,39.5,45.8,Partially Complete,,2,Planning,0,0,8,9.93367,76.29629,synthetic_demo_district_center,Green Zone,38.6,13.3,21.9,4.02,No,No,472.0,Yes,Not Required,No,No,1798.8,2.0,5.79,7.63,5.19,2.27,Hilly,Industrial,83.8,12.1,7.8,1.4,No,Not Required,6,7,3,68.5,Obtained,Low,Yes,Not Required,Private,,Verified,No,Under Verification,No,Pending,91.8,No,,3,2,Pending,Pending,Pending,70.1,559.67,1064.63,28.5,No,26.5,No,Yes,No,Yes,Not Required,4.48,1.57,4.17,Medium,Low,Medium,II,Loamy,Good,55.9,Medium,SYNTHETIC_SIH26017_ENHANCED,Synthetic prototype dataset; added features are simulated and must not be represented as official parcel records.
LA-0794,Madhya Pradesh,Indore,Highway,76.9,42,Mostly Paid,48,3,Not Started,41.5,88.1,41.3,Partially Complete,Completed,2,Compensation,3,1,208,9.954709,76.271977,synthetic_demo_district_center,Non-Green Zone,14.9,3.4,14.3,4.59,No,No,1365.0,No,Not Required,No,No,1626.0,5.7,1.49,3.58,4.15,22.5,Hilly,Agricultural,45.4,14.0,4.2,5.3,No,Approved,4,0,0,86.1,Obtained,Low,No,Not Required,Private,,Verified,No,Clear,No,Not Available,70.5,No,,0,0,Not Required,Pending,Issued,72.1,739.09,1150.19,96.5,No,32.8,No,Yes,Yes,No,Not Required,3.34,4.41,4.53,Low,High,Low,III,Red,Good,44.3,Medium,SYNTHETIC_SIH26017_ENHANCED,Synthetic prototype dataset; added features are simulated and must not be represented as official parcel records.
LA-0795,West Bengal,Kolkata,Highway,42.6,22,Partially Paid,50,1,Partial,69.9,57.8,89.4,Incomplete,Completed,2,Possession,0,0,19,20.564051,85.651448,synthetic_demo_district_center,Non-Green Zone,27.8,2.8,10.4,14.65,No,No,75.0,No,Not Required,No,No,1024.3,1.7,0.42,1.76,12.65,1.91,Plain,Government,81.4,3.8,1.2,0.6,No,Not Required,29,8,6,90.0,Obtained,Medium,Yes,Completed,Joint,,Verified,No,Clear,No,Updated,84.5,Yes,,4,0,Completed,Pending,Issued,66.8,3358.91,4923.28,79.7,No,1.2,No,Yes,No,No,Pending,0.89,0.87,4.56,High,Medium,Low,II,Red,Good,49.1,Medium,SYNTHETIC_SIH26017_ENHANCED,Synthetic prototype dataset; added features are simulated and must not be represented as official parcel records.
LA-0796,Karnataka,Mysuru,Metro,93.3,45,Partially Paid,21,1,Partial,15.6,77.3,23.4,Complete,Partially Completed,4,Planning,1,0,6,21.230727,81.576557,synthetic_demo_district_center,Non-Green Zone,24.1,3.5,32.5,11.18,Yes,No,979.0,Yes,Pending,No,No,652.2,2.3,1.09,13.55,11.44,1.6,Plain,Agricultural,50.6,19.5,7.5,2.6,No,Pending,12,6,2,87.9,Pending,Medium,Yes,Planned,Private,,Verified,No,Under Verification,Yes,Updated,78.9,No,,2,2,Not Required,Approved,Issued,78.8,1404.58,3076.07,17.6,No,7.1,No,Yes,Yes,No,Completed,0.65,3.04,2.88,Low,Low,Low,IV,Loamy,Moderate,38.9,Low,SYNTHETIC_SIH26017_ENHANCED,Synthetic prototype dataset; added features are simulated and must not be represented as official parcel records.
LA-0797,Bihar,Muzaffarpur,Railway,7.1,2,Fully Paid,37,0,Partial,35.4,46.8,57.4,Partially Complete,Pending,1,Planning,3,0,11,13.214993,80.316879,synthetic_demo_district_center,Green Zone,49.4,12.0,9.6,3.24,Yes,No,1236.0,Yes,Not Required,No,No,599.1,1.3,2.08,2.42,24.45,5.63,Plain,Residential,85.6,2.3,2.5,4.9,No,Not Required,2,2,0,61.3,Obtained,High,Yes,Not Required,Joint,,Verified,No,Clear,No,Not Available,58.7,No,,5,5,Completed,Approved,Issued,51.6,1328.3,1434.86,86.8,No,11.2,No,Yes,No,No,Not Required,1.76,4.8,0.99,Medium,Low,Medium,IV,Black,Moderate,35.2,Low,SYNTHETIC_SIH26017_ENHANCED,Synthetic prototype dataset; added features are simulated and must not be represented as official parcel records.
LA-0798,Tamil Nadu,Tiruchirappalli,Irrigation,16.6,8,Partially Paid,76,1,Full,81.3,79.1,80.8,Complete,Completed,4,Compensation,2,0,19,26.068072,91.580448,synthetic_demo_district_center,Non-Green Zone,13.0,12.6,8.8,4.87,No,No,302.0,No,Pending,Yes,Yes,1766.1,7.7,6.51,14.17,2.32,3.85,Coastal,Commercial,67.3,3.0,2.8,4.9,No,Pending,11,4,4,64.0,Partial,High,Yes,Not Required,Joint,,Verified,No,Clear,No,Pending,68.9,No,,0,0,Completed,Pending,Pending,84.3,703.79,797.6,44.2,Yes,31.8,Yes,No,Yes,No,Completed,1.74,0.37,0.1,Low,Medium,Medium,III,Black,Poor,64.5,Medium,SYNTHETIC_SIH26017_ENHANCED,Synthetic prototype dataset; added features are simulated and must not be represented as official parcel records.
LA-0799,Karnataka,Hubballi,Highway,14.1,8,Mostly Paid,63,1,Partial,82.5,,41.7,Partially Complete,Completed,1,Rehabilitation,1,0,8,23.319198,77.570278,synthetic_demo_district_center,Non-Green Zone,26.3,8.1,15.5,3.4,No,No,1384.0,No,Pending,No,No,890.8,2.6,4.07,8.92,11.73,1.58,Plateau,Commercial,58.7,9.7,3.6,3.8,Yes,Pending,17,4,3,85.2,Obtained,Medium,Yes,Planned,Private,,Verified,No,Clear,No,Updated,58.9,No,,4,1,Not Required,Pending,Issued,76.8,3527.79,6042.6,71.3,No,8.4,No,Yes,No,Yes,Completed,0.27,2.16,5.8,Low,Low,Low,III,Laterite,Good,48.8,Medium,SYNTHETIC_SIH26017_ENHANCED,Synthetic prototype dataset; added features are simulated and must not be represented as official parcel records.
LA-0800,West Bengal,Howrah,Railway,42.1,12,Mostly Paid,6,0,Mostly Obtained,21.8,76.2,87.1,Complete,Completed,5,Possession,1,0,8,23.12675,72.499939,synthetic_demo_district_center,Non-Green Zone,22.1,3.5,8.2,3.49,No,No,1151.0,No,Pending,No,No,1331.2,4.3,3.03,6.23,2.64,7.27,Plain,Agricultural,63.9,16.7,2.6,4.3,Yes,Not Required,8,3,1,81.5,Obtained,Low,Yes,Not Required,Private,,Under Review,No,Clear,No,Pending,82.1,No,Disposed,2,2,Completed,Approved,Issued,76.1,520.56,563.77,86.5,Yes,26.3,Yes,Yes,Yes,No,Completed,2.35,2.07,5.7,Medium,Medium,Low,II,Red,Good,55.7,Medium,SYNTHETIC_SIH26017_ENHANCED,Synthetic prototype dataset; added features are simulated and must not be represented as official parcel records.
LA-0801,Uttar Pradesh,Lucknow,Railway,11.2,6,Mostly Paid,23,0,Not Started,61.9,12.4,76.4,Complete,Completed,2,Planning,0,1,119,13.032871,77.517218,synthetic_demo_district_center,Non-Green Zone,16.8,6.0,22.7,4.48,No,Yes,618.0,No,Pending,Yes,Yes,1056.2,2.3,4.79,8.63,5.25,7.25,Plateau,Agricultural,67.4,8.0,1.3,3.9,Yes,Not Required,5,0,1,76.9,Partial,Low,No,Not Required,Government,,Verified,No,Clear,No,Updated,55.2,Yes,,4,1,Completed,Pending,Pending,90.9,274.1,317.81,25.2,No,-13.5,Yes,Yes,Yes,No,In Progress,1.1,4.7,2.17,Low,Low,Medium,II,Black,Good,45.7,Medium,SYNTHETIC_SIH26017_ENHANCED,Synthetic prototype dataset; added features are simulated and must not be represented as official parcel records.
LA-0802,Karnataka,Hubballi,Highway,43.3,22,Fully Paid,72,0,Partial,92.5,50.2,56.9,,Pending,6,Closure,3,0,0,19.190232,72.97037,synthetic_demo_district_center,Non-Green Zone,12.6,9.5,8.4,6.44,Yes,No,853.0,Yes,Not Required,No,No,1537.5,2.9,4.72,5.38,6.71,3.17,Plain,Agricultural,68.3,20.2,1.0,4.9,No,Not Required,4,2,1,22.7,Disputed,Medium,Yes,Not Required,Joint,,Under Review,No,Clear,No,Updated,58.3,Yes,,3,1,Not Required,Pending,Pending,88.3,1415.87,2585.06,75.4,No,-1.3,No,No,Yes,No,Not Required,2.67,1.14,4.87,Low,High,Medium,II,Sandy,Poor,46.7,Medium,SYNTHETIC_SIH26017_ENHANCED,Synthetic prototype dataset; added features are simulated and must not be represented as official parcel records.
LA-0803,Gujarat,Rajkot,Highway,68.6,37,Mostly Paid,6,0,Partial,67.7,62.9,80.5,Complete,Completed,6,Closure,1,1,28,31.071504,75.720319,synthetic_demo_district_center,Non-Green Zone,15.8,9.4,22.2,4.65,No,No,433.0,No,Not Required,No,No,633.4,5.9,3.65,8.34,12.91,45.26,Coastal,Residential,35.1,15.7,4.0,3.8,No,Pending,8,1,2,51.1,Pending,High,Yes,Not Required,Private,,Under Review,No,Clear,No,Updated,69.8,Yes,,1,1,Pending,Approved,Issued,89.5,914.35,1787.52,45.7,No,0.6,No,Yes,No,Yes,Not Required,0.1,2.99,2.26,Low,Low,Low,II,Loamy,Moderate,35.9,Low,SYNTHETIC_SIH26017_ENHANCED,Synthetic prototype dataset; added features are simulated and must not be represented as official parcel records.
LA-0804,Tamil Nadu,Coimbatore,Railway,41.3,22,Mostly Paid,28,1,Partial,19.7,34.6,17.4,Complete,Partially Completed,1,Compensation,3,0,1,26.084634,91.759142,synthetic_demo_district_center,Non-Green Zone,9.8,4.8,24.0,5.21,No,No,701.0,No,Pending,Yes,Yes,1426.4,1.9,0.75,4.4,9.61,23.14,Coastal,Agricultural,84.3,6.0,5.3,6.0,No,Not Required,5,4,1,43.5,Pending,High,Yes,Not Required,Private,,Verified,No,Clear,No,Updated,76.3,No,,3,3,Pending,Approved,Issued,57.6,1719.54,3515.04,64.2,No,-4.4,No,Yes,Yes,No,Completed,0.78,1.43,0.83,High,Low,High,IV,Loamy,Good,48.2,Medium,SYNTHETIC_SIH26017_ENHANCED,Synthetic prototype dataset; added features are simulated and must not be represented as official parcel records.
LA-0805,West Bengal,Kolkata,Metro,30.4,11,Fully Paid,18,1,Not Started,62.0,34.5,83.7,Partially Complete,Partially Completed,4,Possession,1,0,30,22.472108,88.374544,synthetic_demo_district_center,Non-Green Zone,13.7,11.3,7.7,2.01,No,Yes,361.0,No,Not Required,No,No,947.4,2.9,5.1,5.04,3.73,11.6,Hilly,Residential,37.4,20.0,4.5,1.3,No,Not Required,1,1,0,29.4,Partial,Low,Yes,Completed,Private,,Verified,No,Clear,No,Updated,89.7,No,,0,0,Pending,Partially Approved,Pending,97.5,771.59,785.16,19.8,No,3.2,No,No,Yes,Yes,In Progress,0.84,0.85,1.64,Low,Low,Low,III,Laterite,Good,34.3,Low,SYNTHETIC_SIH26017_ENHANCED,Synthetic prototype dataset; added features are simulated and must not be represented as official parcel records.
LA-0806,Uttar Pradesh,Agra,Railway,11.7,5,Mostly Paid,38,1,Full,28.2,52.4,58.3,Complete,Partially Completed,1,Compensation,4,0,6,12.926538,80.165705,synthetic_demo_district_center,Non-Green Zone,9.9,14.7,14.4,2.14,Yes,No,575.0,Yes,Pending,No,No,33.5,5.0,3.17,3.71,4.02,15.15,Plain,Agricultural,77.1,6.1,1.8,4.9,No,Pending,4,6,0,33.0,Pending,Low,Yes,Planned,Government,,Verified,No,Clear,No,Updated,61.0,No,Pending,2,2,Not Required,Approved,Issued,85.9,534.27,947.59,44.3,Yes,9.2,Yes,Yes,Yes,No,Not Required,1.75,1.43,2.53,Medium,Low,High,III,Sandy,Moderate,53.4,Medium,SYNTHETIC_SIH26017_ENHANCED,Synthetic prototype dataset; added features are simulated and must not be represented as official parcel records.
LA-0807,Maharashtra,Nagpur,Industrial,13.0,8,Not Started,3,1,Full,53.6,27.9,30.9,Partially Complete,Partially Completed,3,Closure,0,0,14,28.434977,76.898737,synthetic_demo_district_center,Non-Green Zone,0.3,4.2,15.3,3.92,No,No,1160.0,No,Not Required,No,No,784.7,3.3,1.03,2.74,6.31,8.37,Plain,Residential,69.4,6.5,2.8,6.7,Yes,Not Required,9,1,2,73.7,Partial,Low,Yes,Planned,Private,Possible,Under Review,No,Clear,No,Pending,73.7,No,,3,0,Not Required,Pending,Pending,54.9,1638.07,2600.95,51.0,No,34.2,No,No,No,No,Pending,1.42,2.47,2.17,Low,Low,Low,II,Laterite,Poor,31.0,Low,SYNTHETIC_SIH26017_ENHANCED,Synthetic prototype dataset; added features are simulated and must not be represented as official parcel records.
LA-0808,West Bengal,Hooghly,Industrial,62.6,32,Not Started,68,0,Not Started,39.8,48.2,36.7,Complete,Completed,5,Possession,4,0,7,21.229239,81.783707,synthetic_demo_district_center,Non-Green Zone,14.4,4.3,14.7,0.87,Yes,No,223.0,Yes,Not Required,Yes,Yes,248.8,0.6,1.09,6.76,11.88,12.53,Plateau,Agricultural,60.3,18.5,7.8,0.6,Yes,Not Required,8,2,1,64.8,Partial,Low,Yes,In Progress,Private,Possible,Verified,No,Clear,No,Not Available,99.2,No,,1,1,Pending,Approved,Issued,65.8,2462.46,4579.79,46.7,No,-4.0,Yes,No,No,No,Not Required,0.45,5.52,3.58,Medium,Medium,High,III,Black,Good,18.1,Low,SYNTHETIC_SIH26017_ENHANCED,Synthetic prototype dataset; added features are simulated and must not be represented as official parcel records.
LA-0809,Maharashtra,Nashik,Highway,44.0,20,Not Started,29,0,Partial,25.0,78.5,82.3,Complete,Partially Completed,5,Closure,0,1,81,26.987136,75.760919,synthetic_demo_district_center,Non-Green Zone,6.5,11.8,26.2,6.13,No,Yes,1040.0,No,Not Required,No,No,764.7,9.4,1.33,1.76,11.03,5.02,Plain,Agricultural,51.9,17.1,1.6,8.5,No,Approved,4,3,2,75.9,Pending,Low,Yes,Planned,Government,,Issue Found,Yes,Clear,No,Updated,86.9,No,Disposed,0,0,Completed,Approved,Issued,91.8,2006.45,3996.29,75.6,No,5.4,No,No,No,No,In Progress,1.26,3.28,0.73,Low,Low,High,III,Sandy,Good,48.8,Medium,SYNTHETIC_SIH26017_ENHANCED,Synthetic prototype dataset; added features are simulated and must not be represented as official parcel records.
LA-0810,Tamil Nadu,Chennai,Metro,23.8,15,Mostly Paid,11,0,Full,33.1,51.3,73.6,Complete,Completed,2,Notification,0,0,12,30.945434,77.244317,synthetic_demo_district_center,Non-Green Zone,15.4,11.5,13.7,0.98,No,No,466.0,No,Not Required,Yes,Yes,710.8,4.0,3.17,10.89,0.17,12.02,Plain,Government,78.4,5.8,7.0,1.9,No,Approved,18,7,2,57.9,Partial,Medium,Yes,Planned,Private,,Verified,No,Clear,No,Updated,78.0,No,,0,0,Not Required,Pending,Issued,78.4,726.36,1337.8,6.6,Yes,30.5,No,Yes,No,No,Pending,2.42,4.71,2.31,Low,Medium,Medium,IV,Red,Moderate,43.0,Medium,SYNTHETIC_SIH26017_ENHANCED,Synthetic prototype dataset; added features are simulated and must not be represented as official parcel records.
LA-0811,Madhya Pradesh,Indore,Airport,17.9,16,Fully Paid,16,0,Not Started,,26.9,71.7,Complete,Partially Completed,2,Compensation,0,0,15,20.188578,85.859966,synthetic_demo_district_center,Non-Green Zone,34.1,0.5,12.3,1.43,No,No,303.0,No,Not Required,No,No,287.0,2.3,5.79,14.87,16.97,2.52,Plain,Agricultural,44.8,4.0,2.1,7.8,No,Approved,2,0,2,23.4,Obtained,Low,No,In Progress,Private,Possible,Under Review,No,Clear,Yes,Updated,85.7,No,,4,2,Completed,Partially Approved,Issued,82.6,1366.87,2235.59,92.9,No,5.4,No,Yes,Yes,Yes,In Progress,3.87,2.4,10.07,Medium,High,Low,III,Alluvial,Good,48.8,Medium,SYNTHETIC_SIH26017_ENHANCED,Synthetic prototype dataset; added features are simulated and must not be represented as official parcel records.
LA-0812,West Bengal,Darjeeling,Metro,5.4,5,Partially Paid,39,1,Mostly Obtained,66.4,43.6,87.0,Complete,Completed,4,Rehabilitation,2,0,25,22.543396,88.570852,synthetic_demo_district_center,Non-Green Zone,22.3,5.1,21.3,3.04,No,No,428.0,No,Not Required,No,No,105.8,2.4,4.53,2.27,2.43,10.03,Plain,Agricultural,88.7,15.5,7.1,2.9,No,Not Required,10,6,4,75.1,Obtained,Low,Yes,Completed,Private,,Verified,No,Reported,No,Updated,74.4,No,,5,5,Pending,Pending,Issued,68.2,2829.31,6003.86,31.5,No,34.9,No,Yes,No,No,Not Required,1.38,0.52,4.62,Low,Medium,Low,II,Loamy,Moderate,43.1,Medium,SYNTHETIC_SIH26017_ENHANCED,Synthetic prototype dataset; added features are simulated and must not be represented as official parcel records.
LA-0813,Rajasthan,Jaipur,Power,11.0,6,Partially Paid,15,4,Full,63.9,71.7,96.6,Incomplete,Completed,1,Rehabilitation,2,1,190,31.316582,77.156844,synthetic_demo_district_center,Non-Green Zone,6.9,20.1,33.8,4.08,No,No,367.0,No,Not Required,No,No,877.8,1.7,7.14,3.21,15.4,8.37,Hilly,Commercial,40.8,1.3,5.9,3.3,No,Not Required,2,2,0,94.4,Obtained,Medium,Yes,Not Required,Private,,Verified,No,Clear,No,Updated,85.3,No,Pending,4,0,Completed,Partially Approved,Pending,75.0,1105.56,1625.81,90.0,No,-5.8,No,Yes,No,No,Completed,4.45,1.23,1.61,Medium,Low,Low,II,Red,Good,30.5,Low,SYNTHETIC_SIH26017_ENHANCED,Synthetic prototype dataset; added features are simulated and must not be represented as official parcel records.
LA-0814,Maharashtra,Nagpur,Railway,102.9,41,Fully Paid,91,1,Full,75.8,44.0,78.2,Complete,Completed,3,Rehabilitation,1,1,112,12.94906,80.284648,synthetic_demo_district_center,Non-Green Zone,18.8,4.8,20.9,3.78,Yes,No,277.0,Yes,Pending,No,No,926.3,1.6,6.21,11.55,1.67,6.83,Plain,Agricultural,67.4,3.2,3.4,2.8,No,Pending,4,0,2,36.8,Partial,Low,No,Not Required,Private,,Under Review,No,Clear,No,Updated,60.4,No,,5,5,Completed,Approved,Issued,63.9,1880.81,2848.97,96.0,Yes,-6.8,No,Yes,Yes,No,Not Required,0.84,0.43,3.58,Low,Low,Low,V,Sandy,Good,56.7,Medium,SYNTHETIC_SIH26017_ENHANCED,Synthetic prototype dataset; added features are simulated and must not be represented as official parcel records.
LA-0815,Gujarat,Rajkot,Irrigation,9.4,3,Fully Paid,27,3,Partial,65.3,,45.0,Partially Complete,Completed,5,Rehabilitation,2,0,15,30.944221,75.912864,synthetic_demo_district_center,Non-Green Zone,7.2,3.2,16.6,9.91,No,No,919.0,No,Pending,No,No,332.1,1.5,0.46,7.86,28.49,3.69,Hilly,Agricultural,58.6,5.1,0.5,4.1,No,Not Required,5,2,1,20.7,Pending,Medium,Yes,Not Required,Private,Possible,Verified,No,Under Verification,No,Pending,67.3,No,,4,3,Completed,Approved,Issued,73.0,1035.13,1392.37,66.9,No,8.9,No,Yes,No,Yes,Not Required,3.23,2.22,6.0,Medium,Medium,Low,III,Black,Good,56.9,Medium,SYNTHETIC_SIH26017_ENHANCED,Synthetic prototype dataset; added features are simulated and must not be represented as official parcel records.
LA-0816,Rajasthan,Jodhpur,Irrigation,28.3,9,Mostly Paid,80,1,Not Started,72.3,73.7,47.2,Complete,Partially Completed,1,Rehabilitation,3,1,112,28.462042,76.767074,synthetic_demo_district_center,Non-Green Zone,33.4,4.6,14.4,5.54,No,No,512.0,No,Not Required,No,No,719.1,3.2,1.77,4.96,2.06,3.1,Plain,Agricultural,40.7,2.4,1.3,1.6,No,Not Required,12,7,3,32.4,Obtained,Medium,Yes,Not Required,Private,Possible,Verified,No,Clear,No,Updated,79.3,Yes,Pending,4,4,Not Required,Approved,Issued,81.9,1588.12,1597.79,18.6,No,13.7,No,Yes,Yes,No,Not Required,4.3,1.8,2.0,Low,Medium,Low,II,Black,Moderate,31.2,Low,SYNTHETIC_SIH26017_ENHANCED,Synthetic prototype dataset; added features are simulated and must not be represented as official parcel records.
LA-0817,Odisha,Khordha,Metro,52.2,24,Partially Paid,34,0,Partial,10.8,81.5,73.8,Incomplete,Partially Completed,3,Possession,0,0,18,12.896777,77.537617,synthetic_demo_district_center,Non-Green Zone,15.3,5.0,7.0,3.25,No,Yes,298.0,No,Pending,No,No,559.7,0.2,2.91,5.83,1.92,6.69,Plain,Agricultural,68.5,8.0,1.8,2.0,Yes,Approved,2,0,0,59.5,Partial,Low,No,Not Required,Private,Confirmed,Under Review,No,Clear,No,Updated,79.5,No,,6,2,Not Required,Pending,Issued,91.8,361.32,443.35,95.4,No,14.7,No,Yes,Yes,No,Not Required,0.38,4.72,2.53,Low,Low,Medium,III,Red,Good,35.9,Low,SYNTHETIC_SIH26017_ENHANCED,Synthetic prototype dataset; added features are simulated and must not be represented as official parcel records.
LA-0818,Odisha,Sambalpur,Airport,9.6,6,Not Started,49,1,Full,53.3,56.1,55.6,Complete,Completed,6,Compensation,0,1,186,22.57103,88.344025,synthetic_demo_district_center,Buffer Zone,21.4,4.9,9.1,4.77,No,No,48.0,No,Not Required,No,No,1349.8,3.5,0.67,10.52,2.85,1.33,Coastal,Agricultural,87.8,2.8,0.1,1.4,No,Not Required,4,0,0,43.4,Partial,Low,No,Not Required,Private,,Issue Found,Yes,Clear,No,Not Available,86.6,No,,2,2,Pending,Pending,Pending,94.8,1284.14,2380.35,61.3,No,3.8,No,Yes,Yes,No,In Progress,0.11,1.53,2.92,Low,Low,Medium,II,Red,Good,71.2,High,SYNTHETIC_SIH26017_ENHANCED,Synthetic prototype dataset; added features are simulated and must not be represented as official parcel records.
LA-0819,Uttar Pradesh,Mathura,Highway,28.2,13,Not Started,47,1,Full,30.3,56.2,75.4,Incomplete,Completed,1,Compensation,0,0,0,16.444259,80.543001,synthetic_demo_district_center,Non-Green Zone,23.9,5.3,20.7,2.1,No,No,564.0,No,Approved,Yes,Yes,435.3,5.8,0.76,6.89,6.64,3.36,Hilly,Agricultural,57.1,9.3,1.5,2.5,No,Not Required,17,3,3,38.3,Disputed,Medium,Yes,In Progress,Joint,,Verified,No,Reported,No,Pending,82.8,No,,0,0,Completed,Partially Approved,Issued,93.2,6431.08,10930.09,61.8,No,-13.1,Yes,Yes,Yes,No,In Progress,0.88,0.4,0.58,Low,Medium,Low,II,Red,Good,42.3,Medium,SYNTHETIC_SIH26017_ENHANCED,Synthetic prototype dataset; added features are simulated and must not be represented as official parcel records.
LA-0820,Madhya Pradesh,Ujjain,Highway,49.6,27,Not Started,20,1,Mostly Obtained,57.8,65.6,31.9,Complete,Pending,2,Compensation,1,0,19,23.047355,72.51835,synthetic_demo_district_center,Buffer Zone,33.4,7.5,10.1,5.1,No,No,492.0,No,Pending,No,No,1540.1,1.1,0.81,4.04,13.74,6.53,Plain,Agricultural,71.5,10.7,1.1,1.3,Yes,Pending,36,17,9,35.5,Pending,Low,Yes,Not Required,Institutional,,Verified,No,Clear,No,Pending,91.8,No,,6,5,Not Required,Pending,Issued,75.9,6420.09,10188.96,34.3,No,21.9,Yes,No,Yes,No,Pending,1.14,7.19,4.05,Medium,Low,Medium,IV,Loamy,Moderate,47.6,Medium,SYNTHETIC_SIH26017_ENHANCED,Synthetic prototype dataset; added features are simulated and must not be represented as official parcel records.
LA-0821,Tamil Nadu,Madurai,Irrigation,24.8,11,Partially Paid,49,3,Mostly Obtained,24.7,86.6,43.5,Complete,Completed,6,Possession,2,0,21,21.288678,81.736452,synthetic_demo_district_center,Non-Green Zone,13.7,11.1,31.8,0.21,No,Yes,489.0,No,Not Required,No,No,762.0,2.0,0.49,1.69,11.38,12.86,Plateau,Agricultural,83.9,2.3,0.7,4.7,Yes,Pending,10,3,5,89.9,Obtained,Medium,Yes,In Progress,Institutional,,Verified,No,Clear,No,Updated,70.3,No,,2,2,Not Required,Partially Approved,Issued,52.9,1632.16,2718.38,81.8,Yes,9.7,No,Yes,Yes,Yes,Pending,2.29,3.95,2.58,Low,Low,Low,III,Alluvial,Moderate,41.3,Medium,SYNTHETIC_SIH26017_ENHANCED,Synthetic prototype dataset; added features are simulated and must not be represented as official parcel records.
LA-0822,West Bengal,Hooghly,Irrigation,210.9,87,Mostly Paid,21,1,Mostly Obtained,58.5,76.9,67.7,Complete,Pending,6,Compensation,0,1,169,30.430788,77.994554,synthetic_demo_district_center,Non-Green Zone,6.8,14.4,22.8,5.32,No,No,808.0,No,Pending,Yes,Yes,1249.4,2.5,2.28,13.85,8.25,21.08,Plain,Industrial,52.4,25.0,1.1,3.0,No,Not Required,6,3,1,51.3,Obtained,Low,Yes,Not Required,Private,Possible,Verified,No,Clear,No,Updated,77.9,No,Pending,2,1,Completed,Partially Approved,Issued,80.5,2288.59,3710.68,90.7,Yes,24.1,Yes,Yes,Yes,Yes,Not Required,3.2,1.91,1.97,Medium,Low,Medium,IV,Black,Moderate,51.8,Medium,SYNTHETIC_SIH26017_ENHANCED,Synthetic prototype dataset; added features are simulated and must not be represented as official parcel records.
LA-0823,Bihar,Muzaffarpur,Highway,7.0,3,Not Started,6,0,Mostly Obtained,84.2,67.3,26.2,Partially Complete,Completed,5,Notification,1,1,112,21.224568,81.625842,synthetic_demo_district_center,Non-Green Zone,28.7,5.0,20.4,8.03,No,No,466.0,No,Approved,No,No,734.9,3.4,1.67,12.17,3.69,9.26,Plain,Commercial,40.3,16.8,2.7,4.2,Yes,Pending,1,1,0,68.8,Partial,Low,Yes,Planned,Private,Possible,Verified,No,Clear,No,Updated,79.7,No,,4,4,Not Required,Approved,Pending,77.4,353.43,499.89,12.9,No,-10.5,No,Yes,Yes,No,Not Required,1.84,3.76,2.36,Low,Low,Medium,III,Laterite,Poor,26.6,Low,SYNTHETIC_SIH26017_ENHANCED,Synthetic prototype dataset; added features are simulated and must not be represented as official parcel records.
LA-0824,Gujarat,Surat,Railway,54.3,28,Partially Paid,25,0,Full,21.4,56.6,37.8,Complete,Pending,3,Planning,0,1,142,23.141893,77.273641,synthetic_demo_district_center,Non-Green Zone,30.4,2.8,19.9,6.6,No,No,685.0,No,Pending,Yes,Yes,210.2,1.7,1.94,16.04,14.05,26.12,Plain,Government,58.2,12.1,3.6,7.0,Yes,Pending,10,2,5,34.7,Obtained,Low,Yes,Not Required,Private,,Verified,No,Clear,No,Updated,80.9,No,,0,0,Not Required,Partially Approved,Issued,77.3,3668.08,5260.83,21.3,Yes,-2.1,No,Yes,No,No,Not Required,2.34,1.11,4.07,Low,Medium,Low,III,Alluvial,Good,57.5,Medium,SYNTHETIC_SIH26017_ENHANCED,Synthetic prototype dataset; added features are simulated and must not be represented as official parcel records.
LA-0825,Maharashtra,Pune,Highway,21.6,12,Partially Paid,9,1,Mostly Obtained,61.2,87.3,59.2,Complete,Partially Completed,2,Closure,1,0,21,23.11487,77.372969,synthetic_demo_district_center,Non-Green Zone,4.1,5.6,3.9,3.28,No,No,690.0,No,Pending,No,No,31.2,3.7,1.68,3.15,9.06,26.03,Plain,Agricultural,57.8,20.2,3.3,1.1,No,Pending,3,3,1,26.2,Obtained,Medium,Yes,Not Required,Private,,Verified,No,Clear,No,Updated,86.0,No,,4,2,Completed,Approved,Issued,64.2,634.6,858.93,13.0,Yes,21.4,No,No,Yes,No,Not Required,1.97,5.51,7.76,Low,Low,Medium,II,Red,Moderate,45.8,Medium,SYNTHETIC_SIH26017_ENHANCED,Synthetic prototype dataset; added features are simulated and must not be represented as official parcel records.
LA-0826,Tamil Nadu,Tiruchirappalli,Railway,43.8,22,Mostly Paid,21,2,Mostly Obtained,86.5,61.1,30.4,Partially Complete,Completed,6,Planning,0,0,24,23.197311,77.334641,synthetic_demo_district_center,Non-Green Zone,20.7,6.1,27.3,9.15,No,No,594.0,No,Pending,No,No,944.9,6.9,1.74,1.01,7.9,6.45,Plain,Industrial,61.4,6.5,0.6,10.0,Yes,Not Required,19,7,2,90.1,Partial,Low,Yes,Not Required,Private,Possible,Verified,No,Clear,No,Updated,81.2,No,Disposed,5,5,Completed,Partially Approved,Pending,64.5,4251.58,7052.26,43.1,No,4.3,Yes,No,No,No,In Progress,0.69,5.49,4.59,Medium,Medium,Medium,II,Alluvial,Moderate,46.6,Medium,SYNTHETIC_SIH26017_ENHANCED,Synthetic prototype dataset; added features are simulated and must not be represented as official parcel records.
LA-0827,Rajasthan,Udaipur,Irrigation,34.2,16,Mostly Paid,29,1,Partial,60.9,90.9,25.2,Complete,Completed,4,Planning,1,0,13,26.156329,91.714345,synthetic_demo_district_center,Buffer Zone,34.7,16.8,6.8,0.43,No,No,374.0,No,Not Required,No,No,414.3,2.7,0.06,7.75,3.39,2.17,Plain,Agricultural,73.0,7.0,0.8,1.4,No,Pending,2,1,0,39.4,Obtained,Low,Yes,Not Required,Private,,Under Review,No,Under Verification,No,Updated,76.9,No,,3,3,Pending,Approved,Pending,72.5,1328.8,1474.46,2.0,No,14.2,No,No,Yes,Yes,In Progress,3.81,1.11,3.34,Low,Low,Low,V,Alluvial,Moderate,36.1,Low,SYNTHETIC_SIH26017_ENHANCED,Synthetic prototype dataset; added features are simulated and must not be represented as official parcel records.
LA-0828,Odisha,Khordha,Metro,14.2,5,Mostly Paid,13,1,Mostly Obtained,17.8,33.8,52.3,Complete,Partially Completed,4,Compensation,3,1,20,26.936473,81.073125,synthetic_demo_district_center,Non-Green Zone,49.6,21.9,22.6,2.12,Yes,No,335.0,Yes,Not Required,No,No,96.9,2.8,2.96,7.17,4.27,10.18,Plateau,Agricultural,69.3,2.5,0.7,2.5,No,Pending,8,7,1,88.6,Pending,Medium,Yes,Not Required,Private,,Verified,No,Reported,No,Updated,68.6,Yes,,4,3,Completed,Partially Approved,Pending,75.2,1184.31,2543.39,82.7,No,-13.1,No,Yes,Yes,No,Not Required,1.83,6.12,3.76,High,Low,Low,IV,Alluvial,Moderate,53.1,Medium,SYNTHETIC_SIH26017_ENHANCED,Synthetic prototype dataset; added features are simulated and must not be represented as official parcel records.
LA-0829,Gujarat,Ahmedabad,Railway,29.1,11,Partially Paid,44,1,Partial,56.6,95.2,48.7,Partially Complete,Partially Completed,2,Notification,2,1,88,31.128871,77.261941,synthetic_demo_district_center,Non-Green Zone,13.2,0.7,19.3,5.62,No,No,871.0,No,Pending,No,No,964.4,6.1,1.13,10.09,5.25,16.63,Hilly,Wasteland,28.4,25.5,3.7,2.0,No,Approved,6,4,0,38.7,Obtained,Low,Yes,Not Required,Private,,Verified,No,Clear,Yes,Updated,86.2,No,Pending,6,2,Pending,Pending,Issued,72.5,2052.65,2833.24,17.5,No,18.7,Yes,No,Yes,Yes,Completed,3.99,0.41,1.69,Low,Low,Low,II,Laterite,Moderate,38.7,Low,SYNTHETIC_SIH26017_ENHANCED,Synthetic prototype dataset; added features are simulated and must not be represented as official parcel records.
LA-0830,Bihar,Gaya,Railway,6.1,5,,21,0,Partial,41.5,68.4,70.1,Partially Complete,Partially Completed,3,Compensation,4,0,11,23.351537,77.358689,synthetic_demo_district_center,Non-Green Zone,50.9,10.1,6.4,2.64,No,No,137.0,No,Not Required,No,No,1615.1,1.0,1.32,9.35,3.88,6.15,Plain,Agricultural,31.2,14.1,1.5,1.5,Yes,Not Required,10,1,2,97.8,Obtained,Low,Yes,Not Required,Private,,Verified,No,Under Verification,No,Pending,83.7,No,,0,0,Completed,Approved,Pending,83.5,2008.98,3164.5,14.7,No,22.6,No,No,No,Yes,Not Required,0.45,1.74,2.55,Low,Low,Medium,II,Red,Poor,30.1,Low,SYNTHETIC_SIH26017_ENHANCED,Synthetic prototype dataset; added features are simulated and must not be represented as official parcel records.
LA-0831,West Bengal,Nadia,Highway,38.6,13,Not Started,9,0,Full,68.1,83.0,44.4,Complete,Completed,3,Planning,1,0,11,30.903629,75.819405,synthetic_demo_district_center,Non-Green Zone,14.0,10.9,11.5,12.55,Yes,No,1444.0,Yes,Pending,Yes,Yes,460.9,0.9,3.6,5.01,9.07,21.81,Plain,Wasteland,36.1,1.2,2.4,1.6,No,Not Required,6,2,1,21.1,Obtained,High,Yes,Completed,Private,,Verified,No,Reported,Yes,Updated,55.3,No,,1,1,Pending,Pending,Issued,81.1,1367.54,2412.29,46.3,Yes,-11.9,Yes,Yes,Yes,No,Not Required,1.34,0.99,3.33,Low,Low,Medium,III,Loamy,Good,56.3,Medium,SYNTHETIC_SIH26017_ENHANCED,Synthetic prototype dataset; added features are simulated and must not be represented as official parcel records.
LA-0832,Uttar Pradesh,Meerut,Railway,30.7,18,Partially Paid,13,0,Mostly Obtained,50.1,48.8,73.3,Partially Complete,Completed,5,Notification,0,0,17,26.939278,81.139098,synthetic_demo_district_center,Green Zone,24.4,5.9,12.8,5.49,No,Yes,449.0,Yes,Not Required,No,No,1227.5,3.6,0.9,5.99,14.21,9.91,Plain,Residential,81.1,21.5,1.7,6.3,No,Not Required,7,4,2,72.1,Partial,Low,Yes,Not Required,Institutional,,Under Review,No,Clear,No,Updated,95.6,No,,5,1,Completed,Approved,Issued,63.8,398.75,494.34,38.0,Yes,11.2,No,Yes,No,Yes,Not Required,1.46,4.09,2.3,Medium,High,Medium,II,Loamy,Poor,57.8,Medium,SYNTHETIC_SIH26017_ENHANCED,Synthetic prototype dataset; added features are simulated and must not be represented as official parcel records.
LA-0833,Bihar,Gaya,Industrial,39.6,22,Fully Paid,32,0,Full,64.3,98.0,75.9,Complete,Completed,2,Rehabilitation,3,0,7,9.918761,76.244079,synthetic_demo_district_center,Non-Green Zone,29.7,9.4,5.7,0.71,No,No,713.0,No,Pending,No,No,133.9,4.5,3.96,6.4,3.86,9.74,Plateau,Industrial,78.3,10.3,4.1,1.6,No,Pending,2,2,0,67.8,Obtained,Medium,Yes,Planned,Private,,Verified,No,Clear,No,Updated,78.0,No,,4,3,Completed,Pending,Issued,82.6,489.6,1010.2,33.7,No,22.4,No,No,Yes,No,Not Required,2.57,1.48,2.65,Low,High,Medium,II,Black,Moderate,57.0,Medium,SYNTHETIC_SIH26017_ENHANCED,Synthetic prototype dataset; added features are simulated and must not be represented as official parcel records.
LA-0834,Gujarat,Vadodara,Airport,54.2,26,Fully Paid,24,0,Not Started,,66.2,90.5,Complete,Completed,4,Rehabilitation,1,0,14,25.611632,85.157024,synthetic_demo_district_center,Non-Green Zone,11.0,9.4,25.1,5.05,Yes,No,627.0,Yes,Pending,No,No,610.0,0.7,2.52,7.72,8.6,1.67,Hilly,Residential,28.4,14.7,10.3,4.9,No,Not Required,5,4,1,86.6,Disputed,Low,Yes,In Progress,Government,,Verified,No,Clear,No,Updated,58.3,No,,5,4,Not Required,Approved,Issued,61.7,886.62,1634.37,23.3,No,12.2,Yes,Yes,No,No,Completed,0.88,4.19,1.65,Low,High,Low,II,Red,Poor,59.4,Medium,SYNTHETIC_SIH26017_ENHANCED,Synthetic prototype dataset; added features are simulated and must not be represented as official parcel records.
LA-0835,Bihar,Gaya,Irrigation,32.3,12,Mostly Paid,37,1,Mostly Obtained,59.3,57.0,47.2,Complete,Pending,2,Planning,0,0,13,17.296133,78.622275,synthetic_demo_district_center,Buffer Zone,41.4,18.9,11.7,6.1,Yes,Yes,256.0,Yes,Pending,No,No,499.6,5.7,3.31,3.21,20.38,4.93,Coastal,Agricultural,72.5,14.9,0.1,3.2,No,Approved,42,13,6,86.7,Obtained,Low,Yes,In Progress,Private,,Under Review,No,Clear,No,Updated,89.6,No,,2,0,Completed,Approved,Issued,80.3,4954.51,10015.76,19.1,No,0.9,No,Yes,Yes,No,Not Required,1.85,4.22,4.83,Medium,High,High,IV,Alluvial,Moderate,51.7,Medium,SYNTHETIC_SIH26017_ENHANCED,Synthetic prototype dataset; added features are simulated and must not be represented as official parcel records.
LA-0836,Gujarat,Bhavnagar,Highway,27.4,9,Fully Paid,32,2,Partial,40.0,36.4,76.3,Incomplete,Completed,1,Possession,3,0,22,21.273342,81.588019,synthetic_demo_district_center,Non-Green Zone,25.4,8.8,8.9,3.87,No,No,370.0,No,Not Required,No,No,1504.2,4.7,2.04,6.53,7.47,7.91,Plain,Residential,52.0,7.7,0.9,5.4,No,Not Required,3,3,1,65.7,Obtained,Low,Yes,Planned,Private,,Under Review,No,Clear,No,Pending,72.1,No,,1,0,Not Required,Approved,Pending,71.5,633.32,753.58,73.7,No,23.4,No,Yes,No,No,In Progress,4.23,1.12,1.97,Low,Low,High,IV,Loamy,Good,49.3,Medium,SYNTHETIC_SIH26017_ENHANCED,Synthetic prototype dataset; added features are simulated and must not be represented as official parcel records.
LA-0837,Gujarat,Ahmedabad,Irrigation,12.7,5,Mostly Paid,12,2,Full,33.1,78.8,64.3,Complete,Pending,3,Possession,2,1,161,22.874831,72.58989,synthetic_demo_district_center,Non-Green Zone,2.6,16.4,5.4,10.14,No,No,610.0,No,Not Required,No,No,134.3,1.4,0.99,6.17,3.97,3.66,Plain,Agricultural,27.2,7.6,8.2,5.7,No,Not Required,5,3,2,89.9,Pending,Medium,Yes,In Progress,Private,,Verified,No,Clear,No,Updated,86.7,No,,4,4,Completed,Pending,Issued,60.5,174.99,306.39,37.9,No,22.8,No,Yes,Yes,Yes,Not Required,0.83,1.34,1.8,Medium,High,Low,IV,Alluvial,Moderate,37.1,Low,SYNTHETIC_SIH26017_ENHANCED,Synthetic prototype dataset; added features are simulated and must not be represented as official parcel records.
LA-0838,Karnataka,Bengaluru Urban,Irrigation,14.4,7,Not Started,17,1,Not Started,19.2,89.8,81.3,,Partially Completed,6,Rehabilitation,1,0,0,28.422042,76.792297,synthetic_demo_district_center,Non-Green Zone,23.0,1.8,15.1,0.89,No,No,361.0,No,Not Required,No,No,455.0,12.5,1.51,5.85,3.77,12.02,Hilly,Agricultural,80.7,6.7,0.9,0.3,No,Not Required,1,0,1,54.6,Pending,Low,No,Not Required,Private,Confirmed,Under Review,No,Clear,No,Updated,94.4,No,,2,2,Completed,Pending,Pending,60.5,198.77,333.47,43.4,No,-4.2,No,Yes,Yes,No,Not Required,0.44,0.91,2.18,Low,Low,Low,IV,Loamy,Moderate,58.0,Medium,SYNTHETIC_SIH26017_ENHANCED,Synthetic prototype dataset; added features are simulated and must not be represented as official parcel records.
LA-0839,Maharashtra,Nagpur,Irrigation,59.7,30,Fully Paid,54,2,Mostly Obtained,14.2,,64.6,Partially Complete,Partially Completed,1,Compensation,1,0,9,26.13874,91.680105,synthetic_demo_district_center,Buffer Zone,53.4,1.3,20.1,8.81,No,Yes,358.0,No,Pending,Yes,Yes,1029.8,4.0,4.34,6.74,4.35,17.68,Plain,Residential,47.0,8.7,1.5,1.9,No,Not Required,3,2,0,35.4,Obtained,Medium,Yes,Planned,Private,,Under Review,No,Clear,No,Pending,91.7,No,,6,0,Pending,Approved,Issued,65.9,126.45,173.93,35.9,Yes,30.1,Yes,Yes,No,No,In Progress,2.03,6.11,3.76,Medium,Medium,Medium,III,Alluvial,Good,53.7,Medium,SYNTHETIC_SIH26017_ENHANCED,Synthetic prototype dataset; added features are simulated and must not be represented as official parcel records.
LA-0840,Odisha,Ganjam,Metro,72.0,29,Not Started,14,1,Full,48.8,78.8,64.7,Complete,Completed,4,Notification,2,0,16,28.627605,77.305023,synthetic_demo_district_center,Non-Green Zone,14.0,5.3,9.0,0.76,No,No,400.0,No,Pending,No,No,481.0,4.8,1.8,7.05,3.74,4.6,Plain,Agricultural,80.4,17.2,1.5,2.3,Yes,Not Required,2,0,1,86.1,Disputed,Low,No,In Progress,Government,,Under Review,No,Reported,No,Pending,59.2,No,Pending,5,1,Not Required,Partially Approved,Issued,95.7,1838.09,2737.11,61.0,No,-12.2,No,Yes,Yes,Yes,Not Required,1.35,5.59,1.0,Medium,Low,Low,III,Sandy,Moderate,47.4,Medium,SYNTHETIC_SIH26017_ENHANCED,Synthetic prototype dataset; added features are simulated and must not be represented as official parcel records.
LA-0841,Karnataka,Belagavi,Railway,20.5,11,Mostly Paid,82,0,Partial,75.6,97.1,29.6,Partially Complete,Completed,3,Possession,3,1,128,21.522862,81.546159,synthetic_demo_district_center,Non-Green Zone,9.1,10.2,5.5,9.31,Yes,No,558.0,Yes,Not Required,Yes,Yes,1769.2,2.1,1.81,4.1,5.1,13.61,Plateau,Agricultural,75.4,6.9,2.8,1.6,No,Not Required,13,9,3,61.0,Obtained,Low,Yes,Not Required,Private,,Under Review,No,Reported,No,Updated,79.1,No,,6,2,Completed,Approved,Issued,86.9,1835.38,2785.36,12.8,No,12.7,No,Yes,No,No,Completed,1.32,2.08,5.62,Medium,Medium,Medium,III,Loamy,Poor,41.0,Medium,SYNTHETIC_SIH26017_ENHANCED,Synthetic prototype dataset; added features are simulated and must not be represented as official parcel records.
LA-0842,West Bengal,Hooghly,Railway,25.4,8,Partially Paid,7,0,Full,61.9,67.5,88.7,Incomplete,Partially Completed,4,Compensation,0,0,5,26.950275,80.946039,synthetic_demo_district_center,Non-Green Zone,19.0,15.9,24.3,3.3,No,No,599.0,No,Approved,Yes,Yes,1375.2,3.5,6.7,3.33,12.23,5.94,Plateau,Agricultural,61.6,5.1,5.3,4.6,No,Not Required,5,5,1,25.9,Pending,High,Yes,In Progress,Private,Possible,Under Review,No,Clear,No,Updated,91.3,No,,2,2,Completed,Partially Approved,Pending,62.9,1036.32,1775.68,71.3,No,-9.6,No,No,No,No,Not Required,3.49,4.12,4.31,Medium,Low,Low,III,Loamy,Good,43.0,Medium,SYNTHETIC_SIH26017_ENHANCED,Synthetic prototype dataset; added features are simulated and must not be represented as official parcel records.
LA-0843,Karnataka,Mysuru,Highway,12.4,10,Partially Paid,53,3,Full,79.8,44.6,32.1,Incomplete,Completed,4,Notification,1,1,148,30.381704,77.99357,synthetic_demo_district_center,Non-Green Zone,29.7,6.4,23.8,8.97,No,No,427.0,No,Not Required,Yes,Yes,1417.7,5.9,0.43,1.13,3.94,21.26,Plain,Agricultural,75.7,2.2,2.2,1.5,Yes,Not Required,6,1,1,97.9,Partial,Low,Yes,Planned,Private,,Verified,No,Clear,No,Updated,86.3,No,,0,0,Pending,Pending,Issued,68.9,1060.54,1106.44,92.4,No,11.4,No,Yes,Yes,No,Pending,1.67,1.84,0.1,Medium,Medium,Low,II,Black,Good,51.6,Medium,SYNTHETIC_SIH26017_ENHANCED,Synthetic prototype dataset; added features are simulated and must not be represented as official parcel records.
LA-0844,Madhya Pradesh,Indore,Highway,59.1,28,Mostly Paid,27,1,Partial,55.5,95.6,78.6,Complete,Partially Completed,4,Compensation,1,0,23,22.561327,88.318251,synthetic_demo_district_center,Non-Green Zone,18.9,5.9,17.9,0.38,No,Yes,667.0,No,Pending,No,No,1593.5,2.9,1.74,6.0,16.64,22.11,Plain,Wasteland,49.7,12.3,2.4,1.4,No,Not Required,6,3,1,21.5,Obtained,Low,Yes,Not Required,Private,,Under Review,No,Clear,No,Pending,56.1,No,,3,2,Pending,Approved,Issued,92.1,1857.15,3375.62,56.0,No,5.3,No,Yes,Yes,No,Pending,1.16,4.22,4.75,High,Low,Low,IV,Sandy,Moderate,48.8,Medium,SYNTHETIC_SIH26017_ENHANCED,Synthetic prototype dataset; added features are simulated and must not be represented as official parcel records.
LA-0845,Madhya Pradesh,Ujjain,Highway,40.4,16,Mostly Paid,12,0,Not Started,11.5,75.5,81.2,Complete,Partially Completed,5,Rehabilitation,1,1,132,23.410106,77.377197,synthetic_demo_district_center,Buffer Zone,38.2,6.6,6.0,1.19,No,No,671.0,No,Not Required,Yes,Yes,1138.1,1.2,0.91,1.36,11.93,6.82,Plain,Agricultural,57.4,8.3,0.2,3.5,No,Not Required,2,1,2,63.7,Obtained,Medium,Yes,In Progress,Private,,Verified,No,Clear,No,Pending,64.5,No,,6,0,Not Required,Approved,Issued,64.9,1150.49,1619.87,60.3,No,-9.1,No,Yes,No,No,In Progress,1.43,1.92,0.94,Medium,Low,Low,II,Red,Poor,32.0,Low,SYNTHETIC_SIH26017_ENHANCED,Synthetic prototype dataset; added features are simulated and must not be represented as official parcel records.
LA-0846,Odisha,Ganjam,Metro,105.2,41,Partially Paid,31,1,Partial,60.4,40.1,44.4,Incomplete,Completed,4,Compensation,0,1,103,26.254715,91.494071,synthetic_demo_district_center,Non-Green Zone,7.6,11.8,1.6,10.17,No,Yes,582.0,No,Not Required,No,No,47.6,8.2,2.09,5.73,5.64,9.81,Plain,Agricultural,31.3,2.9,2.3,2.1,No,Not Required,9,7,2,29.0,Pending,Low,Yes,Not Required,Private,,Under Review,No,Reported,No,Updated,85.7,No,,4,4,Not Required,Pending,Pending,76.2,1674.52,3102.57,94.8,Yes,30.4,No,No,No,Yes,Not Required,1.52,1.29,6.63,Low,Low,Medium,II,Black,Good,42.0,Medium,SYNTHETIC_SIH26017_ENHANCED,Synthetic prototype dataset; added features are simulated and must not be represented as official parcel records.
LA-0847,Bihar,Nalanda,Power,12.7,6,Partially Paid,14,0,Partial,59.8,48.4,61.2,Complete,Completed,4,Notification,3,1,122,23.041612,77.508993,synthetic_demo_district_center,Buffer Zone,18.6,1.4,23.0,5.02,No,Yes,32.0,No,Pending,No,No,1362.6,2.2,2.35,1.99,2.29,22.09,Plain,Government,53.8,6.6,4.8,0.8,Yes,Pending,8,2,1,40.0,Obtained,Low,Yes,In Progress,Private,,Verified,No,Reported,No,Updated,60.8,No,,1,1,Not Required,Approved,Pending,85.8,1996.39,3740.6,24.5,No,-12.1,No,Yes,Yes,No,Not Required,2.12,2.56,1.75,Medium,Low,Low,II,Laterite,Good,41.9,Medium,SYNTHETIC_SIH26017_ENHANCED,Synthetic prototype dataset; added features are simulated and must not be represented as official parcel records.
LA-0848,Maharashtra,Pune,Metro,18.5,9,Partially Paid,18,1,Full,67.5,51.5,31.0,Complete,Completed,1,Rehabilitation,4,1,116,26.235822,92.040189,synthetic_demo_district_center,Non-Green Zone,17.7,7.1,17.8,2.09,No,No,1472.0,No,Not Required,No,No,638.3,7.7,3.14,7.39,3.9,7.03,Plain,Residential,56.9,3.0,3.0,3.6,No,Approved,56,18,10,60.2,Partial,High,Yes,Not Required,Private,,Verified,No,Clear,No,Updated,67.8,No,,5,1,Pending,Partially Approved,Issued,84.9,4415.21,5942.56,4.5,No,27.2,Yes,Yes,Yes,No,Not Required,2.85,5.3,2.6,Medium,Medium,Low,III,Sandy,Good,43.1,Medium,SYNTHETIC_SIH26017_ENHANCED,Synthetic prototype dataset; added features are simulated and must not be represented as official parcel records.
LA-0849,Odisha,Ganjam,Highway,29.2,18,Fully Paid,21,0,Full,88.6,37.5,71.7,Complete,Pending,1,Closure,0,0,28,10.077434,76.275793,synthetic_demo_district_center,Non-Green Zone,38.2,0.4,27.0,5.87,No,No,954.0,No,Pending,No,No,1145.7,0.8,2.37,3.22,2.51,6.92,Plain,Wasteland,66.3,10.3,0.3,1.2,No,Approved,9,1,1,37.8,Obtained,Low,Yes,In Progress,Private,,Verified,No,Clear,No,Pending,62.0,No,,3,3,Completed,Pending,Issued,66.9,1489.99,2539.59,16.5,No,1.8,No,No,No,No,Completed,0.86,1.23,1.39,Low,Medium,Low,II,Laterite,Good,57.4,Medium,SYNTHETIC_SIH26017_ENHANCED,Synthetic prototype dataset; added features are simulated and must not be represented as official parcel records.
LA-0850,Gujarat,Vadodara,Airport,39.8,18,Fully Paid,50,0,Not Started,46.6,75.6,90.8,Complete,Completed,1,Compensation,3,1,86,16.387645,80.499432,synthetic_demo_district_center,Buffer Zone,5.8,2.4,12.1,3.74,No,Yes,903.0,No,Not Required,No,No,273.4,11.8,1.61,3.99,10.39,5.04,Coastal,Agricultural,75.7,13.7,6.7,1.8,Yes,Pending,4,1,1,94.8,Obtained,Low,Yes,Not Required,Private,Confirmed,Verified,No,Clear,No,Updated,71.6,No,,2,2,Completed,Pending,Pending,58.2,527.78,622.24,78.4,Yes,-8.6,No,Yes,Yes,No,Not Required,2.4,1.43,6.04,Low,High,Low,III,Sandy,Moderate,32.7,Low,SYNTHETIC_SIH26017_ENHANCED,Synthetic prototype dataset; added features are simulated and must not be represented as official parcel records.
LA-0851,Rajasthan,Jaipur,Airport,20.9,11,Mostly Paid,17,0,Partial,71.4,53.1,88.0,Incomplete,Pending,3,Compensation,3,0,10,30.82286,75.861799,synthetic_demo_district_center,Non-Green Zone,28.8,3.4,7.1,5.33,Yes,No,1250.0,Yes,Not Required,Yes,Yes,836.7,3.5,1.89,9.72,2.85,2.77,Plateau,Agricultural,85.2,18.0,0.4,0.3,No,Approved,2,2,1,26.4,Obtained,Low,Yes,Planned,Private,,Verified,No,Clear,No,Pending,88.8,No,,6,2,Not Required,Partially Approved,Issued,77.1,1395.45,2179.39,37.3,No,-8.7,No,Yes,Yes,No,In Progress,1.22,3.1,0.74,Medium,Medium,High,II,Laterite,Poor,35.0,Low,SYNTHETIC_SIH26017_ENHANCED,Synthetic prototype dataset; added features are simulated and must not be represented as official parcel records.
LA-0852,Maharashtra,Pune,Irrigation,12.7,2,Partially Paid,35,0,Mostly Obtained,79.6,54.7,63.8,Partially Complete,Partially Completed,5,Possession,0,0,0,22.506151,88.354072,synthetic_demo_district_center,Green Zone,27.7,7.2,20.9,5.36,No,No,83.0,Yes,Not Required,Yes,Yes,976.8,13.0,2.99,5.52,6.3,1.96,Plain,Industrial,82.0,10.5,3.3,5.8,Yes,Not Required,7,6,3,90.8,Pending,Medium,Yes,Planned,Private,,Verified,No,Clear,No,Updated,90.9,No,,5,3,Not Required,Partially Approved,Issued,83.8,2749.9,4481.89,35.2,No,6.5,No,Yes,Yes,No,In Progress,2.0,1.99,4.42,Medium,Medium,High,IV,Sandy,Moderate,41.6,Medium,SYNTHETIC_SIH26017_ENHANCED,Synthetic prototype dataset; added features are simulated and must not be represented as official parcel records.
LA-0853,Maharashtra,Nagpur,Airport,47.5,19,Fully Paid,52,0,Not Started,46.5,81.2,12.5,Complete,Completed,3,Planning,0,0,8,26.733938,75.899703,synthetic_demo_district_center,Non-Green Zone,26.0,10.2,10.1,8.11,Yes,No,431.0,Yes,Not Required,No,No,777.8,1.8,1.41,1.78,11.41,6.17,Plain,Wasteland,62.7,13.3,4.5,3.0,No,Pending,10,4,0,88.5,Partial,High,Yes,Not Required,Private,Confirmed,Verified,No,Reported,No,Updated,87.7,No,,0,0,Pending,Pending,Issued,99.3,3589.97,4179.26,61.1,No,-3.5,No,Yes,Yes,No,Completed,1.93,4.46,4.08,High,Medium,Low,IV,Sandy,Moderate,45.0,Medium,SYNTHETIC_SIH26017_ENHANCED,Synthetic prototype dataset; added features are simulated and must not be represented as official parcel records.
LA-0854,Gujarat,Ahmedabad,Industrial,42.1,22,Partially Paid,31,0,Partial,26.5,56.2,85.2,Partially Complete,Partially Completed,5,Possession,2,0,5,30.366104,77.991743,synthetic_demo_district_center,Non-Green Zone,14.6,12.1,8.9,3.56,No,No,952.0,No,Pending,No,No,469.2,5.3,1.57,9.8,5.72,20.65,Plateau,Industrial,34.5,9.8,1.2,3.2,No,Not Required,8,1,2,94.5,Obtained,Medium,Yes,Completed,Private,,Under Review,No,Clear,No,Updated,72.0,No,,1,1,Completed,Pending,Issued,87.5,1074.05,1589.17,24.4,No,10.9,Yes,Yes,Yes,Yes,Not Required,1.26,2.81,2.05,Medium,Low,Medium,III,Black,Moderate,56.6,Medium,SYNTHETIC_SIH26017_ENHANCED,Synthetic prototype dataset; added features are simulated and must not be represented as official parcel records.
LA-0855,Gujarat,Rajkot,Airport,12.3,9,Partially Paid,39,1,Partial,49.6,47.9,65.7,Complete,Pending,5,Rehabilitation,0,0,12,20.547213,85.737974,synthetic_demo_district_center,Non-Green Zone,14.1,11.5,16.7,2.94,No,No,307.0,No,Not Required,Yes,Yes,1004.1,3.2,4.36,7.85,1.24,15.02,Hilly,Agricultural,63.1,9.9,5.1,5.3,No,Not Required,6,0,0,24.4,Partial,Medium,No,Not Required,Private,,Verified,No,Clear,No,Pending,78.7,No,Pending,4,1,Not Required,Approved,Issued,50.2,173.77,347.61,1.9,No,-3.9,No,Yes,No,Yes,Completed,0.69,3.01,5.14,Medium,Medium,Low,III,Loamy,Poor,44.7,Medium,SYNTHETIC_SIH26017_ENHANCED,Synthetic prototype dataset; added features are simulated and must not be represented as official parcel records.
LA-0856,Uttar Pradesh,Meerut,Highway,67.8,25,Partially Paid,29,2,Mostly Obtained,32.4,64.8,33.5,Incomplete,Partially Completed,2,Compensation,1,1,121,21.250362,81.765533,synthetic_demo_district_center,Buffer Zone,35.7,4.8,13.6,2.6,No,Yes,931.0,No,Not Required,Yes,Yes,919.4,11.0,0.97,16.79,10.73,4.24,Plain,Agricultural,70.5,10.4,11.1,6.7,Yes,Approved,5,2,1,39.8,Obtained,Low,Yes,Completed,Private,Possible,Under Review,No,Clear,No,Updated,61.6,No,,3,3,Not Required,Pending,Issued,96.3,1698.93,2547.96,49.8,No,-11.1,Yes,Yes,Yes,No,Not Required,3.12,1.25,3.28,Low,Medium,Low,II,Laterite,Moderate,34.6,Low,SYNTHETIC_SIH26017_ENHANCED,Synthetic prototype dataset; added features are simulated and must not be represented as official parcel records.
LA-0857,Odisha,Khordha,Railway,59.0,28,Fully Paid,44,0,Mostly Obtained,66.4,82.6,65.9,Complete,Completed,6,Notification,2,0,9,12.798475,77.726574,synthetic_demo_district_center,Non-Green Zone,26.0,7.1,16.9,5.54,Yes,No,779.0,Yes,Pending,No,No,1513.8,4.1,3.39,1.37,3.47,12.49,Plateau,Government,60.1,0.2,2.7,8.0,Yes,Not Required,3,2,0,84.9,Obtained,Low,Yes,In Progress,Joint,,Verified,No,Clear,No,Not Available,93.4,No,,1,1,Completed,Approved,Issued,68.2,1036.32,1307.8,22.3,Yes,28.8,No,Yes,Yes,Yes,Not Required,2.14,1.7,2.16,High,Low,Low,III,Sandy,Moderate,74.0,High,SYNTHETIC_SIH26017_ENHANCED,Synthetic prototype dataset; added features are simulated and must not be represented as official parcel records.
LA-0858,Gujarat,Rajkot,Highway,27.1,13,Partially Paid,9,1,Mostly Obtained,63.6,17.8,41.1,Complete,Completed,2,Planning,1,1,188,26.341887,91.676664,synthetic_demo_district_center,Buffer Zone,20.0,13.9,12.7,2.68,No,Yes,150.0,No,Not Required,No,No,754.7,3.1,1.56,4.96,2.11,4.83,Plain,Government,71.7,14.6,0.6,6.4,No,Approved,5,1,1,76.6,Obtained,Medium,Yes,Not Required,Private,,Verified,No,Clear,No,Updated,89.4,No,,0,0,Not Required,Partially Approved,Pending,66.6,188.59,245.98,85.3,No,22.2,No,Yes,Yes,Yes,Completed,1.96,1.3,4.62,Low,Medium,Low,III,Loamy,Good,53.1,Medium,SYNTHETIC_SIH26017_ENHANCED,Synthetic prototype dataset; added features are simulated and must not be represented as official parcel records.
LA-0859,Madhya Pradesh,Indore,Highway,26.0,15,,77,0,Not Started,18.4,34.6,70.7,Complete,Completed,2,Possession,1,0,21,22.262547,88.305068,synthetic_demo_district_center,Non-Green Zone,13.5,7.8,9.5,2.24,No,No,849.0,No,Not Required,Yes,Yes,246.2,1.8,3.29,4.58,6.23,4.13,Plateau,Agricultural,47.5,1.9,3.4,10.8,No,Not Required,2,1,2,34.9,Obtained,Low,Yes,Not Required,Private,,Issue Found,Yes,Clear,No,Updated,91.2,No,,0,0,Not Required,Approved,Issued,94.6,882.17,1273.65,6.6,Yes,30.2,No,No,No,No,Completed,1.83,2.56,1.36,Low,Medium,Low,II,Sandy,Good,58.6,Medium,SYNTHETIC_SIH26017_ENHANCED,Synthetic prototype dataset; added features are simulated and must not be represented as official parcel records.
LA-0860,West Bengal,Hooghly,Highway,37.2,24,Mostly Paid,16,0,Full,57.3,64.3,56.3,Partially Complete,Completed,5,Notification,2,0,3,12.967038,77.543562,synthetic_demo_district_center,Non-Green Zone,33.7,8.9,7.0,12.52,No,No,359.0,No,Approved,No,No,1515.4,1.6,0.75,10.76,14.58,6.8,Plain,Agricultural,65.4,12.5,0.3,6.4,Yes,Not Required,13,4,2,63.8,Obtained,Low,Yes,Not Required,Institutional,,Verified,No,Clear,No,Updated,55.9,No,,6,3,Pending,Pending,Issued,77.6,3524.73,7109.33,38.9,No,-2.6,No,No,Yes,No,In Progress,5.2,3.53,1.77,Low,Low,Low,II,Alluvial,Good,28.9,Low,SYNTHETIC_SIH26017_ENHANCED,Synthetic prototype dataset; added features are simulated and must not be represented as official parcel records.
LA-0861,Rajasthan,Udaipur,Industrial,12.9,9,Partially Paid,27,1,Mostly Obtained,65.8,81.1,48.3,Complete,Completed,5,Compensation,0,0,6,19.206638,72.994919,synthetic_demo_district_center,Non-Green Zone,5.7,19.9,19.5,8.04,No,No,308.0,No,Not Required,No,No,737.5,1.0,4.28,16.62,5.76,5.8,Hilly,Residential,75.0,5.6,4.9,2.3,No,Approved,12,1,5,84.8,Obtained,Medium,Yes,Not Required,Private,,Under Review,No,Clear,No,Pending,59.2,No,,1,1,Pending,Pending,Issued,71.8,3123.88,3983.78,50.2,No,33.5,Yes,Yes,Yes,No,In Progress,2.32,7.45,1.95,Medium,Low,Medium,IV,Sandy,Poor,37.6,Low,SYNTHETIC_SIH26017_ENHANCED,Synthetic prototype dataset; added features are simulated and must not be represented as official parcel records.
LA-0862,Odisha,Ganjam,Irrigation,25.1,14,Mostly Paid,4,2,Full,93.6,52.2,74.9,Complete,Partially Completed,3,Compensation,0,0,15,16.529415,80.963294,synthetic_demo_district_center,Non-Green Zone,29.9,7.0,19.3,3.3,No,Yes,799.0,No,Not Required,No,No,908.0,2.1,3.22,1.4,4.96,15.41,Plain,Government,65.9,9.6,7.5,2.9,No,Pending,5,5,1,31.4,Obtained,Medium,Yes,Not Required,Private,,Under Review,No,Clear,No,Updated,62.8,No,,1,1,Pending,Approved,Pending,74.6,227.75,402.37,90.7,No,30.1,No,Yes,Yes,Yes,In Progress,1.26,2.99,5.24,Low,Medium,Medium,III,Black,Moderate,28.3,Low,SYNTHETIC_SIH26017_ENHANCED,Synthetic prototype dataset; added features are simulated and must not be represented as official parcel records.
LA-0863,Tamil Nadu,Madurai,Industrial,5.0,5,Mostly Paid,19,0,Partial,87.3,89.3,34.8,Incomplete,Completed,5,Notification,1,0,7,9.770055,76.33011,synthetic_demo_district_center,Green Zone,26.4,4.0,10.2,1.68,No,Yes,1130.0,Yes,Pending,No,No,1539.5,1.7,1.58,3.83,1.91,9.15,Coastal,Wasteland,70.1,17.9,1.5,1.1,No,Approved,1,1,0,56.0,Pending,High,Yes,Planned,Private,,Under Review,No,Clear,No,Updated,84.8,No,,3,1,Not Required,Approved,Pending,78.6,375.0,659.57,71.9,No,13.2,No,Yes,Yes,Yes,Not Required,0.94,1.13,0.89,High,Medium,Low,IV,Sandy,Good,51.4,Medium,SYNTHETIC_SIH26017_ENHANCED,Synthetic prototype dataset; added features are simulated and must not be represented as official parcel records.
LA-0864,Madhya Pradesh,Ujjain,Highway,47.3,21,Mostly Paid,36,0,Full,86.9,87.7,42.5,Incomplete,Partially Completed,4,Possession,2,1,154,23.296757,85.111437,synthetic_demo_district_center,Non-Green Zone,26.7,1.2,17.5,4.45,Yes,No,520.0,Yes,Pending,No,No,1460.3,1.4,1.18,6.87,8.51,11.25,Plain,Agricultural,80.4,8.9,2.4,1.8,No,Pending,5,1,2,66.8,Pending,Medium,Yes,Not Required,Government,,Verified,No,Clear,No,Updated,57.3,No,,4,2,Not Required,Pending,Pending,69.0,1109.93,2147.84,57.1,No,0.1,Yes,Yes,Yes,Yes,Pending,3.35,1.64,5.43,Medium,Low,Low,III,Loamy,Good,74.3,High,SYNTHETIC_SIH26017_ENHANCED,Synthetic prototype dataset; added features are simulated and must not be represented as official parcel records.
LA-0865,Bihar,Gaya,Irrigation,7.6,4,Not Started,84,0,Full,70.6,77.6,12.1,Partially Complete,Pending,4,Compensation,2,1,140,26.717402,75.874743,synthetic_demo_district_center,Buffer Zone,5.6,8.1,17.2,7.62,No,No,685.0,No,Not Required,Yes,Yes,345.7,4.0,6.47,3.61,6.75,2.5,Plain,Residential,66.0,10.2,1.0,2.4,Yes,Pending,3,0,0,57.7,Disputed,Medium,No,Not Required,Joint,,Verified,No,Clear,No,Updated,87.8,No,,0,0,Not Required,Pending,Pending,85.7,548.09,638.03,1.1,No,7.7,No,Yes,No,No,Not Required,2.22,2.2,5.29,Low,Medium,Low,III,Black,Good,56.5,Medium,SYNTHETIC_SIH26017_ENHANCED,Synthetic prototype dataset; added features are simulated and must not be represented as official parcel records.
LA-0866,Gujarat,Vadodara,Industrial,75.8,33,Partially Paid,45,0,Partial,50.2,41.4,85.8,Incomplete,Completed,5,Possession,0,0,12,13.038896,77.663333,synthetic_demo_district_center,Non-Green Zone,16.1,12.8,9.8,4.03,No,No,394.0,No,Pending,Yes,Yes,1494.5,4.2,6.27,2.69,14.26,3.49,Plain,Wasteland,61.6,16.8,7.5,1.3,No,Pending,10,1,0,42.0,Obtained,Medium,Yes,In Progress,Private,,Under Review,No,Clear,No,Pending,88.2,No,,2,2,Completed,Approved,Pending,98.2,902.98,1401.42,17.0,No,18.4,No,No,Yes,Yes,Not Required,1.79,2.68,2.28,Medium,Low,Low,II,Black,Moderate,49.9,Medium,SYNTHETIC_SIH26017_ENHANCED,Synthetic prototype dataset; added features are simulated and must not be represented as official parcel records.
LA-0867,Tamil Nadu,Salem,Railway,19.2,14,Fully Paid,20,0,Partial,75.4,77.6,92.7,Incomplete,Completed,4,Notification,0,0,16,9.827774,76.27363,synthetic_demo_district_center,Non-Green Zone,19.0,4.5,11.2,19.57,No,No,207.0,No,Not Required,No,No,1768.0,2.8,8.3,1.33,3.08,14.09,Plain,Commercial,35.2,13.5,6.5,1.4,Yes,Approved,2,0,0,84.7,Obtained,Low,No,Not Required,Joint,Confirmed,Under Review,No,Reported,No,Updated,99.3,No,,4,4,Not Required,Pending,Pending,99.0,392.47,704.96,82.4,No,25.1,Yes,Yes,Yes,Yes,Not Required,0.93,2.93,1.66,Low,Medium,Low,II,Loamy,Moderate,41.2,Medium,SYNTHETIC_SIH26017_ENHANCED,Synthetic prototype dataset; added features are simulated and must not be represented as official parcel records.
LA-0868,Gujarat,Bhavnagar,Power,20.9,9,Fully Paid,6,0,Full,19.0,84.8,64.1,Partially Complete,Partially Completed,5,Notification,1,0,0,9.877362,76.357186,synthetic_demo_district_center,Non-Green Zone,3.5,6.7,16.4,4.79,No,No,610.0,No,Approved,No,No,1290.5,6.2,5.14,8.14,2.9,25.35,Hilly,Commercial,48.0,8.4,0.9,0.9,No,Not Required,3,2,3,29.2,Pending,High,Yes,Not Required,Private,,Verified,No,Reported,No,Updated,63.8,Yes,,4,3,Completed,Approved,Pending,73.2,647.16,776.11,57.6,No,12.7,No,Yes,Yes,No,In Progress,1.86,2.5,6.9,Low,High,Low,III,Red,Good,28.1,Low,SYNTHETIC_SIH26017_ENHANCED,Synthetic prototype dataset; added features are simulated and must not be represented as official parcel records.
LA-0869,Maharashtra,Nashik,Railway,15.3,7,Partially Paid,71,0,Mostly Obtained,11.1,89.6,93.1,Complete,Completed,2,Rehabilitation,0,1,141,27.081729,75.814968,synthetic_demo_district_center,Green Zone,9.7,0.7,18.6,1.53,No,No,316.0,Yes,Approved,Yes,Yes,1183.8,3.8,6.18,5.94,11.1,3.42,Coastal,Commercial,35.2,4.2,11.5,1.0,Yes,Not Required,1,1,0,55.3,Disputed,Low,Yes,Not Required,Private,,Verified,No,Clear,No,Updated,99.5,No,,5,3,Pending,Pending,Issued,89.0,1051.71,1843.21,34.0,No,33.1,No,Yes,Yes,No,Not Required,0.59,0.78,3.12,Low,Low,High,II,Black,Moderate,49.7,Medium,SYNTHETIC_SIH26017_ENHANCED,Synthetic prototype dataset; added features are simulated and must not be represented as official parcel records.
LA-0870,Madhya Pradesh,Gwalior,Railway,19.8,12,Not Started,20,0,Full,14.4,72.2,74.5,Incomplete,Completed,5,Rehabilitation,1,0,17,23.323572,85.393535,synthetic_demo_district_center,Non-Green Zone,19.3,7.5,25.5,7.89,No,No,740.0,No,Not Required,Yes,Yes,1286.3,2.7,5.21,9.96,4.25,3.55,Plain,Agricultural,51.7,14.1,5.9,1.6,No,Pending,8,1,2,58.4,Pending,Medium,Yes,Not Required,Joint,,Verified,No,Clear,No,Updated,63.7,No,,4,3,Not Required,Approved,Pending,85.3,2145.34,3101.95,36.3,No,6.8,No,Yes,No,No,Completed,0.76,1.0,5.61,Low,Low,Low,II,Laterite,Poor,37.0,Low,SYNTHETIC_SIH26017_ENHANCED,Synthetic prototype dataset; added features are simulated and must not be represented as official parcel records.
LA-0871,Maharashtra,Nashik,Airport,71.1,33,Not Started,36,3,Full,25.4,72.8,76.8,Partially Complete,Partially Completed,2,Rehabilitation,2,1,107,17.408404,78.559391,synthetic_demo_district_center,Non-Green Zone,17.7,0.4,8.0,17.97,No,No,739.0,No,Not Required,No,No,472.7,2.2,10.48,8.89,5.79,23.75,Coastal,Agricultural,85.9,9.5,1.5,2.3,No,Not Required,13,3,2,79.3,Obtained,Medium,Yes,Completed,Institutional,,Verified,No,Clear,No,Updated,62.5,Yes,,3,2,Not Required,Pending,Issued,64.2,2396.72,3460.7,76.7,No,-8.4,No,Yes,Yes,No,Not Required,1.54,0.64,5.94,Medium,Low,Low,II,Sandy,Good,49.2,Medium,SYNTHETIC_SIH26017_ENHANCED,Synthetic prototype dataset; added features are simulated and must not be represented as official parcel records.
LA-0872,Uttar Pradesh,Kanpur Nagar,Railway,5.0,4,Mostly Paid,21,1,Mostly Obtained,76.2,70.3,73.2,Complete,Completed,1,Notification,3,0,18,30.838709,77.088721,synthetic_demo_district_center,Non-Green Zone,19.3,11.4,20.1,9.92,No,No,271.0,No,Approved,No,No,1602.2,1.7,4.15,7.03,11.05,19.26,Plain,Commercial,70.9,8.9,2.5,5.9,No,Not Required,7,3,0,60.2,Partial,Low,Yes,Not Required,Government,,Verified,No,Clear,No,Not Available,76.1,No,,6,2,Completed,Pending,Issued,64.1,2307.96,2656.62,80.5,No,-7.7,No,Yes,Yes,Yes,Not Required,3.0,1.31,3.14,Low,Medium,Low,III,Loamy,Poor,24.2,Low,SYNTHETIC_SIH26017_ENHANCED,Synthetic prototype dataset; added features are simulated and must not be represented as official parcel records.
LA-0873,Maharashtra,Nashik,Metro,63.9,29,Mostly Paid,40,0,Not Started,37.7,70.2,54.1,Complete,Pending,4,Notification,1,1,179,23.39298,85.508791,synthetic_demo_district_center,Green Zone,35.6,2.6,8.0,4.1,No,No,51.0,Yes,Not Required,No,No,1313.0,1.2,1.51,3.52,2.48,3.31,Plain,Industrial,73.0,17.9,12.4,2.5,No,Not Required,4,2,1,69.2,Pending,Low,Yes,Not Required,Private,,Verified,No,Reported,No,Not Available,98.0,No,,6,0,Completed,Partially Approved,Pending,62.8,871.75,1904.72,5.5,Yes,16.0,Yes,Yes,No,No,Pending,3.09,9.86,2.9,High,Low,Low,II,Sandy,Moderate,53.6,Medium,SYNTHETIC_SIH26017_ENHANCED,Synthetic prototype dataset; added features are simulated and must not be represented as official parcel records.
LA-0874,Uttar Pradesh,Mathura,Irrigation,31.6,17,Partially Paid,69,0,Partial,34.2,41.4,69.4,Complete,Completed,1,Possession,0,0,8,30.436769,78.195536,synthetic_demo_district_center,Non-Green Zone,23.4,11.8,31.6,3.84,No,No,868.0,No,Not Required,No,No,1065.6,4.3,0.49,10.17,2.81,5.02,Coastal,Agricultural,59.6,8.2,0.4,0.5,No,Approved,5,2,0,79.4,Obtained,Low,Yes,Not Required,Private,,Issue Found,Yes,Clear,No,Updated,57.7,No,,6,0,Not Required,Approved,Issued,91.8,1291.95,1476.76,68.1,No,8.1,No,Yes,Yes,No,In Progress,0.88,2.5,0.56,Medium,Low,Low,III,Black,Moderate,53.6,Medium,SYNTHETIC_SIH26017_ENHANCED,Synthetic prototype dataset; added features are simulated and must not be represented as official parcel records.
LA-0875,Uttar Pradesh,Lucknow,Power,9.9,7,Mostly Paid,50,2,Full,31.1,50.9,61.8,Incomplete,Completed,4,Rehabilitation,1,1,72,12.965702,77.682796,synthetic_demo_district_center,Non-Green Zone,30.7,15.2,12.3,5.27,No,No,318.0,No,Not Required,No,No,1313.8,2.7,5.24,3.67,18.07,13.58,Hilly,Residential,85.9,6.5,0.0,1.6,No,Not Required,5,0,1,85.6,Pending,Medium,No,Not Required,Private,,Verified,No,Clear,Yes,Updated,65.1,No,,2,2,Not Required,Approved,Pending,52.5,765.4,1597.84,98.2,No,11.6,No,Yes,Yes,No,Completed,3.97,2.1,2.12,High,Low,Medium,II,Alluvial,Moderate,51.0,Medium,SYNTHETIC_SIH26017_ENHANCED,Synthetic prototype dataset; added features are simulated and must not be represented as official parcel records.
LA-0876,Tamil Nadu,Coimbatore,Highway,11.0,4,Mostly Paid,24,0,Partial,53.9,40.2,58.6,Partially Complete,Completed,6,Closure,0,0,22,23.123484,72.560581,synthetic_demo_district_center,Non-Green Zone,21.4,9.5,12.5,3.46,No,Yes,138.0,No,Pending,Yes,Yes,507.1,3.3,2.05,4.62,5.63,11.82,Plain,Government,58.0,6.6,5.3,9.6,No,Not Required,21,10,3,78.4,Partial,High,Yes,Not Required,Private,,Issue Found,Yes,Under Verification,Yes,Updated,58.6,No,Pending,6,0,Pending,Partially Approved,Issued,62.8,5000.54,5294.98,45.6,No,33.4,No,Yes,Yes,No,Not Required,2.67,2.34,1.23,High,Low,Low,III,Alluvial,Poor,61.2,Medium,SYNTHETIC_SIH26017_ENHANCED,Synthetic prototype dataset; added features are simulated and must not be represented as official parcel records.
LA-0877,Gujarat,Rajkot,Highway,86.3,33,Fully Paid,72,0,Not Started,73.1,78.0,39.9,Incomplete,Partially Completed,6,Rehabilitation,0,1,163,30.910185,75.871348,synthetic_demo_district_center,Buffer Zone,20.8,17.5,21.4,11.06,No,No,423.0,No,Not Required,No,No,894.6,1.4,2.89,7.04,5.71,4.99,Plateau,Agricultural,33.6,6.4,1.0,3.8,No,Not Required,6,1,3,91.2,Partial,Low,Yes,Planned,Private,,Verified,No,Clear,No,Pending,61.8,No,,3,2,Not Required,Approved,Pending,68.3,1575.46,3464.64,75.1,No,-8.2,Yes,Yes,Yes,No,Completed,2.46,3.65,1.86,Medium,Low,Low,III,Red,Good,69.5,Medium,SYNTHETIC_SIH26017_ENHANCED,Synthetic prototype dataset; added features are simulated and must not be represented as official parcel records.
LA-0878,Bihar,Bhagalpur,Highway,12.1,4,Not Started,96,0,Mostly Obtained,54.5,78.4,92.0,Partially Complete,Partially Completed,6,Planning,0,0,9,25.703511,85.175342,synthetic_demo_district_center,Non-Green Zone,22.3,14.2,27.3,3.01,No,No,744.0,No,Not Required,Yes,Yes,332.7,1.4,2.53,13.09,3.92,4.14,Plateau,Agricultural,44.9,3.6,1.9,2.3,Yes,Approved,5,1,2,42.0,Partial,High,Yes,In Progress,Private,,Verified,No,Clear,Yes,Updated,81.1,No,,4,2,Not Required,Partially Approved,Pending,92.4,2282.99,4350.7,63.0,No,6.4,No,Yes,Yes,No,In Progress,3.06,4.48,2.11,Low,Low,Low,III,Red,Good,40.7,Medium,SYNTHETIC_SIH26017_ENHANCED,Synthetic prototype dataset; added features are simulated and must not be represented as official parcel records.
LA-0879,Maharashtra,Nashik,Industrial,10.3,6,Partially Paid,59,0,Mostly Obtained,83.8,63.6,66.0,Complete,Completed,1,Rehabilitation,2,0,15,30.287527,77.902403,synthetic_demo_district_center,Non-Green Zone,11.1,3.0,7.7,1.89,No,No,765.0,No,Not Required,No,No,1499.3,2.9,3.39,9.89,9.55,11.42,Hilly,Residential,72.1,12.5,0.9,5.1,No,Not Required,33,11,6,64.4,Obtained,Low,Yes,Not Required,Private,,Verified,No,Clear,No,Updated,91.7,No,,1,1,Pending,Pending,Issued,87.2,5889.05,9272.05,6.6,No,27.9,No,No,Yes,Yes,Not Required,1.01,5.0,9.72,Low,Low,High,II,Black,Good,33.5,Low,SYNTHETIC_SIH26017_ENHANCED,Synthetic prototype dataset; added features are simulated and must not be represented as official parcel records.
LA-0880,Madhya Pradesh,Jabalpur,Metro,57.6,25,,21,0,Partial,70.2,82.2,62.6,Partially Complete,Completed,6,Closure,1,0,26,30.977798,76.148061,synthetic_demo_district_center,Non-Green Zone,21.4,6.8,8.2,2.16,No,No,205.0,No,Pending,No,No,590.0,2.6,1.66,7.47,2.53,7.39,Plain,Agricultural,75.2,2.7,4.6,0.6,No,Not Required,12,6,3,20.8,Obtained,Medium,Yes,Planned,Private,,Verified,No,Clear,Yes,Updated,63.2,No,,0,0,Completed,Approved,Issued,91.3,3306.09,4625.75,93.9,No,32.6,No,No,Yes,Yes,Not Required,4.86,1.48,1.48,Medium,Low,Low,II,Loamy,Moderate,43.4,Medium,SYNTHETIC_SIH26017_ENHANCED,Synthetic prototype dataset; added features are simulated and must not be represented as official parcel records.
LA-0881,Uttar Pradesh,Meerut,Highway,31.6,15,Fully Paid,53,1,Partial,25.1,91.5,71.0,Complete,Completed,5,Planning,1,0,20,10.141294,76.454165,synthetic_demo_district_center,Non-Green Zone,34.5,4.6,6.8,8.61,No,No,277.0,No,Not Required,No,No,1301.9,1.5,5.62,4.12,3.8,3.98,Plateau,Commercial,31.7,12.1,1.1,8.5,No,Not Required,3,1,2,37.5,Pending,Low,Yes,Completed,Government,Possible,Verified,No,Clear,No,Updated,81.6,Yes,Disposed,4,4,Pending,Approved,Pending,83.1,1137.05,1203.8,31.7,No,13.7,No,Yes,Yes,Yes,In Progress,0.98,0.74,1.79,Medium,Low,Low,III,Red,Good,41.7,Medium,SYNTHETIC_SIH26017_ENHANCED,Synthetic prototype dataset; added features are simulated and must not be represented as official parcel records.
LA-0882,Gujarat,Bhavnagar,Airport,12.1,7,Fully Paid,58,0,Partial,84.5,70.9,66.3,Complete,Completed,6,Compensation,5,0,0,12.934232,77.549947,synthetic_demo_district_center,Green Zone,15.3,9.1,17.2,1.08,Yes,No,912.0,Yes,Not Required,No,No,1469.4,4.6,3.7,7.85,4.17,8.61,Plain,Agricultural,55.2,8.5,4.4,0.7,No,Not Required,15,5,2,49.9,Pending,High,Yes,Not Required,Private,,Issue Found,Yes,Clear,No,Updated,68.5,No,,4,1,Completed,Partially Approved,Issued,54.7,4587.71,5030.56,12.9,No,-10.7,No,Yes,Yes,No,Not Required,3.08,2.85,3.03,Medium,Low,Low,III,Loamy,Moderate,50.2,Medium,SYNTHETIC_SIH26017_ENHANCED,Synthetic prototype dataset; added features are simulated and must not be represented as official parcel records.
LA-0883,Rajasthan,Udaipur,Metro,28.9,13,Mostly Paid,24,0,Not Started,34.6,60.6,60.8,Partially Complete,Completed,1,Possession,1,0,18,26.296044,91.706431,synthetic_demo_district_center,Non-Green Zone,15.0,8.8,21.3,3.36,No,No,508.0,No,Approved,Yes,Yes,252.9,1.3,7.64,0.14,4.81,16.43,Plateau,Agricultural,87.0,5.0,1.2,0.4,Yes,Not Required,12,1,5,38.7,Partial,Low,Yes,Not Required,Private,,Verified,No,Clear,No,Updated,81.8,Yes,,4,4,Pending,Partially Approved,Issued,60.7,1245.33,1856.69,25.1,No,18.1,No,No,Yes,Yes,Not Required,2.1,2.92,4.25,Low,Low,Low,IV,Sandy,Good,29.4,Low,SYNTHETIC_SIH26017_ENHANCED,Synthetic prototype dataset; added features are simulated and must not be represented as official parcel records.
LA-0884,Odisha,Khordha,Highway,11.4,5,Not Started,96,0,Full,88.8,24.7,53.6,Partially Complete,Completed,4,Notification,1,0,17,22.569332,88.359215,synthetic_demo_district_center,Green Zone,16.7,4.4,6.3,12.64,No,No,241.0,Yes,Pending,Yes,Yes,1061.6,4.2,4.59,6.13,3.55,1.12,Plain,Residential,67.6,3.1,0.9,2.3,No,Approved,5,3,1,56.9,Obtained,Low,Yes,Not Required,Government,,Under Review,No,Under Verification,No,Updated,62.0,No,,2,0,Not Required,Approved,Issued,63.8,1091.17,1279.22,23.5,No,-7.2,No,Yes,Yes,No,Completed,1.37,0.6,2.66,Low,Low,Low,III,Loamy,Good,46.3,Medium,SYNTHETIC_SIH26017_ENHANCED,Synthetic prototype dataset; added features are simulated and must not be represented as official parcel records.
LA-0885,Tamil Nadu,Coimbatore,Metro,56.0,27,Partially Paid,67,1,Partial,79.4,77.8,68.4,Partially Complete,Completed,3,Possession,2,0,24,30.276195,78.003403,synthetic_demo_district_center,Non-Green Zone,13.5,2.3,20.2,7.89,No,No,74.0,No,Not Required,No,No,1055.1,4.8,3.23,2.19,7.63,24.75,Plain,Agricultural,48.6,0.5,4.6,3.9,No,Not Required,8,2,1,57.2,Pending,Medium,Yes,Not Required,Government,,Under Review,No,Clear,No,Updated,79.0,No,,3,3,Pending,Approved,Issued,73.7,422.61,757.94,32.4,No,20.7,Yes,No,Yes,Yes,Not Required,2.24,0.72,1.67,High,Medium,Low,V,Laterite,Good,64.0,Medium,SYNTHETIC_SIH26017_ENHANCED,Synthetic prototype dataset; added features are simulated and must not be represented as official parcel records.
LA-0886,Bihar,Patna,Power,54.4,25,Partially Paid,25,4,Full,25.4,56.1,77.9,Complete,Completed,4,Closure,0,0,12,23.232893,77.537663,synthetic_demo_district_center,Non-Green Zone,33.2,7.0,13.0,3.05,No,No,702.0,No,Pending,Yes,Yes,966.5,0.9,1.61,1.74,11.45,13.24,Plain,Commercial,87.9,8.1,6.1,0.5,No,Pending,19,6,2,31.1,Partial,Low,Yes,Not Required,Private,Possible,Verified,No,Under Verification,No,Not Available,75.3,No,,3,3,Completed,Partially Approved,Issued,97.6,2495.11,4061.98,34.5,No,2.9,No,Yes,Yes,Yes,Pending,6.69,0.88,0.92,Low,Low,Low,III,Red,Poor,43.3,Medium,SYNTHETIC_SIH26017_ENHANCED,Synthetic prototype dataset; added features are simulated and must not be represented as official parcel records.
LA-0887,Karnataka,Hubballi,Highway,36.6,13,Mostly Paid,21,1,Full,38.3,69.8,18.4,Partially Complete,Pending,3,Rehabilitation,6,1,86,30.365626,77.824624,synthetic_demo_district_center,Green Zone,24.8,3.8,14.9,2.49,No,No,395.0,Yes,Approved,No,No,1078.8,1.7,3.48,9.17,1.74,6.22,Hilly,Agricultural,64.4,8.8,3.1,2.0,No,Not Required,7,2,0,75.3,Pending,Low,Yes,Not Required,Private,,Under Review,No,Clear,No,Updated,78.3,No,,3,0,Not Required,Partially Approved,Issued,73.8,729.86,1188.68,69.7,No,8.6,No,Yes,Yes,No,Completed,2.84,2.47,1.43,Low,Medium,Medium,IV,Red,Good,22.5,Low,SYNTHETIC_SIH26017_ENHANCED,Synthetic prototype dataset; added features are simulated and must not be represented as official parcel records.
LA-0888,Tamil Nadu,Chennai,Railway,32.2,21,Partially Paid,58,2,Mostly Obtained,44.6,85.6,42.1,Complete,Partially Completed,5,Closure,1,0,0,31.219882,77.066674,synthetic_demo_district_center,Green Zone,10.3,9.2,16.3,2.16,No,No,1470.0,Yes,Not Required,No,No,1310.4,3.5,3.61,5.78,4.61,4.85,Plain,Residential,62.8,12.7,3.3,8.1,No,Pending,7,3,1,95.3,Pending,High,Yes,Not Required,Private,Possible,Verified,No,Clear,No,Updated,76.7,No,,1,1,Completed,Approved,Issued,84.1,657.78,741.71,9.6,No,-10.5,No,Yes,Yes,No,Not Required,0.71,4.58,4.09,Medium,Low,Low,IV,Loamy,Good,51.5,Medium,SYNTHETIC_SIH26017_ENHANCED,Synthetic prototype dataset; added features are simulated and must not be represented as official parcel records.
LA-0889,Rajasthan,Ajmer,Irrigation,91.9,41,Not Started,114,4,Partial,51.9,84.6,74.8,Partially Complete,Pending,4,Compensation,4,1,130,27.014817,75.758999,synthetic_demo_district_center,Non-Green Zone,10.5,6.2,14.4,2.98,No,No,103.0,No,Pending,No,No,1527.2,2.5,1.01,2.14,13.0,3.33,Coastal,Commercial,69.7,18.3,6.9,2.6,No,Not Required,8,1,1,58.9,Obtained,Low,Yes,Planned,Private,,Under Review,No,Under Verification,No,Not Available,60.4,No,Disposed,3,3,Not Required,Approved,Issued,63.8,3049.79,5242.77,32.3,No,10.1,No,No,Yes,Yes,Not Required,1.91,4.56,3.08,Medium,High,Medium,III,Black,Moderate,46.8,Medium,SYNTHETIC_SIH26017_ENHANCED,Synthetic prototype dataset; added features are simulated and must not be represented as official parcel records.
LA-0890,Odisha,Ganjam,Metro,24.5,12,Fully Paid,9,2,Partial,42.1,70.4,55.7,Complete,Pending,1,Compensation,1,0,24,31.1152,75.869594,synthetic_demo_district_center,Non-Green Zone,28.7,10.0,6.7,6.21,No,No,381.0,No,Pending,No,No,1759.3,6.9,0.84,3.08,8.63,7.16,Plain,Agricultural,64.9,6.0,2.4,1.5,No,Not Required,6,2,0,61.7,Obtained,Medium,Yes,Completed,Private,Possible,Verified,No,Clear,No,Pending,56.4,Yes,,6,1,Pending,Pending,Issued,91.7,1205.8,1301.16,74.4,No,33.6,No,No,No,No,Not Required,0.93,5.32,4.93,Low,Low,Medium,IV,Red,Good,36.5,Low,SYNTHETIC_SIH26017_ENHANCED,Synthetic prototype dataset; added features are simulated and must not be represented as official parcel records.
LA-0891,Rajasthan,Kota,Industrial,10.1,7,Partially Paid,41,2,Partial,33.5,25.2,54.3,Partially Complete,Completed,5,Possession,1,0,14,30.313448,78.200747,synthetic_demo_district_center,Non-Green Zone,16.6,5.3,4.4,7.06,Yes,No,262.0,Yes,Not Required,Yes,Yes,221.7,2.3,2.2,2.74,10.56,21.45,Plain,Agricultural,40.2,2.9,1.1,1.9,No,Pending,3,3,0,79.3,Partial,Low,Yes,Not Required,Private,Possible,Under Review,No,Clear,No,Pending,69.8,No,Pending,2,0,Completed,Approved,Issued,52.3,652.43,1294.12,79.0,No,-9.3,No,Yes,Yes,Yes,Completed,1.58,1.29,4.05,Low,Low,Medium,IV,Sandy,Moderate,50.5,Medium,SYNTHETIC_SIH26017_ENHANCED,Synthetic prototype dataset; added features are simulated and must not be represented as official parcel records.
LA-0892,Maharashtra,Thane,Metro,34.4,16,Mostly Paid,53,0,Partial,86.7,68.7,20.5,Complete,Completed,4,Compensation,3,1,136,27.131111,80.842488,synthetic_demo_district_center,Non-Green Zone,25.3,2.9,5.8,2.7,No,No,614.0,No,Approved,No,No,1740.9,17.4,1.02,6.57,8.41,16.48,Plateau,Agricultural,58.0,7.2,1.5,2.3,No,Approved,5,4,1,61.8,Obtained,High,Yes,Planned,Government,Possible,Under Review,No,Clear,No,Updated,90.5,No,,4,1,Completed,Partially Approved,Pending,54.0,737.53,1445.38,5.8,No,-8.7,No,Yes,Yes,Yes,Completed,0.31,3.17,1.2,Low,Low,Low,III,Red,Moderate,47.5,Medium,SYNTHETIC_SIH26017_ENHANCED,Synthetic prototype dataset; added features are simulated and must not be represented as official parcel records.
LA-0893,Uttar Pradesh,Kanpur Nagar,Highway,117.3,39,Partially Paid,68,2,Full,61.8,12.2,60.1,Complete,Pending,5,Planning,0,1,148,23.421221,77.473018,synthetic_demo_district_center,Non-Green Zone,18.5,8.8,11.4,3.92,No,No,501.0,No,Not Required,No,No,1084.3,5.4,3.67,1.0,5.93,16.85,Plain,Wasteland,60.4,10.6,1.2,1.7,No,Pending,4,2,1,45.0,Partial,Medium,Yes,In Progress,Private,,Under Review,No,Clear,No,Updated,81.9,No,Pending,4,1,Not Required,Approved,Pending,80.8,1793.36,2190.25,47.4,No,-7.3,No,No,Yes,No,Not Required,1.54,9.28,1.14,Low,Low,Low,III,Loamy,Poor,59.7,Medium,SYNTHETIC_SIH26017_ENHANCED,Synthetic prototype dataset; added features are simulated and must not be represented as official parcel records.
LA-0894,Bihar,Muzaffarpur,Highway,11.5,5,Fully Paid,53,0,Partial,12.9,55.3,89.2,Partially Complete,Pending,3,Rehabilitation,0,0,23,23.156048,77.442574,synthetic_demo_district_center,Non-Green Zone,19.6,3.6,23.0,1.18,No,No,861.0,No,Not Required,No,No,1447.9,3.9,2.71,3.02,2.75,16.01,Plain,Residential,79.2,8.1,1.7,1.2,No,Not Required,5,2,1,81.4,Disputed,Low,Yes,Not Required,Government,,Verified,No,Clear,No,Pending,89.8,No,,0,0,Pending,Approved,Issued,92.6,1729.16,3546.45,89.8,No,25.4,No,Yes,Yes,Yes,Not Required,2.14,4.91,4.04,Low,Low,Medium,III,Black,Moderate,59.1,Medium,SYNTHETIC_SIH26017_ENHANCED,Synthetic prototype dataset; added features are simulated and must not be represented as official parcel records.
LA-0895,West Bengal,Darjeeling,Metro,18.7,8,Mostly Paid,20,3,Full,52.3,60.4,60.5,Partially Complete,Completed,5,Notification,2,1,117,26.552966,80.714967,synthetic_demo_district_center,Non-Green Zone,4.1,0.6,8.3,5.78,No,No,375.0,No,Pending,No,No,1593.1,5.0,2.07,1.99,13.71,9.04,Plain,Agricultural,59.3,2.4,4.9,2.8,No,Pending,5,4,1,64.6,Disputed,Medium,Yes,Not Required,Private,,Under Review,No,Under Verification,No,Updated,72.7,No,Pending,3,3,Pending,Partially Approved,Issued,85.8,1508.2,3028.93,44.1,Yes,-0.0,No,Yes,Yes,No,In Progress,1.61,0.91,5.47,Low,Medium,Medium,II,Red,Good,69.0,Medium,SYNTHETIC_SIH26017_ENHANCED,Synthetic prototype dataset; added features are simulated and must not be represented as official parcel records.
LA-0896,Uttar Pradesh,Kanpur Nagar,Highway,33.5,12,Fully Paid,8,0,Not Started,62.4,81.0,40.2,Partially Complete,Completed,1,Planning,0,1,99,31.013667,77.225077,synthetic_demo_district_center,Non-Green Zone,38.3,5.3,21.3,4.93,No,No,191.0,No,Pending,No,No,121.5,2.7,2.5,3.17,2.9,7.66,Plain,Agricultural,50.4,7.8,1.6,3.4,No,Not Required,5,5,0,34.4,Partial,Medium,Yes,In Progress,Joint,,Verified,No,Under Verification,Yes,Updated,56.3,No,,5,1,Completed,Approved,Pending,63.7,2674.99,5657.8,95.8,No,26.3,No,Yes,Yes,No,Not Required,1.21,2.7,1.64,Low,Medium,Low,III,Sandy,Moderate,47.6,Medium,SYNTHETIC_SIH26017_ENHANCED,Synthetic prototype dataset; added features are simulated and must not be represented as official parcel records.
LA-0897,West Bengal,Hooghly,Highway,23.6,13,Mostly Paid,23,0,Not Started,71.6,80.5,56.1,Complete,Partially Completed,4,Planning,1,0,0,30.194612,77.937338,synthetic_demo_district_center,Non-Green Zone,16.2,5.7,2.7,5.38,No,No,1206.0,No,Pending,No,No,1539.9,10.4,1.82,5.01,5.49,10.0,Plain,Government,44.4,6.4,8.4,6.1,Yes,Not Required,4,3,1,78.9,Obtained,Medium,Yes,Planned,Private,Confirmed,Issue Found,Yes,Clear,Yes,Updated,88.5,No,Pending,3,0,Completed,Approved,Issued,96.4,898.82,1449.29,2.2,No,1.7,No,Yes,Yes,No,Not Required,2.13,4.03,1.17,Low,Low,Low,II,Laterite,Moderate,49.3,Medium,SYNTHETIC_SIH26017_ENHANCED,Synthetic prototype dataset; added features are simulated and must not be represented as official parcel records.
LA-0898,Odisha,Khordha,Irrigation,11.7,3,Fully Paid,52,0,Full,53.5,44.3,72.7,Incomplete,Pending,3,Closure,0,0,17,18.822525,72.849318,synthetic_demo_district_center,Non-Green Zone,35.5,4.8,10.6,1.7,No,No,294.0,No,Approved,No,No,1736.6,1.3,1.2,5.1,11.17,6.73,Plain,Agricultural,54.6,4.0,2.6,2.2,Yes,Pending,3,0,0,43.3,Pending,Medium,No,Not Required,Joint,,Verified,No,Clear,No,Updated,85.2,No,,5,0,Completed,Pending,Issued,66.5,966.19,1393.08,30.3,No,11.1,Yes,Yes,Yes,No,Not Required,0.64,4.07,4.3,Low,Medium,Medium,II,Alluvial,Moderate,43.1,Medium,SYNTHETIC_SIH26017_ENHANCED,Synthetic prototype dataset; added features are simulated and must not be represented as official parcel records.
LA-0899,Gujarat,Ahmedabad,Airport,56.9,26,Fully Paid,18,1,Mostly Obtained,57.8,19.4,61.9,Incomplete,Pending,5,Notification,2,1,107,31.115567,77.225381,synthetic_demo_district_center,Non-Green Zone,28.1,7.7,6.3,5.07,No,No,49.0,No,Not Required,Yes,Yes,263.7,2.0,3.92,5.5,6.9,2.01,Coastal,Residential,70.1,12.8,2.2,3.7,Yes,Approved,12,2,2,72.8,Partial,Low,Yes,Not Required,Joint,,Verified,No,Clear,No,Pending,87.4,No,,5,2,Pending,Pending,Issued,76.5,2018.99,2221.08,53.2,No,-10.2,No,No,No,No,In Progress,0.26,2.45,1.33,Low,Low,Low,V,Sandy,Moderate,41.3,Medium,SYNTHETIC_SIH26017_ENHANCED,Synthetic prototype dataset; added features are simulated and must not be represented as official parcel records.
LA-0900,Karnataka,Mangaluru,Irrigation,139.8,78,Mostly Paid,76,1,Partial,29.2,59.1,80.9,Complete,Pending,2,Compensation,3,1,135,22.501256,88.437015,synthetic_demo_district_center,Non-Green Zone,19.4,12.4,21.0,0.96,No,Yes,431.0,No,Not Required,No,No,632.1,2.1,6.17,5.1,5.79,3.03,Plain,Agricultural,45.7,10.9,0.6,1.4,Yes,Not Required,10,2,2,46.4,Obtained,High,Yes,Not Required,Institutional,Possible,Verified,No,Clear,No,Pending,80.3,Yes,,5,4,Not Required,Approved,Pending,60.4,3334.05,5679.03,41.1,No,-5.9,No,Yes,Yes,Yes,Pending,0.53,2.0,9.58,Medium,Medium,Medium,IV,Sandy,Poor,32.6,Low,SYNTHETIC_SIH26017_ENHANCED,Synthetic prototype dataset; added features are simulated and must not be represented as official parcel records.
LA-0901,Madhya Pradesh,Jabalpur,Irrigation,28.4,12,Fully Paid,27,2,Partial,16.9,78.2,43.1,Complete,Completed,3,Closure,0,0,16,31.090266,77.21631,synthetic_demo_district_center,Non-Green Zone,34.9,7.7,9.5,4.77,No,Yes,789.0,No,Not Required,No,No,989.9,1.6,1.69,4.44,13.87,9.5,Plain,Agricultural,68.1,7.9,1.5,4.5,No,Not Required,1,3,1,46.3,Partial,Medium,Yes,Not Required,Private,,Under Review,No,Clear,No,Updated,58.1,No,,3,3,Completed,Approved,Issued,99.6,374.83,387.16,57.0,No,33.7,No,Yes,No,No,In Progress,0.9,3.83,2.68,Medium,Low,Medium,II,Laterite,Poor,23.0,Low,SYNTHETIC_SIH26017_ENHANCED,Synthetic prototype dataset; added features are simulated and must not be represented as official parcel records.
LA-0902,Uttar Pradesh,Agra,Highway,12.5,5,Partially Paid,17,1,Partial,,36.0,54.0,Partially Complete,Completed,3,Compensation,0,0,10,26.959577,75.996175,synthetic_demo_district_center,Green Zone,7.8,7.0,4.9,5.25,No,No,199.0,Yes,Approved,No,No,132.6,6.5,2.77,7.01,7.08,5.08,Coastal,Agricultural,50.0,4.6,6.8,2.9,No,Not Required,7,2,0,52.9,Obtained,Low,Yes,Completed,Private,,Verified,No,Under Verification,No,Updated,92.9,No,,1,1,Completed,Partially Approved,Pending,98.8,2695.83,5605.63,27.8,No,11.1,No,No,No,Yes,Not Required,4.01,8.76,5.88,Medium,Medium,Medium,III,Loamy,Moderate,43.3,Medium,SYNTHETIC_SIH26017_ENHANCED,Synthetic prototype dataset; added features are simulated and must not be represented as official parcel records.
LA-0903,Bihar,Patna,Airport,7.7,8,Partially Paid,44,0,Mostly Obtained,69.5,62.0,61.8,Complete,Partially Completed,1,Planning,1,1,112,27.099167,75.804558,synthetic_demo_district_center,Non-Green Zone,38.7,9.0,12.4,3.57,No,No,312.0,No,Pending,No,No,1320.0,2.3,3.87,2.31,1.26,14.24,Plain,Agricultural,47.0,8.6,5.3,2.7,No,Not Required,4,2,0,66.5,Obtained,Low,Yes,Completed,Joint,,Verified,No,Clear,No,Updated,99.2,No,,5,1,Pending,Approved,Pending,55.6,1695.97,1881.1,21.8,No,15.8,Yes,Yes,Yes,No,Not Required,4.08,4.43,4.84,Low,Medium,Medium,III,Loamy,Good,39.9,Low,SYNTHETIC_SIH26017_ENHANCED,Synthetic prototype dataset; added features are simulated and must not be represented as official parcel records.
LA-0904,Rajasthan,Udaipur,Highway,29.8,14,Not Started,25,0,Not Started,60.0,18.0,72.0,Complete,Completed,1,Possession,3,0,39,12.843991,77.445906,synthetic_demo_district_center,Non-Green Zone,29.4,5.8,17.8,4.76,No,No,177.0,No,Approved,No,No,881.9,11.3,4.11,2.88,4.76,6.23,Plateau,Residential,60.7,11.2,4.2,1.8,Yes,Approved,9,3,1,28.7,Partial,Low,Yes,Not Required,Private,,Verified,No,Reported,No,Pending,98.0,No,,5,5,Completed,Partially Approved,Issued,91.5,518.34,889.06,50.2,No,-10.2,Yes,Yes,No,No,In Progress,1.24,2.57,1.98,Medium,Low,Medium,IV,Sandy,Moderate,40.9,Medium,SYNTHETIC_SIH26017_ENHANCED,Synthetic prototype dataset; added features are simulated and must not be represented as official parcel records.
LA-0905,Bihar,Bhagalpur,Airport,56.1,30,Mostly Paid,21,0,Mostly Obtained,57.7,86.5,87.1,Complete,Completed,5,Planning,1,0,13,30.10099,78.070355,synthetic_demo_district_center,Non-Green Zone,30.5,11.9,32.8,6.37,No,No,293.0,No,Approved,No,No,39.5,1.0,0.69,1.92,22.43,5.71,Plain,Agricultural,84.7,11.5,8.8,2.5,No,Approved,3,0,0,54.1,Obtained,Low,No,Not Required,Private,,Verified,No,Clear,No,Not Available,78.5,No,,3,2,Pending,Pending,Issued,97.6,563.31,854.31,26.2,No,-11.9,Yes,Yes,Yes,No,Not Required,0.35,3.33,0.73,Low,Low,Medium,IV,Sandy,Moderate,45.7,Medium,SYNTHETIC_SIH26017_ENHANCED,Synthetic prototype dataset; added features are simulated and must not be represented as official parcel records.
LA-0906,Odisha,Ganjam,Airport,35.0,15,Fully Paid,105,1,Mostly Obtained,54.4,73.8,39.0,Complete,Pending,2,Planning,1,0,18,16.545761,80.751598,synthetic_demo_district_center,Green Zone,15.3,3.4,2.7,3.72,No,No,616.0,Yes,Approved,No,No,154.5,1.2,0.72,13.93,14.37,3.99,Coastal,Agricultural,29.7,7.1,6.4,1.3,No,Not Required,2,2,1,67.7,Obtained,Medium,Yes,Not Required,Private,,Verified,No,Clear,No,Pending,83.2,No,,6,2,Completed,Approved,Issued,74.6,528.85,929.22,35.8,No,23.3,No,Yes,No,Yes,In Progress,1.1,2.16,4.76,Low,Medium,Low,IV,Laterite,Good,43.5,Medium,SYNTHETIC_SIH26017_ENHANCED,Synthetic prototype dataset; added features are simulated and must not be represented as official parcel records.
LA-0907,West Bengal,Howrah,Power,24.5,14,Fully Paid,18,0,Full,82.8,65.4,85.0,Partially Complete,Completed,3,Rehabilitation,0,0,0,31.157085,77.029635,synthetic_demo_district_center,Non-Green Zone,15.8,7.0,19.9,3.7,No,No,244.0,No,Pending,No,No,7.2,3.7,0.61,3.03,6.54,11.38,Plain,Wasteland,88.0,2.1,1.3,1.5,No,Not Required,3,0,0,20.6,Pending,Low,No,Completed,Private,Possible,Verified,No,Under Verification,No,Updated,91.5,No,,4,3,Completed,Approved,Issued,68.8,322.54,673.94,1.2,No,8.5,No,Yes,Yes,No,Pending,1.7,3.94,1.38,Low,Low,Low,III,Laterite,Moderate,46.7,Medium,SYNTHETIC_SIH26017_ENHANCED,Synthetic prototype dataset; added features are simulated and must not be represented as official parcel records.
LA-0908,Rajasthan,Udaipur,Airport,15.8,6,Partially Paid,22,0,Partial,11.9,59.6,64.7,Complete,Completed,5,Notification,0,0,4,31.216283,77.357517,synthetic_demo_district_center,Buffer Zone,13.7,2.5,6.8,3.78,No,No,332.0,No,Not Required,No,No,998.7,4.2,2.64,7.92,6.17,7.56,Plain,Agricultural,79.6,4.3,0.1,1.8,No,Not Required,7,4,2,90.9,Pending,Medium,Yes,Not Required,Joint,,Under Review,No,Clear,Yes,Not Available,88.4,No,,6,6,Completed,Approved,Pending,72.5,858.91,1006.6,27.0,No,25.0,Yes,No,Yes,No,In Progress,0.67,0.83,3.71,High,Low,Low,II,Black,Poor,42.3,Medium,SYNTHETIC_SIH26017_ENHANCED,Synthetic prototype dataset; added features are simulated and must not be represented as official parcel records.
LA-0909,Madhya Pradesh,Jabalpur,Industrial,10.8,5,Mostly Paid,45,2,Not Started,50.1,44.1,80.1,Complete,Completed,6,Possession,0,0,17,9.785267,76.366738,synthetic_demo_district_center,Non-Green Zone,26.1,17.6,23.0,1.61,No,No,1818.0,No,Pending,No,No,1571.9,1.0,0.85,5.72,5.9,5.47,Plateau,Commercial,57.2,9.9,0.1,0.6,No,Not Required,4,0,0,25.8,Obtained,Low,No,Planned,Government,,Verified,No,Reported,No,Updated,94.5,No,,3,3,Not Required,Partially Approved,Issued,60.7,1206.87,1919.64,82.2,No,24.0,No,Yes,Yes,No,In Progress,0.68,1.47,6.4,Low,Low,Medium,II,Sandy,Moderate,36.2,Low,SYNTHETIC_SIH26017_ENHANCED,Synthetic prototype dataset; added features are simulated and must not be represented as official parcel records.
LA-0910,Madhya Pradesh,Bhopal,Railway,45.9,14,Partially Paid,75,1,Mostly Obtained,12.8,99.5,79.9,Incomplete,Completed,2,Possession,1,0,0,23.11593,77.552276,synthetic_demo_district_center,Non-Green Zone,38.4,17.0,14.3,4.0,No,Yes,722.0,No,Pending,Yes,Yes,901.5,3.6,2.53,7.57,8.19,15.0,Plain,Agricultural,65.3,14.6,4.7,2.5,No,Not Required,20,8,5,76.2,Partial,Low,Yes,Not Required,Private,Confirmed,Verified,No,Clear,No,Updated,56.6,No,,0,0,Not Required,Approved,Issued,79.9,3853.78,5435.24,28.9,No,5.7,No,Yes,Yes,Yes,Pending,2.01,1.96,3.2,Low,Medium,Medium,III,Laterite,Good,53.2,Medium,SYNTHETIC_SIH26017_ENHANCED,Synthetic prototype dataset; added features are simulated and must not be represented as official parcel records.
LA-0911,Uttar Pradesh,Agra,Metro,48.7,24,,42,1,Not Started,,84.8,43.4,Incomplete,Pending,5,Notification,2,1,69,23.117361,77.402434,synthetic_demo_district_center,Non-Green Zone,5.2,5.9,19.2,12.67,No,Yes,364.0,No,Not Required,No,No,1562.3,1.0,1.85,1.73,4.57,6.77,Plateau,Government,73.6,1.8,5.4,1.8,No,Not Required,4,1,2,65.3,Obtained,Low,Yes,Completed,Private,,Verified,No,Clear,No,Updated,69.4,No,Pending,1,1,Completed,Approved,Issued,87.0,555.97,855.94,11.6,No,22.9,No,No,No,No,Not Required,0.32,0.21,1.48,Low,Low,Low,III,Red,Good,35.3,Low,SYNTHETIC_SIH26017_ENHANCED,Synthetic prototype dataset; added features are simulated and must not be represented as official parcel records.
LA-0912,Odisha,Sambalpur,Industrial,7.7,2,Partially Paid,32,1,Partial,69.3,57.9,24.1,Incomplete,Completed,3,Possession,2,0,5,20.558653,85.786493,synthetic_demo_district_center,Non-Green Zone,31.8,4.5,36.3,7.19,No,No,1169.0,No,Not Required,No,No,1454.6,8.6,6.17,2.76,2.19,15.93,Plain,Agricultural,47.7,2.6,4.5,4.2,No,Not Required,5,3,0,44.5,Pending,Medium,Yes,Completed,Private,,Issue Found,Yes,Reported,Yes,Not Available,94.0,No,Disposed,6,2,Completed,Approved,Issued,87.1,196.66,428.31,80.9,No,5.6,No,Yes,Yes,No,In Progress,1.17,3.25,2.03,Medium,Low,Medium,III,Laterite,Good,61.6,Medium,SYNTHETIC_SIH26017_ENHANCED,Synthetic prototype dataset; added features are simulated and must not be represented as official parcel records.
LA-0913,Gujarat,Surat,Highway,80.8,38,Fully Paid,113,2,Not Started,92.7,54.2,88.4,Complete,Completed,5,Planning,2,1,73,19.031618,72.673685,synthetic_demo_district_center,Non-Green Zone,13.3,11.6,13.5,10.34,No,No,825.0,No,Not Required,No,No,792.8,4.4,1.1,5.38,9.12,1.26,Plain,Agricultural,64.5,15.3,3.5,2.1,No,Not Required,17,4,1,93.2,Obtained,Low,Yes,Not Required,Private,Confirmed,Verified,No,Clear,No,Pending,86.0,No,,6,3,Pending,Approved,Issued,60.8,1460.35,2746.52,95.4,No,7.4,No,No,No,Yes,Not Required,2.28,10.27,0.94,Low,Low,Low,V,Black,Good,39.2,Low,SYNTHETIC_SIH26017_ENHANCED,Synthetic prototype dataset; added features are simulated and must not be represented as official parcel records.
LA-0914,Odisha,Khordha,Industrial,37.7,13,Partially Paid,21,0,Partial,60.4,65.2,72.8,Complete,Completed,1,Compensation,1,0,5,17.383731,78.38542,synthetic_demo_district_center,Non-Green Zone,39.6,6.1,15.9,6.9,No,No,84.0,No,Approved,No,No,1387.1,2.4,1.17,11.37,15.71,3.41,Hilly,Government,79.4,2.0,0.8,4.3,Yes,Approved,8,3,3,37.3,Obtained,Low,Yes,Planned,Private,,Under Review,No,Clear,No,Updated,88.2,No,,6,0,Pending,Approved,Issued,91.0,1153.75,1787.42,46.1,No,22.6,No,Yes,Yes,No,Pending,2.43,0.77,1.71,Low,Low,Low,IV,Sandy,Moderate,44.0,Medium,SYNTHETIC_SIH26017_ENHANCED,Synthetic prototype dataset; added features are simulated and must not be represented as official parcel records.
LA-0915,West Bengal,Darjeeling,Airport,70.1,25,Partially Paid,22,2,Not Started,44.8,73.2,79.3,Complete,Completed,1,Possession,1,1,140,23.266143,72.725818,synthetic_demo_district_center,Non-Green Zone,4.9,15.9,7.8,5.68,Yes,No,1007.0,Yes,Not Required,Yes,Yes,314.7,1.3,5.6,12.31,6.1,3.32,Plain,Residential,60.8,4.5,2.6,2.3,No,Not Required,7,0,0,22.7,Obtained,Medium,No,In Progress,Institutional,Possible,Verified,No,Clear,No,Pending,97.2,No,Disposed,5,3,Pending,Pending,Issued,71.7,706.3,1121.38,10.6,No,1.2,No,Yes,No,Yes,Not Required,0.16,3.82,3.38,Low,Medium,Medium,IV,Loamy,Good,37.0,Low,SYNTHETIC_SIH26017_ENHANCED,Synthetic prototype dataset; added features are simulated and must not be represented as official parcel records.
LA-0916,Bihar,Gaya,Highway,9.0,4,Fully Paid,18,0,Partial,10.1,87.4,78.2,Complete,Completed,4,Notification,0,0,15,30.363484,77.923735,synthetic_demo_district_center,Non-Green Zone,20.0,8.8,15.3,15.36,No,No,550.0,No,Not Required,Yes,Yes,218.3,2.0,1.68,7.71,7.36,9.38,Coastal,Commercial,55.4,8.0,4.6,1.9,Yes,Approved,16,10,3,64.0,Pending,High,Yes,Planned,Private,,Verified,No,Clear,No,Pending,66.6,No,,6,1,Not Required,Pending,Pending,98.1,5430.08,11006.82,45.6,No,-9.2,No,Yes,Yes,Yes,Not Required,2.04,1.65,5.4,Medium,Low,Low,IV,Laterite,Moderate,50.7,Medium,SYNTHETIC_SIH26017_ENHANCED,Synthetic prototype dataset; added features are simulated and must not be represented as official parcel records.
LA-0917,Madhya Pradesh,Gwalior,Irrigation,8.8,5,,40,0,Full,57.1,63.0,51.2,Complete,Completed,2,Possession,0,0,3,19.019502,72.861315,synthetic_demo_district_center,Green Zone,1.2,12.1,19.7,13.02,No,Yes,626.0,Yes,Approved,No,No,1412.0,0.3,2.86,1.04,16.18,26.54,Plain,Agricultural,29.9,9.4,9.2,0.6,No,Not Required,2,0,1,20.9,Obtained,Medium,No,Not Required,Private,Confirmed,Verified,No,Clear,No,Updated,93.9,No,,3,3,Pending,Partially Approved,Pending,76.3,186.6,376.62,99.8,No,2.9,No,Yes,Yes,Yes,Not Required,0.79,0.4,0.41,Medium,Low,Low,IV,Red,Moderate,33.3,Low,SYNTHETIC_SIH26017_ENHANCED,Synthetic prototype dataset; added features are simulated and must not be represented as official parcel records.
LA-0918,Bihar,Patna,Airport,21.9,9,Not Started,14,2,Mostly Obtained,64.2,46.0,65.2,Incomplete,Pending,6,Planning,0,1,201,12.974973,80.277558,synthetic_demo_district_center,Non-Green Zone,41.0,6.5,24.8,2.9,No,No,522.0,No,Approved,No,No,567.2,2.5,4.99,9.12,10.07,16.55,Plain,Residential,72.6,5.8,1.6,3.3,No,Pending,7,1,2,80.7,Pending,Low,Yes,Completed,Private,,Under Review,No,Clear,No,Updated,61.8,No,,1,1,Completed,Partially Approved,Issued,56.2,1457.36,2525.09,46.8,No,-9.0,No,Yes,Yes,Yes,Not Required,1.7,1.16,0.65,Low,Medium,Medium,IV,Red,Good,40.6,Medium,SYNTHETIC_SIH26017_ENHANCED,Synthetic prototype dataset; added features are simulated and must not be represented as official parcel records.
LA-0919,Bihar,Patna,Airport,35.8,16,Mostly Paid,11,1,Not Started,47.0,64.6,58.1,Incomplete,Pending,3,Compensation,3,0,20,23.194658,77.30277,synthetic_demo_district_center,Non-Green Zone,11.9,5.4,9.9,10.4,No,No,1163.0,No,Pending,No,No,979.2,2.7,3.33,4.77,13.17,8.15,Hilly,Agricultural,47.5,5.5,1.3,4.5,No,Not Required,1,0,0,62.2,Obtained,Low,No,Completed,Institutional,,Under Review,No,Clear,No,Not Available,75.6,No,,2,1,Not Required,Approved,Pending,98.8,984.66,2135.52,39.9,No,22.4,No,No,No,No,Pending,0.55,1.72,3.61,Low,Low,High,IV,Red,Moderate,45.3,Medium,SYNTHETIC_SIH26017_ENHANCED,Synthetic prototype dataset; added features are simulated and must not be represented as official parcel records.
LA-0920,Bihar,Patna,Airport,94.4,38,Not Started,22,2,Partial,31.0,54.5,48.9,Partially Complete,Completed,2,Rehabilitation,1,0,8,30.815755,75.789185,synthetic_demo_district_center,Buffer Zone,9.1,6.5,14.4,18.89,No,Yes,670.0,No,Not Required,No,No,727.4,0.1,3.42,2.6,7.22,17.39,Coastal,Agricultural,72.0,3.8,5.2,3.2,No,Pending,8,1,2,69.9,Obtained,Medium,Yes,Planned,Private,Possible,Verified,No,Clear,No,Pending,83.9,No,,2,2,Not Required,Partially Approved,Issued,84.8,1513.01,3206.84,27.0,No,14.4,No,Yes,No,No,In Progress,2.4,3.43,1.49,Low,Medium,Low,IV,Red,Moderate,36.2,Low,SYNTHETIC_SIH26017_ENHANCED,Synthetic prototype dataset; added features are simulated and must not be represented as official parcel records.
LA-0921,Madhya Pradesh,Gwalior,Metro,41.7,20,Fully Paid,6,2,Mostly Obtained,77.1,8.9,84.7,Partially Complete,Completed,1,Compensation,2,0,22,22.753325,88.481501,synthetic_demo_district_center,Non-Green Zone,9.4,3.5,5.0,2.66,No,No,368.0,No,Pending,Yes,Yes,1619.8,9.9,0.92,10.9,6.08,8.13,Plateau,Agricultural,71.0,8.8,5.0,0.5,No,Pending,7,0,1,26.2,Partial,Low,No,In Progress,Private,,Issue Found,Yes,Under Verification,No,Updated,79.1,No,Pending,5,0,Pending,Approved,Issued,99.4,529.42,853.84,16.4,No,31.9,No,No,No,Yes,Pending,1.14,1.71,1.02,Low,Medium,Low,V,Loamy,Moderate,51.4,Medium,SYNTHETIC_SIH26017_ENHANCED,Synthetic prototype dataset; added features are simulated and must not be represented as official parcel records.
LA-0922,Tamil Nadu,Madurai,Airport,20.5,12,Mostly Paid,36,1,Full,24.3,69.1,76.1,Partially Complete,Completed,6,Rehabilitation,6,0,22,25.62021,85.278988,synthetic_demo_district_center,Non-Green Zone,19.8,10.5,14.1,3.97,No,No,105.0,No,Not Required,No,No,1739.0,3.5,3.33,5.1,13.05,1.88,Plateau,Agricultural,60.0,13.8,1.2,2.2,Yes,Not Required,3,1,1,31.3,Obtained,Low,Yes,In Progress,Government,Possible,Verified,No,Under Verification,No,Pending,70.5,No,,6,5,Completed,Approved,Pending,51.2,688.62,1119.11,13.0,No,-5.0,No,No,Yes,Yes,Pending,1.48,1.1,3.64,Low,Low,Medium,IV,Black,Good,29.6,Low,SYNTHETIC_SIH26017_ENHANCED,Synthetic prototype dataset; added features are simulated and must not be represented as official parcel records.
LA-0923,Maharashtra,Aurangabad,Irrigation,11.4,6,Partially Paid,40,1,Not Started,67.5,14.3,49.3,Partially Complete,Pending,3,Possession,1,0,21,23.026369,77.1483,synthetic_demo_district_center,Non-Green Zone,20.8,4.0,14.5,6.81,No,Yes,519.0,No,Pending,Yes,Yes,654.8,4.5,1.56,3.04,4.8,14.17,Coastal,Agricultural,73.1,8.0,4.9,2.3,Yes,Pending,14,2,2,57.9,Partial,High,Yes,Not Required,Government,,Verified,No,Clear,No,Pending,79.1,No,Pending,5,1,Completed,Approved,Issued,58.8,2104.47,4099.81,93.9,No,1.9,Yes,Yes,No,No,Pending,0.85,3.97,1.29,Low,Low,Medium,III,Sandy,Poor,68.9,Medium,SYNTHETIC_SIH26017_ENHANCED,Synthetic prototype dataset; added features are simulated and must not be represented as official parcel records.
LA-0924,West Bengal,Howrah,Highway,61.7,22,Mostly Paid,45,0,Full,54.7,80.8,86.5,,Completed,4,Closure,2,1,78,13.05066,77.767668,synthetic_demo_district_center,Buffer Zone,43.1,6.2,23.0,4.48,No,No,254.0,No,Approved,Yes,Yes,341.2,5.0,1.31,10.8,11.75,3.68,Plain,Government,43.9,6.9,3.2,4.6,No,Not Required,16,11,2,24.8,Pending,Medium,Yes,Not Required,Private,,Verified,No,Clear,No,Updated,89.9,No,Pending,5,5,Not Required,Approved,Pending,92.1,1355.3,2182.65,38.5,No,30.0,No,Yes,Yes,No,Not Required,2.71,2.07,5.51,Medium,Medium,High,II,Alluvial,Poor,50.9,Medium,SYNTHETIC_SIH26017_ENHANCED,Synthetic prototype dataset; added features are simulated and must not be represented as official parcel records.
LA-0925,Tamil Nadu,Salem,Metro,11.9,5,Not Started,55,0,Mostly Obtained,89.0,83.0,55.8,Partially Complete,Completed,1,Notification,3,0,0,12.822191,77.560352,synthetic_demo_district_center,Buffer Zone,14.6,14.7,22.0,3.12,No,No,1766.0,No,Not Required,Yes,Yes,55.3,2.8,5.76,10.93,16.4,2.48,Plain,Commercial,57.7,18.2,2.7,4.1,Yes,Pending,32,6,5,54.6,Obtained,Medium,Yes,Not Required,Government,,Issue Found,Yes,Clear,No,Pending,59.9,No,,0,0,Not Required,Approved,Issued,68.7,1902.78,2280.03,37.9,No,-7.1,No,Yes,No,Yes,In Progress,2.77,8.55,4.68,Medium,Low,Low,III,Loamy,Poor,53.0,Medium,SYNTHETIC_SIH26017_ENHANCED,Synthetic prototype dataset; added features are simulated and must not be represented as official parcel records.
LA-0926,West Bengal,Howrah,Power,83.2,38,Fully Paid,23,0,Mostly Obtained,69.5,7.2,18.6,Complete,Completed,1,Closure,1,0,0,26.763568,75.789987,synthetic_demo_district_center,Non-Green Zone,28.2,13.8,7.2,1.47,No,No,768.0,No,Pending,Yes,Yes,1040.7,2.0,1.28,13.4,2.55,5.23,Plain,Industrial,67.6,5.8,4.8,1.0,No,Not Required,7,4,3,96.5,Partial,High,Yes,Not Required,Institutional,,Verified,No,Clear,No,Updated,76.3,No,Pending,4,0,Completed,Approved,Issued,85.0,1219.31,1225.11,31.0,No,-5.6,Yes,Yes,Yes,No,Completed,2.89,7.22,1.74,Medium,Low,Low,III,Loamy,Good,45.4,Medium,SYNTHETIC_SIH26017_ENHANCED,Synthetic prototype dataset; added features are simulated and must not be represented as official parcel records.
LA-0927,Rajasthan,Kota,Highway,19.8,9,Fully Paid,69,1,Full,44.3,38.6,84.6,Complete,Partially Completed,6,Possession,1,1,109,31.160996,77.04288,synthetic_demo_district_center,Green Zone,17.3,5.4,31.4,4.27,No,No,83.0,Yes,Not Required,No,No,1669.4,1.9,1.1,1.11,4.0,9.87,Plain,Residential,53.1,11.8,1.8,5.4,No,Approved,4,1,3,39.7,Disputed,Low,Yes,Planned,Joint,,Under Review,No,Clear,No,Updated,59.2,No,,5,5,Not Required,Approved,Issued,79.0,406.53,505.37,78.7,No,21.7,No,Yes,No,Yes,Pending,1.17,5.1,0.99,Low,High,Low,III,Sandy,Poor,44.0,Medium,SYNTHETIC_SIH26017_ENHANCED,Synthetic prototype dataset; added features are simulated and must not be represented as official parcel records.
LA-0928,Odisha,Puri,Industrial,80.9,32,Fully Paid,64,0,Mostly Obtained,51.2,66.5,74.4,Partially Complete,Pending,2,Rehabilitation,1,0,8,10.023174,76.311007,synthetic_demo_district_center,Non-Green Zone,15.2,6.2,37.7,7.43,No,No,129.0,No,Not Required,Yes,Yes,785.6,1.0,2.55,13.24,3.05,16.1,Coastal,Agricultural,62.9,1.5,4.1,4.3,Yes,Not Required,1,0,0,71.3,Pending,Medium,No,Not Required,Private,Possible,Under Review,No,Clear,No,Updated,63.1,Yes,Pending,5,1,Not Required,Pending,Pending,77.1,232.42,250.31,67.4,No,33.9,Yes,Yes,Yes,Yes,In Progress,0.94,1.57,3.86,Medium,High,Low,II,Red,Moderate,37.6,Low,SYNTHETIC_SIH26017_ENHANCED,Synthetic prototype dataset; added features are simulated and must not be represented as official parcel records.
LA-0929,Odisha,Ganjam,Power,40.8,24,Partially Paid,12,1,Full,80.5,51.9,76.8,,Partially Completed,5,Closure,0,0,9,21.221644,81.663591,synthetic_demo_district_center,Non-Green Zone,18.1,11.0,26.4,3.82,No,No,1369.0,No,Pending,No,No,1733.4,3.9,1.28,0.85,2.28,32.57,Plateau,Wasteland,77.6,15.1,0.8,3.2,No,Not Required,3,1,0,37.5,Obtained,Low,Yes,Completed,Private,Possible,Verified,No,Under Verification,No,Not Available,59.0,No,,2,2,Completed,Partially Approved,Pending,78.0,156.56,297.9,81.7,No,14.9,No,Yes,Yes,No,Completed,1.86,2.94,4.9,Low,Low,Low,II,Loamy,Good,41.9,Medium,SYNTHETIC_SIH26017_ENHANCED,Synthetic prototype dataset; added features are simulated and must not be represented as official parcel records.
LA-0930,Karnataka,Mangaluru,Highway,22.1,10,Partially Paid,29,3,Partial,37.9,27.3,93.6,Incomplete,Completed,2,Possession,0,0,12,19.197681,73.125144,synthetic_demo_district_center,Non-Green Zone,41.4,15.9,21.9,12.57,Yes,Yes,405.0,Yes,Approved,No,No,1279.6,2.3,1.71,7.76,5.52,21.71,Plain,Agricultural,56.4,7.6,2.4,3.9,No,Not Required,8,2,2,79.3,Obtained,Medium,Yes,Not Required,Private,,Verified,No,Clear,No,Updated,78.3,No,Pending,0,0,Completed,Pending,Pending,86.1,2407.51,4016.57,50.0,No,16.6,No,Yes,Yes,No,Not Required,0.92,2.56,1.73,Low,Medium,Low,III,Black,Moderate,37.5,Low,SYNTHETIC_SIH26017_ENHANCED,Synthetic prototype dataset; added features are simulated and must not be represented as official parcel records.
LA-0931,Odisha,Ganjam,Industrial,16.6,10,Not Started,2,2,Mostly Obtained,44.6,48.6,49.0,,Completed,1,Rehabilitation,0,0,29,20.19552,85.727077,synthetic_demo_district_center,Green Zone,22.9,3.8,29.2,8.62,No,No,448.0,Yes,Not Required,No,No,1701.8,1.1,3.64,1.69,7.94,6.09,Plain,Residential,52.6,5.2,1.6,0.3,No,Pending,2,1,0,24.5,Pending,Low,Yes,Completed,Private,,Verified,No,Clear,No,Not Available,68.7,No,,5,1,Not Required,Approved,Pending,70.0,807.43,1639.43,26.1,No,10.9,No,No,Yes,Yes,In Progress,0.73,0.12,2.44,High,Low,Low,II,Loamy,Good,56.4,Medium,SYNTHETIC_SIH26017_ENHANCED,Synthetic prototype dataset; added features are simulated and must not be represented as official parcel records.
LA-0932,Madhya Pradesh,Indore,Irrigation,19.0,9,Mostly Paid,70,0,Mostly Obtained,,89.9,54.8,Partially Complete,Completed,2,Possession,0,0,9,20.218532,85.859541,synthetic_demo_district_center,Buffer Zone,19.0,12.6,14.8,7.8,No,No,590.0,No,Not Required,Yes,Yes,1212.7,11.7,1.19,9.58,15.96,11.24,Plain,Government,82.2,4.6,1.9,1.3,Yes,Not Required,22,6,4,45.3,Obtained,Low,Yes,Completed,Private,,Verified,No,Clear,No,Updated,94.0,No,Pending,5,3,Not Required,Approved,Issued,83.3,4032.71,8371.03,60.3,No,10.3,No,No,Yes,No,Not Required,4.79,1.47,4.07,Medium,Medium,High,II,Alluvial,Moderate,36.6,Low,SYNTHETIC_SIH26017_ENHANCED,Synthetic prototype dataset; added features are simulated and must not be represented as official parcel records.
LA-0933,Gujarat,Rajkot,Metro,33.8,21,Mostly Paid,54,0,Partial,86.9,82.0,96.2,Complete,Partially Completed,5,Possession,2,0,12,23.236446,85.171675,synthetic_demo_district_center,Non-Green Zone,21.5,14.2,30.7,7.95,No,No,592.0,No,Not Required,No,No,1605.3,2.8,2.17,7.75,9.89,4.03,Plateau,Wasteland,52.1,7.6,0.5,0.2,No,Pending,36,12,6,90.5,Obtained,Medium,Yes,Not Required,Private,,Verified,No,Clear,No,Not Available,56.5,No,,6,2,Completed,Approved,Issued,98.1,5766.95,6025.86,20.5,No,20.0,No,Yes,Yes,Yes,Pending,1.13,1.17,1.92,Low,Medium,High,V,Red,Moderate,39.7,Low,SYNTHETIC_SIH26017_ENHANCED,Synthetic prototype dataset; added features are simulated and must not be represented as official parcel records.
LA-0934,Uttar Pradesh,Mathura,Highway,26.0,14,Mostly Paid,81,0,Mostly Obtained,32.0,71.8,70.9,Complete,Completed,4,Compensation,2,0,0,31.054044,75.796498,synthetic_demo_district_center,Non-Green Zone,29.2,4.0,10.1,5.33,No,No,974.0,No,Not Required,No,No,779.3,2.4,1.92,11.09,10.5,6.22,Plain,Agricultural,72.3,11.0,1.9,11.5,No,Not Required,4,0,1,99.8,Obtained,Low,No,Not Required,Private,,Verified,No,Clear,No,Pending,74.4,No,,5,1,Completed,Approved,Issued,94.3,1226.64,1731.05,10.5,No,22.9,No,Yes,Yes,Yes,Not Required,2.82,1.97,2.66,Low,Medium,Low,II,Sandy,Good,30.1,Low,SYNTHETIC_SIH26017_ENHANCED,Synthetic prototype dataset; added features are simulated and must not be represented as official parcel records.
LA-0935,Karnataka,Mysuru,Highway,15.7,4,Fully Paid,7,3,Partial,75.1,70.2,61.6,Complete,Completed,3,Notification,2,0,34,22.546087,88.232407,synthetic_demo_district_center,Non-Green Zone,15.8,8.8,16.2,6.51,No,No,81.0,No,Not Required,No,No,1063.3,0.1,2.29,18.84,6.21,17.81,Plain,Residential,58.0,8.1,15.4,4.0,Yes,Pending,11,4,2,27.0,Partial,Low,Yes,Planned,Private,,Verified,No,Clear,No,Updated,80.6,No,Pending,6,5,Completed,Approved,Pending,88.1,1410.21,1634.29,96.4,No,25.9,No,Yes,Yes,No,In Progress,1.98,7.54,3.02,Low,Low,Low,V,Sandy,Good,54.6,Medium,SYNTHETIC_SIH26017_ENHANCED,Synthetic prototype dataset; added features are simulated and must not be represented as official parcel records.
LA-0936,Uttar Pradesh,Agra,Railway,21.7,11,Partially Paid,43,0,Not Started,49.1,57.1,83.7,Partially Complete,Completed,1,Possession,0,0,0,21.102718,81.561799,synthetic_demo_district_center,Non-Green Zone,17.8,21.6,17.1,0.8,No,No,467.0,No,Not Required,No,No,178.1,3.0,2.33,5.87,13.06,11.66,Plain,Industrial,52.4,2.8,1.4,2.9,No,Not Required,8,2,3,68.0,Pending,Low,Yes,Not Required,Private,,Issue Found,Yes,Clear,No,Updated,96.2,No,Disposed,2,2,Not Required,Partially Approved,Pending,59.9,1992.72,3054.48,21.5,No,32.5,No,Yes,No,No,Pending,0.79,0.42,3.06,High,Low,Low,III,Sandy,Poor,54.1,Medium,SYNTHETIC_SIH26017_ENHANCED,Synthetic prototype dataset; added features are simulated and must not be represented as official parcel records.
LA-0937,West Bengal,Darjeeling,Airport,26.0,12,Not Started,19,0,Partial,44.5,48.3,53.1,Complete,Pending,2,Closure,3,1,101,30.840795,75.864994,synthetic_demo_district_center,Non-Green Zone,13.7,3.8,3.6,3.95,No,No,128.0,No,Not Required,No,No,1283.0,8.3,4.49,7.5,0.14,23.47,Coastal,Agricultural,65.2,15.4,2.1,2.0,Yes,Not Required,13,6,3,24.0,Pending,Medium,Yes,In Progress,Private,,Verified,No,Reported,No,Pending,78.0,No,,5,5,Pending,Approved,Pending,70.7,711.91,1418.32,47.8,No,-0.1,No,No,No,No,Not Required,2.79,2.28,1.49,High,High,Low,III,Laterite,Moderate,46.8,Medium,SYNTHETIC_SIH26017_ENHANCED,Synthetic prototype dataset; added features are simulated and must not be represented as official parcel records.
LA-0938,Uttar Pradesh,Lucknow,Highway,5.0,4,Not Started,4,1,Mostly Obtained,47.4,96.3,54.1,Incomplete,Completed,1,Rehabilitation,2,0,19,17.487952,78.271879,synthetic_demo_district_center,Green Zone,48.1,18.4,10.8,1.49,No,No,348.0,Yes,Pending,No,No,1591.8,6.4,3.24,5.35,5.07,8.03,Coastal,Agricultural,23.3,3.3,4.2,8.0,No,Approved,4,2,0,67.0,Obtained,Low,Yes,Not Required,Private,,Issue Found,Yes,Clear,Yes,Pending,88.4,No,,1,0,Pending,Approved,Issued,69.7,793.97,1723.01,67.2,Yes,-1.3,No,Yes,No,No,In Progress,0.64,6.12,1.64,Low,Low,Medium,III,Laterite,Poor,63.3,Medium,SYNTHETIC_SIH26017_ENHANCED,Synthetic prototype dataset; added features are simulated and must not be represented as official parcel records.
LA-0939,Uttar Pradesh,Agra,Industrial,34.6,19,Partially Paid,60,0,Full,7.5,85.6,65.2,Partially Complete,Completed,3,Rehabilitation,2,1,112,13.169384,80.34825,synthetic_demo_district_center,Non-Green Zone,18.7,10.2,10.2,1.84,No,No,813.0,No,Not Required,No,No,1159.7,6.8,3.96,1.25,3.99,3.84,Plateau,Industrial,69.9,13.0,1.0,5.8,No,Not Required,3,0,1,33.5,Obtained,Low,No,Completed,Private,,Verified,No,Clear,No,Pending,85.7,No,,5,2,Not Required,Pending,Issued,58.3,162.45,173.95,62.7,No,-14.6,No,Yes,No,No,Not Required,1.19,2.11,3.86,Low,Low,Low,II,Loamy,Good,28.9,Low,SYNTHETIC_SIH26017_ENHANCED,Synthetic prototype dataset; added features are simulated and must not be represented as official parcel records.
LA-0940,Karnataka,Belagavi,Highway,11.8,4,Not Started,10,2,Partial,60.5,59.5,71.7,Partially Complete,Partially Completed,2,Possession,2,0,28,23.334249,85.23328,synthetic_demo_district_center,Non-Green Zone,9.0,4.1,4.0,4.76,No,No,415.0,No,Approved,No,No,1665.4,3.5,2.22,13.58,7.28,3.92,Plain,Residential,78.0,11.4,1.5,3.1,No,Approved,3,0,1,85.1,Obtained,Low,No,In Progress,Private,,Verified,No,Clear,No,Pending,63.6,Yes,,6,6,Completed,Pending,Issued,76.8,238.06,419.11,18.7,No,2.9,Yes,Yes,No,Yes,Not Required,0.55,1.74,2.26,Medium,Low,Low,II,Laterite,Good,41.7,Medium,SYNTHETIC_SIH26017_ENHANCED,Synthetic prototype dataset; added features are simulated and must not be represented as official parcel records.
LA-0941,Rajasthan,Ajmer,Railway,10.3,5,Mostly Paid,39,2,Mostly Obtained,9.4,74.6,49.9,Incomplete,Completed,4,Compensation,1,1,178,31.116916,77.148925,synthetic_demo_district_center,Non-Green Zone,16.3,7.2,26.0,7.71,No,No,350.0,No,Pending,Yes,Yes,363.2,0.6,4.14,3.8,6.17,3.54,Plateau,Agricultural,94.3,3.4,6.1,3.4,Yes,Pending,6,4,1,86.5,Pending,Low,Yes,Not Required,Joint,Possible,Verified,No,Clear,No,Updated,88.2,Yes,Pending,1,1,Not Required,Pending,Pending,58.3,1632.27,1796.98,41.9,No,-9.7,No,No,No,No,Not Required,1.44,4.42,1.17,Low,Low,Low,III,Loamy,Good,56.3,Medium,SYNTHETIC_SIH26017_ENHANCED,Synthetic prototype dataset; added features are simulated and must not be represented as official parcel records.
LA-0942,Bihar,Patna,Irrigation,6.9,6,,19,1,Not Started,79.5,,57.6,Incomplete,Completed,3,Notification,0,0,11,25.438272,85.375112,synthetic_demo_district_center,Non-Green Zone,50.7,16.4,8.9,7.97,No,No,957.0,No,Not Required,No,No,687.3,3.4,8.63,3.69,4.98,7.39,Plain,Agricultural,82.6,19.8,4.3,1.3,No,Pending,29,9,3,83.6,Obtained,Medium,Yes,Not Required,Private,,Under Review,No,Clear,No,Pending,60.4,No,,2,2,Completed,Approved,Issued,74.3,1952.5,2832.2,77.8,No,23.5,Yes,Yes,No,No,Not Required,2.86,0.61,1.21,Low,Medium,Medium,IV,Black,Moderate,37.3,Low,SYNTHETIC_SIH26017_ENHANCED,Synthetic prototype dataset; added features are simulated and must not be represented as official parcel records.
LA-0943,Odisha,Sambalpur,Power,6.4,2,Partially Paid,34,3,Full,68.9,51.8,66.6,Complete,Completed,5,Notification,1,0,22,16.578763,80.768465,synthetic_demo_district_center,Buffer Zone,30.7,3.0,22.1,0.65,No,No,204.0,No,Approved,No,No,148.2,4.7,1.98,18.04,1.76,2.84,Plain,Agricultural,92.7,2.9,2.7,1.5,No,Not Required,3,2,1,88.3,Pending,Medium,Yes,In Progress,Private,Confirmed,Verified,No,Under Verification,No,Pending,57.6,Yes,,4,4,Pending,Partially Approved,Issued,81.1,1062.41,1616.33,37.2,No,17.8,No,Yes,Yes,Yes,Completed,2.12,4.14,1.42,Low,Low,Low,III,Laterite,Good,36.8,Low,SYNTHETIC_SIH26017_ENHANCED,Synthetic prototype dataset; added features are simulated and must not be represented as official parcel records.
LA-0944,Odisha,Puri,Highway,8.9,4,Fully Paid,55,0,Mostly Obtained,61.9,75.2,56.4,Partially Complete,Partially Completed,5,Planning,1,0,24,12.915559,77.504235,synthetic_demo_district_center,Buffer Zone,26.3,13.4,25.7,5.84,No,No,425.0,No,Not Required,No,No,563.3,4.0,3.49,2.22,2.13,8.35,Plain,Government,71.1,6.6,1.7,2.4,No,Not Required,13,8,4,65.9,Obtained,Medium,Yes,Completed,Government,Confirmed,Verified,No,Under Verification,Yes,Updated,58.3,No,,4,3,Not Required,Partially Approved,Pending,65.6,3981.76,4093.02,92.1,No,12.0,No,No,Yes,No,Not Required,1.59,2.82,5.12,Low,Medium,Low,II,Sandy,Moderate,39.9,Low,SYNTHETIC_SIH26017_ENHANCED,Synthetic prototype dataset; added features are simulated and must not be represented as official parcel records.
LA-0945,Madhya Pradesh,Indore,Railway,14.4,6,Partially Paid,34,0,Full,92.4,77.9,68.1,Complete,Completed,1,Possession,1,0,5,27.000311,75.727016,synthetic_demo_district_center,Non-Green Zone,9.1,4.8,17.8,5.31,No,No,915.0,No,Not Required,No,No,982.2,2.2,2.18,3.3,3.28,3.59,Plain,Industrial,67.8,11.3,4.6,2.6,No,Pending,14,4,3,54.6,Pending,High,Yes,Not Required,Private,,Verified,No,Clear,No,Updated,98.3,No,Pending,2,1,Not Required,Approved,Issued,53.0,3043.49,3756.6,21.5,No,-14.5,No,Yes,Yes,Yes,Not Required,0.16,1.15,2.81,Low,Low,Medium,II,Laterite,Moderate,49.0,Medium,SYNTHETIC_SIH26017_ENHANCED,Synthetic prototype dataset; added features are simulated and must not be represented as official parcel records.
LA-0946,Karnataka,Belagavi,Highway,106.2,60,Mostly Paid,14,1,Full,60.4,87.9,93.2,Complete,Completed,5,Rehabilitation,1,0,22,26.317475,91.812738,synthetic_demo_district_center,Non-Green Zone,11.9,4.3,11.3,6.91,No,No,980.0,No,Not Required,Yes,Yes,309.7,3.7,1.06,17.22,3.63,11.8,Plain,Agricultural,66.2,3.1,3.1,1.9,Yes,Pending,14,4,1,70.4,Pending,Low,Yes,Not Required,Private,,Verified,No,Under Verification,No,Updated,80.3,No,Disposed,0,0,Not Required,Pending,Issued,93.1,3282.45,4374.67,29.8,No,26.7,No,No,Yes,No,Pending,1.08,1.93,4.99,Low,Medium,Medium,III,Sandy,Moderate,41.4,Medium,SYNTHETIC_SIH26017_ENHANCED,Synthetic prototype dataset; added features are simulated and must not be represented as official parcel records.
LA-0947,Madhya Pradesh,Indore,Metro,16.5,12,Partially Paid,106,0,Partial,37.6,70.2,58.7,Complete,Pending,2,Notification,3,1,163,26.917306,81.065118,synthetic_demo_district_center,Green Zone,27.4,4.4,1.1,4.27,No,No,203.0,Yes,Pending,No,No,1461.8,4.6,2.83,1.19,3.59,10.97,Coastal,Agricultural,81.5,4.3,1.8,0.1,No,Pending,4,2,1,95.0,Obtained,High,Yes,In Progress,Private,Possible,Issue Found,Yes,Clear,No,Pending,82.5,No,,4,4,Pending,Partially Approved,Issued,63.4,1473.54,1808.45,5.6,No,-4.1,No,Yes,Yes,Yes,Completed,1.25,0.28,3.33,Low,Low,Low,II,Alluvial,Poor,37.1,Low,SYNTHETIC_SIH26017_ENHANCED,Synthetic prototype dataset; added features are simulated and must not be represented as official parcel records.
LA-0948,Gujarat,Vadodara,Power,28.0,13,Mostly Paid,23,0,Partial,26.6,83.6,82.9,Partially Complete,Completed,5,Planning,1,0,11,16.518692,80.698262,synthetic_demo_district_center,Non-Green Zone,25.2,11.1,2.3,8.24,No,No,98.0,No,Not Required,No,No,1298.7,2.9,3.39,10.13,11.96,7.34,Plateau,Agricultural,88.7,5.7,0.7,1.4,No,Not Required,6,0,1,32.0,Obtained,Low,No,Completed,Institutional,,Under Review,No,Reported,No,Not Available,93.1,No,,1,1,Completed,Approved,Issued,81.0,288.3,305.99,93.2,No,31.9,No,Yes,Yes,No,Not Required,1.86,3.78,0.31,Low,Low,Low,III,Loamy,Good,27.9,Low,SYNTHETIC_SIH26017_ENHANCED,Synthetic prototype dataset; added features are simulated and must not be represented as official parcel records.
LA-0949,Gujarat,Surat,Highway,33.1,20,Fully Paid,16,0,Full,51.4,71.9,39.3,Complete,Partially Completed,4,Compensation,5,0,13,16.485389,80.602455,synthetic_demo_district_center,Non-Green Zone,14.7,2.4,14.4,1.77,Yes,Yes,29.0,Yes,Not Required,Yes,Yes,1302.0,2.8,1.82,8.28,10.02,7.88,Plain,Wasteland,80.6,13.0,6.9,3.1,Yes,Pending,10,1,3,48.5,Disputed,Medium,Yes,Not Required,Government,,Verified,No,Clear,No,Pending,62.2,Yes,,0,0,Not Required,Pending,Pending,97.3,2974.97,4813.0,49.2,No,32.0,No,No,Yes,No,Not Required,1.31,2.02,5.41,Low,Low,Medium,II,Sandy,Moderate,54.9,Medium,SYNTHETIC_SIH26017_ENHANCED,Synthetic prototype dataset; added features are simulated and must not be represented as official parcel records.
LA-0950,Madhya Pradesh,Jabalpur,Railway,27.1,14,Not Started,28,0,Not Started,32.0,31.9,79.5,Partially Complete,Pending,6,Notification,4,0,8,23.052546,72.539036,synthetic_demo_district_center,Non-Green Zone,14.1,14.4,10.8,9.93,No,No,180.0,No,Not Required,No,No,503.3,8.5,4.7,7.24,3.61,5.89,Plain,Agricultural,36.7,4.6,2.7,5.0,No,Not Required,5,2,5,88.7,Disputed,Low,Yes,Not Required,Joint,,Under Review,No,Clear,No,Updated,62.7,No,,5,4,Pending,Pending,Issued,87.9,1557.25,2580.79,3.9,No,-11.8,No,Yes,Yes,No,Not Required,4.69,5.49,5.82,Low,Low,Low,III,Loamy,Moderate,65.5,Medium,SYNTHETIC_SIH26017_ENHANCED,Synthetic prototype dataset; added features are simulated and must not be represented as official parcel records.
LA-0951,Karnataka,Mysuru,Railway,23.1,15,Mostly Paid,7,1,Mostly Obtained,23.4,66.8,62.2,Partially Complete,Completed,2,Compensation,1,0,8,9.696124,76.297336,synthetic_demo_district_center,Non-Green Zone,33.6,0.8,9.3,9.04,No,No,1031.0,No,Not Required,No,No,1420.7,4.5,0.91,6.6,2.41,6.7,Plain,Residential,52.7,9.3,1.3,8.7,Yes,Not Required,2,0,1,51.1,Obtained,Medium,No,In Progress,Private,,Issue Found,Yes,Under Verification,No,Updated,60.8,No,,1,0,Not Required,Partially Approved,Issued,88.3,850.62,1458.81,35.2,No,-2.4,No,Yes,No,No,Pending,8.45,1.6,11.07,Low,Low,Low,II,Laterite,Poor,43.9,Medium,SYNTHETIC_SIH26017_ENHANCED,Synthetic prototype dataset; added features are simulated and must not be represented as official parcel records.
LA-0952,Madhya Pradesh,Indore,Airport,10.0,4,Fully Paid,17,0,Full,48.2,67.8,64.4,Partially Complete,Completed,6,Notification,1,0,22,26.911899,75.862669,synthetic_demo_district_center,Green Zone,45.6,6.9,19.0,5.75,No,No,748.0,Yes,Not Required,No,No,808.5,3.6,1.73,1.99,16.49,16.04,Plain,Agricultural,59.7,8.9,1.0,2.3,No,Not Required,1,1,2,47.3,Pending,Low,Yes,Planned,Private,,Verified,No,Clear,No,Pending,93.2,No,Pending,0,0,Completed,Partially Approved,Issued,60.3,451.63,654.87,37.5,No,-9.6,No,Yes,Yes,No,Not Required,3.4,8.07,1.71,Medium,Low,Low,III,Red,Moderate,32.6,Low,SYNTHETIC_SIH26017_ENHANCED,Synthetic prototype dataset; added features are simulated and must not be represented as official parcel records.
LA-0953,Odisha,Khordha,Airport,72.8,29,Mostly Paid,24,2,Partial,24.1,56.1,60.3,Complete,Pending,1,Compensation,3,1,124,22.673207,88.285545,synthetic_demo_district_center,Non-Green Zone,28.2,4.8,10.1,6.68,No,No,363.0,No,Not Required,Yes,Yes,708.1,10.8,0.12,3.31,6.86,11.88,Plain,Agricultural,55.5,13.4,1.9,3.8,No,Approved,8,2,2,49.4,Pending,Medium,Yes,Not Required,Private,,Verified,No,Clear,No,Not Available,83.2,No,,3,0,Pending,Pending,Issued,54.9,694.4,884.74,81.4,No,10.7,No,Yes,Yes,No,Not Required,1.96,1.09,3.55,High,Low,Low,V,Sandy,Moderate,33.6,Low,SYNTHETIC_SIH26017_ENHANCED,Synthetic prototype dataset; added features are simulated and must not be represented as official parcel records.
LA-0954,Tamil Nadu,Coimbatore,Highway,95.1,47,Partially Paid,36,0,Full,61.2,25.3,82.0,Partially Complete,Pending,1,Closure,1,0,1,12.862143,77.557634,synthetic_demo_district_center,Non-Green Zone,9.4,6.5,7.6,5.03,No,Yes,686.0,No,Pending,No,No,987.2,8.9,3.43,2.73,6.06,3.08,Plain,Agricultural,55.4,1.6,1.1,6.3,Yes,Not Required,6,2,1,76.6,Pending,Medium,Yes,Not Required,Private,,Under Review,No,Clear,No,Updated,90.9,No,,0,0,Not Required,Approved,Pending,50.8,948.64,1097.53,35.3,No,23.0,No,No,No,Yes,Not Required,0.98,0.8,4.05,High,Low,Medium,IV,Loamy,Moderate,53.0,Medium,SYNTHETIC_SIH26017_ENHANCED,Synthetic prototype dataset; added features are simulated and must not be represented as official parcel records.
LA-0955,Maharashtra,Pune,Irrigation,6.9,4,Partially Paid,31,1,Full,87.5,90.8,42.5,Partially Complete,Pending,5,Compensation,0,0,19,9.985827,76.301537,synthetic_demo_district_center,Non-Green Zone,20.0,6.6,11.1,3.58,No,No,354.0,No,Pending,Yes,Yes,888.3,5.6,7.17,13.39,13.94,23.72,Plateau,Residential,64.9,13.3,5.4,1.5,No,Not Required,9,1,2,54.4,Partial,Low,Yes,Not Required,Private,Possible,Verified,No,Clear,No,Updated,87.5,No,,3,0,Completed,Approved,Issued,82.7,904.43,1277.57,4.3,No,3.6,No,No,No,No,Not Required,2.13,6.56,3.43,Medium,Low,Medium,IV,Sandy,Good,47.9,Medium,SYNTHETIC_SIH26017_ENHANCED,Synthetic prototype dataset; added features are simulated and must not be represented as official parcel records.
LA-0956,Uttar Pradesh,Meerut,Railway,11.4,10,Mostly Paid,43,1,Mostly Obtained,42.4,51.8,97.8,Complete,Completed,5,Rehabilitation,0,0,11,30.303369,78.200547,synthetic_demo_district_center,Non-Green Zone,12.5,14.5,18.6,9.38,No,No,266.0,No,Not Required,No,No,235.0,0.7,3.52,19.34,1.28,1.78,Plain,Residential,49.0,5.9,3.0,1.5,No,Approved,5,0,2,97.9,Disputed,Low,No,In Progress,Joint,,Verified,No,Clear,No,Not Available,60.0,No,,2,0,Completed,Approved,Issued,89.4,406.47,425.71,93.6,Yes,19.1,No,No,Yes,No,Pending,2.26,2.37,2.2,Low,Low,Low,II,Black,Good,64.8,Medium,SYNTHETIC_SIH26017_ENHANCED,Synthetic prototype dataset; added features are simulated and must not be represented as official parcel records.
LA-0957,Maharashtra,Pune,Railway,19.9,7,Fully Paid,29,0,Partial,93.6,73.5,20.5,Incomplete,Partially Completed,1,Possession,1,0,22,30.824931,75.809935,synthetic_demo_district_center,Green Zone,21.4,2.4,25.4,2.0,Yes,No,550.0,Yes,Not Required,No,No,1221.2,1.8,2.47,7.28,5.24,21.33,Plain,Agricultural,82.8,0.5,1.3,7.5,No,Not Required,3,0,2,84.5,Obtained,Low,No,Not Required,Private,,Verified,No,Clear,No,Pending,64.6,No,,3,3,Completed,Pending,Pending,93.0,484.49,925.54,62.5,No,4.9,No,Yes,Yes,No,Not Required,0.88,0.93,1.94,High,Low,High,II,Red,Moderate,47.2,Medium,SYNTHETIC_SIH26017_ENHANCED,Synthetic prototype dataset; added features are simulated and must not be represented as official parcel records.
LA-0958,Karnataka,Hubballi,Irrigation,11.9,8,Not Started,64,1,Partial,44.7,81.8,49.6,Complete,Completed,2,Compensation,0,1,120,13.273935,80.468519,synthetic_demo_district_center,Green Zone,14.7,4.3,12.4,8.77,No,No,175.0,Yes,Approved,No,No,422.5,2.3,1.6,4.61,5.53,14.7,Hilly,Agricultural,65.8,9.1,5.2,5.1,Yes,Not Required,23,6,2,83.3,Obtained,Medium,Yes,In Progress,Private,,Verified,No,Under Verification,No,Not Available,91.5,No,,2,1,Completed,Partially Approved,Issued,50.1,2189.79,3959.56,69.5,Yes,3.0,No,Yes,No,Yes,In Progress,2.29,2.67,3.27,Medium,Medium,Low,III,Sandy,Good,41.3,Medium,SYNTHETIC_SIH26017_ENHANCED,Synthetic prototype dataset; added features are simulated and must not be represented as official parcel records.
LA-0959,Maharashtra,Pune,Airport,35.9,18,Not Started,48,1,Not Started,64.5,44.9,70.7,Partially Complete,Completed,3,Rehabilitation,5,1,184,28.767385,77.163319,synthetic_demo_district_center,Non-Green Zone,29.3,16.7,22.1,3.45,No,No,383.0,No,Not Required,No,No,1195.0,3.3,0.26,1.23,17.34,4.38,Plain,Government,67.2,14.3,9.0,3.4,No,Pending,4,4,2,93.0,Obtained,Medium,Yes,In Progress,Institutional,,Verified,No,Clear,No,Updated,73.5,No,,6,4,Not Required,Partially Approved,Issued,65.4,536.91,1014.29,18.2,No,-1.6,Yes,Yes,Yes,No,In Progress,0.17,3.97,0.66,Low,Medium,Low,III,Loamy,Moderate,47.1,Medium,SYNTHETIC_SIH26017_ENHANCED,Synthetic prototype dataset; added features are simulated and must not be represented as official parcel records.
LA-0960,Gujarat,Bhavnagar,Airport,14.2,6,Partially Paid,40,1,Full,32.5,54.6,30.1,Partially Complete,Partially Completed,1,Possession,2,0,13,28.419328,76.890958,synthetic_demo_district_center,Buffer Zone,10.9,5.1,13.4,3.38,No,Yes,496.0,No,Not Required,No,No,516.3,0.6,1.9,1.61,6.87,3.69,Plain,Wasteland,68.7,5.3,5.8,2.4,Yes,Approved,1,1,1,63.1,Disputed,Low,Yes,Planned,Government,,Verified,No,Reported,No,Not Available,76.4,No,Disposed,6,3,Completed,Approved,Pending,60.4,473.13,590.12,38.7,No,-3.0,No,Yes,No,Yes,Not Required,1.03,3.42,4.53,Low,Low,Low,III,Loamy,Moderate,55.2,Medium,SYNTHETIC_SIH26017_ENHANCED,Synthetic prototype dataset; added features are simulated and must not be represented as official parcel records.
LA-0961,West Bengal,Hooghly,Industrial,124.4,52,Partially Paid,71,1,Full,24.6,71.4,79.8,Complete,Pending,4,Planning,3,0,17,30.761729,75.89543,synthetic_demo_district_center,Non-Green Zone,44.6,6.0,42.3,1.97,No,No,1357.0,No,Not Required,Yes,Yes,1140.0,2.7,1.77,7.71,6.59,13.84,Plain,Agricultural,80.7,13.9,1.7,1.3,No,Not Required,8,2,3,90.4,Pending,Low,Yes,Not Required,Private,,Verified,No,Clear,No,Updated,89.6,No,,1,1,Completed,Approved,Issued,75.1,397.9,453.73,31.6,No,-5.4,No,No,Yes,No,Not Required,2.04,4.0,1.12,Low,Medium,Low,V,Loamy,Good,34.1,Low,SYNTHETIC_SIH26017_ENHANCED,Synthetic prototype dataset; added features are simulated and must not be represented as official parcel records.
LA-0962,Uttar Pradesh,Lucknow,Railway,59.9,27,Partially Paid,71,0,Mostly Obtained,92.3,77.8,48.8,Complete,Completed,2,Planning,2,0,14,28.482791,77.13665,synthetic_demo_district_center,Non-Green Zone,15.2,9.8,9.7,7.5,No,No,362.0,No,Not Required,No,No,1473.6,1.2,2.73,7.59,14.42,16.55,Plain,Wasteland,72.9,10.1,6.5,3.3,No,Approved,8,2,1,89.1,Pending,Low,Yes,Planned,Joint,,Verified,No,Under Verification,No,Updated,89.1,No,,6,6,Pending,Pending,Issued,61.5,1553.11,3257.47,99.6,No,10.3,No,No,Yes,Yes,In Progress,1.22,0.92,3.25,Low,Low,Medium,III,Alluvial,Moderate,35.9,Low,SYNTHETIC_SIH26017_ENHANCED,Synthetic prototype dataset; added features are simulated and must not be represented as official parcel records.
LA-0963,Bihar,Muzaffarpur,Irrigation,28.8,12,Partially Paid,33,3,Partial,62.3,55.5,93.5,Partially Complete,Partially Completed,3,Rehabilitation,2,0,7,16.63154,80.721546,synthetic_demo_district_center,Non-Green Zone,16.8,5.5,15.7,5.09,Yes,No,327.0,Yes,Not Required,No,No,1356.1,0.9,3.73,5.47,3.67,34.16,Hilly,Residential,77.5,9.0,4.5,5.6,No,Approved,5,3,0,80.6,Obtained,Low,Yes,Not Required,Government,,Verified,No,Under Verification,No,Updated,65.6,No,,3,0,Completed,Partially Approved,Issued,98.3,243.6,325.43,97.7,No,-14.8,No,Yes,No,No,Pending,0.3,1.06,0.73,High,Low,Low,III,Red,Poor,67.7,Medium,SYNTHETIC_SIH26017_ENHANCED,Synthetic prototype dataset; added features are simulated and must not be represented as official parcel records.
LA-0964,Karnataka,Bengaluru Urban,Railway,53.0,27,Partially Paid,22,0,Not Started,47.7,20.7,45.0,Complete,Completed,3,Compensation,1,1,139,25.584341,85.21285,synthetic_demo_district_center,Buffer Zone,14.4,5.2,16.9,5.76,No,No,932.0,No,Pending,No,No,1647.0,2.9,1.97,3.33,0.65,11.03,Coastal,Government,59.2,14.9,6.1,5.9,No,Approved,6,1,3,97.8,Pending,Medium,Yes,In Progress,Private,Possible,Verified,No,Clear,No,Updated,65.5,No,,4,4,Completed,Pending,Issued,88.8,664.57,835.15,25.6,Yes,27.2,No,Yes,Yes,No,Not Required,3.99,4.84,3.82,Medium,High,Medium,II,Laterite,Good,41.1,Medium,SYNTHETIC_SIH26017_ENHANCED,Synthetic prototype dataset; added features are simulated and must not be represented as official parcel records.
LA-0965,Uttar Pradesh,Mathura,Industrial,56.2,30,Partially Paid,35,0,Mostly Obtained,30.0,38.8,60.5,Complete,Completed,2,Compensation,3,0,6,22.495335,88.310052,synthetic_demo_district_center,Non-Green Zone,31.8,1.6,33.4,7.8,No,No,925.0,No,Not Required,Yes,Yes,455.7,3.4,2.91,9.9,3.36,3.54,Plain,Industrial,85.0,14.2,1.1,3.5,Yes,Not Required,6,6,1,86.3,Partial,Low,Yes,Not Required,Institutional,Confirmed,Under Review,No,Clear,No,Updated,57.4,Yes,Disposed,3,3,Not Required,Approved,Issued,78.9,163.33,200.82,13.1,No,17.7,No,Yes,Yes,Yes,Not Required,3.92,1.88,1.79,Low,Low,Medium,II,Alluvial,Poor,46.0,Medium,SYNTHETIC_SIH26017_ENHANCED,Synthetic prototype dataset; added features are simulated and must not be represented as official parcel records.
LA-0966,Maharashtra,Thane,Railway,16.1,8,Fully Paid,27,0,Mostly Obtained,30.5,31.7,84.1,Partially Complete,Pending,1,Notification,1,1,87,16.562031,80.480287,synthetic_demo_district_center,Non-Green Zone,10.4,12.8,21.1,1.02,Yes,No,269.0,Yes,Pending,No,No,135.2,6.3,0.35,2.99,4.24,6.58,Plain,Agricultural,61.3,14.9,4.8,4.2,No,Not Required,11,7,2,83.9,Obtained,Low,Yes,In Progress,Private,Confirmed,Verified,No,Clear,Yes,Updated,99.1,No,Pending,0,0,Not Required,Approved,Issued,88.3,2738.59,5676.05,18.9,No,15.5,No,Yes,Yes,Yes,Not Required,5.61,2.64,1.37,Low,Low,Low,II,Red,Good,62.1,Medium,SYNTHETIC_SIH26017_ENHANCED,Synthetic prototype dataset; added features are simulated and must not be represented as official parcel records.
LA-0967,Gujarat,Bhavnagar,Power,13.3,5,Partially Paid,21,0,Full,40.2,59.8,46.7,Partially Complete,Completed,3,Notification,2,0,0,30.986589,75.906428,synthetic_demo_district_center,Buffer Zone,25.8,1.4,4.3,11.93,No,No,1333.0,No,Not Required,No,No,1488.1,7.2,1.48,17.22,20.78,1.57,Plain,Residential,61.4,3.3,2.1,2.8,Yes,Approved,3,2,0,65.9,Partial,Low,Yes,Not Required,Private,Possible,Verified,No,Clear,No,Updated,96.9,No,,0,0,Completed,Pending,Issued,52.2,688.37,1184.76,18.7,No,-12.6,No,Yes,Yes,No,Not Required,1.34,2.67,5.83,High,Low,Low,IV,Sandy,Good,47.5,Medium,SYNTHETIC_SIH26017_ENHANCED,Synthetic prototype dataset; added features are simulated and must not be represented as official parcel records.
LA-0968,Rajasthan,Jodhpur,Highway,26.0,13,Partially Paid,34,1,Mostly Obtained,82.7,81.9,44.5,Partially Complete,Partially Completed,4,Rehabilitation,2,0,16,25.955646,91.746651,synthetic_demo_district_center,Non-Green Zone,11.8,8.6,13.7,1.64,No,No,891.0,No,Not Required,Yes,Yes,135.5,1.8,4.99,2.44,3.43,11.28,Plain,Commercial,45.2,2.8,2.8,2.1,No,Not Required,6,3,1,30.2,Obtained,Low,Yes,Completed,Private,,Under Review,No,Under Verification,No,Updated,71.0,No,,0,0,Pending,Approved,Pending,62.6,2853.07,3373.89,62.8,No,2.5,No,Yes,Yes,No,Not Required,2.15,1.73,3.86,Medium,Low,High,II,Sandy,Moderate,40.9,Medium,SYNTHETIC_SIH26017_ENHANCED,Synthetic prototype dataset; added features are simulated and must not be represented as official parcel records.
LA-0969,Tamil Nadu,Tiruchirappalli,Highway,46.8,39,Partially Paid,39,1,Full,28.1,63.7,41.1,Incomplete,Partially Completed,6,Rehabilitation,1,0,3,22.530041,88.222174,synthetic_demo_district_center,Non-Green Zone,25.8,15.3,20.8,5.16,No,No,249.0,No,Approved,Yes,Yes,1178.6,1.2,4.08,4.05,7.84,26.04,Plateau,Agricultural,89.4,5.1,3.2,0.5,Yes,Not Required,2,3,1,64.2,Obtained,Medium,Yes,Not Required,Private,,Verified,No,Reported,No,Updated,81.1,Yes,,2,1,Pending,Pending,Issued,80.2,468.74,818.64,2.8,No,16.4,No,No,Yes,No,Completed,1.83,2.99,4.28,Low,Low,Medium,IV,Red,Good,29.7,Low,SYNTHETIC_SIH26017_ENHANCED,Synthetic prototype dataset; added features are simulated and must not be represented as official parcel records.
LA-0970,Bihar,Gaya,Airport,27.2,13,Fully Paid,47,3,Mostly Obtained,24.9,67.8,68.4,Complete,Completed,2,Possession,0,0,18,28.45573,77.117451,synthetic_demo_district_center,Non-Green Zone,27.2,10.4,17.2,3.11,No,No,584.0,No,Not Required,No,No,297.6,1.4,2.57,1.65,2.2,11.27,Plateau,Agricultural,63.9,5.4,3.6,0.8,No,Not Required,2,2,0,62.4,Partial,High,Yes,Not Required,Joint,Possible,Verified,No,Clear,No,Pending,96.3,No,,1,1,Completed,Approved,Issued,81.4,1444.06,2448.68,87.8,No,25.7,No,Yes,No,Yes,Not Required,0.1,7.29,2.94,Low,Low,Low,II,Laterite,Moderate,41.3,Medium,SYNTHETIC_SIH26017_ENHANCED,Synthetic prototype dataset; added features are simulated and must not be represented as official parcel records.
LA-0971,Tamil Nadu,Salem,Highway,7.5,4,Fully Paid,79,1,Mostly Obtained,47.8,40.4,79.0,Partially Complete,Partially Completed,5,Notification,1,0,6,27.000836,80.894268,synthetic_demo_district_center,Buffer Zone,30.1,17.6,19.7,3.02,No,No,280.0,No,Pending,No,No,1414.6,1.5,1.27,5.52,14.53,1.47,Plain,Government,57.4,16.0,2.4,2.0,No,Pending,12,5,1,26.6,Partial,High,Yes,In Progress,Private,,Verified,No,Clear,No,Not Available,68.2,No,Disposed,4,2,Pending,Partially Approved,Issued,92.6,2448.94,3418.25,7.9,No,-6.2,No,Yes,No,Yes,Not Required,1.4,0.72,7.52,Low,Medium,Low,V,Alluvial,Moderate,46.9,Medium,SYNTHETIC_SIH26017_ENHANCED,Synthetic prototype dataset; added features are simulated and must not be represented as official parcel records.
LA-0972,Uttar Pradesh,Mathura,Metro,13.4,6,Fully Paid,37,0,Partial,82.0,72.1,89.5,Partially Complete,Completed,6,Closure,0,0,0,12.860538,77.596651,synthetic_demo_district_center,Green Zone,3.2,7.9,8.3,4.83,Yes,No,779.0,Yes,Approved,No,No,560.2,1.8,1.38,2.4,11.16,7.47,Hilly,Government,45.4,6.6,1.9,7.9,No,Approved,9,2,1,96.6,Obtained,Low,Yes,Planned,Government,Confirmed,Verified,No,Clear,No,Updated,66.3,No,,4,4,Not Required,Approved,Issued,70.0,1822.54,2363.69,54.6,No,29.5,No,Yes,Yes,No,In Progress,4.78,1.15,1.23,High,Low,Medium,III,Loamy,Moderate,67.7,Medium,SYNTHETIC_SIH26017_ENHANCED,Synthetic prototype dataset; added features are simulated and must not be represented as official parcel records.
LA-0973,Gujarat,Rajkot,Highway,23.2,4,Not Started,29,0,Full,70.6,31.7,90.8,Complete,Completed,1,Possession,1,0,8,26.099808,91.835648,synthetic_demo_district_center,Non-Green Zone,30.0,13.3,10.4,13.24,No,No,118.0,No,Approved,No,No,177.6,5.3,2.5,5.46,5.6,10.13,Coastal,Residential,36.9,9.9,3.8,6.3,Yes,Approved,3,0,1,76.5,Partial,Medium,No,Completed,Private,,Verified,No,Clear,No,Not Available,66.5,Yes,,4,4,Pending,Approved,Issued,50.9,1249.97,1741.29,89.6,No,7.7,No,Yes,No,No,In Progress,1.17,2.41,0.82,Low,Low,Medium,II,Laterite,Good,39.8,Low,SYNTHETIC_SIH26017_ENHANCED,Synthetic prototype dataset; added features are simulated and must not be represented as official parcel records.
LA-0974,Gujarat,Bhavnagar,Highway,23.2,6,Fully Paid,59,1,Mostly Obtained,78.2,74.7,31.6,Incomplete,Partially Completed,2,Rehabilitation,0,1,118,30.991612,75.902458,synthetic_demo_district_center,Buffer Zone,38.6,12.1,21.2,2.08,No,No,532.0,No,Pending,No,No,1650.6,4.1,1.74,8.33,2.22,13.89,Plain,Residential,24.9,12.3,5.2,2.2,Yes,Not Required,1,1,0,85.9,Pending,Low,Yes,Planned,Private,,Issue Found,Yes,Clear,No,Pending,81.6,No,Pending,5,3,Completed,Approved,Issued,92.7,111.94,206.76,35.4,No,-4.4,No,Yes,No,Yes,Completed,6.05,2.88,1.24,Low,High,Low,II,Red,Moderate,53.7,Medium,SYNTHETIC_SIH26017_ENHANCED,Synthetic prototype dataset; added features are simulated and must not be represented as official parcel records.
LA-0975,Maharashtra,Aurangabad,Highway,107.7,57,Mostly Paid,15,2,Partial,27.0,61.0,29.1,Incomplete,Partially Completed,4,Planning,0,1,127,22.51732,88.33944,synthetic_demo_district_center,Non-Green Zone,38.2,15.4,27.1,3.34,No,No,204.0,No,Approved,No,No,1081.3,2.1,2.29,7.92,5.49,7.42,Coastal,Industrial,48.7,9.1,0.9,1.1,Yes,Not Required,13,1,3,93.3,Obtained,Medium,Yes,Completed,Private,Possible,Verified,No,Clear,No,Updated,60.0,No,,2,2,Not Required,Approved,Pending,68.8,1226.0,2645.95,21.3,No,-10.3,Yes,Yes,No,No,Not Required,0.43,3.3,1.32,Low,Low,Low,II,Sandy,Poor,34.6,Low,SYNTHETIC_SIH26017_ENHANCED,Synthetic prototype dataset; added features are simulated and must not be represented as official parcel records.
LA-0976,Odisha,Ganjam,Highway,8.7,6,Partially Paid,6,1,Not Started,57.8,13.4,28.9,Complete,Completed,6,Compensation,0,1,120,19.015233,72.991909,synthetic_demo_district_center,Buffer Zone,28.3,17.5,9.4,2.84,No,No,68.0,No,Pending,No,No,750.1,1.8,2.86,2.67,4.24,8.81,Plain,Agricultural,74.5,2.2,1.4,1.0,Yes,Approved,4,1,0,36.0,Obtained,Low,Yes,Planned,Private,,Verified,No,Clear,No,Updated,74.5,No,,5,4,Completed,Partially Approved,Issued,88.2,593.49,728.24,72.4,Yes,34.7,No,No,No,No,Not Required,2.64,1.2,1.01,Low,Low,Medium,V,Sandy,Good,46.0,Medium,SYNTHETIC_SIH26017_ENHANCED,Synthetic prototype dataset; added features are simulated and must not be represented as official parcel records.
LA-0977,Maharashtra,Aurangabad,Irrigation,35.8,16,Mostly Paid,42,0,Partial,44.2,59.5,78.6,Partially Complete,Completed,6,Rehabilitation,0,1,182,25.664553,85.168439,synthetic_demo_district_center,Non-Green Zone,13.3,5.3,18.4,9.27,No,No,201.0,No,Not Required,Yes,Yes,1427.9,1.8,2.77,9.41,1.18,11.43,Plain,Agricultural,62.6,5.2,1.0,6.3,No,Approved,5,1,0,58.0,Obtained,Medium,Yes,Completed,Institutional,,Issue Found,Yes,Clear,No,Updated,84.0,No,,0,0,Not Required,Partially Approved,Pending,93.2,569.58,1081.24,46.4,No,26.3,No,Yes,No,Yes,In Progress,2.28,0.89,4.75,High,Low,Low,III,Black,Moderate,61.4,Medium,SYNTHETIC_SIH26017_ENHANCED,Synthetic prototype dataset; added features are simulated and must not be represented as official parcel records.
LA-0978,Odisha,Sambalpur,Railway,75.0,33,Fully Paid,23,1,Mostly Obtained,71.8,21.8,60.9,Partially Complete,Completed,3,Compensation,0,0,0,17.402949,78.574374,synthetic_demo_district_center,Buffer Zone,30.2,5.1,30.5,9.31,No,No,1641.0,No,Pending,No,No,724.7,1.5,10.58,2.58,6.69,16.0,Plain,Agricultural,61.4,14.4,6.1,1.9,No,Not Required,3,1,0,87.6,Obtained,Low,Yes,Planned,Private,,Verified,No,Reported,No,Updated,97.2,Yes,,6,0,Completed,Approved,Issued,58.6,1654.99,1660.79,54.4,No,1.5,No,Yes,No,Yes,Not Required,0.98,6.05,6.32,Medium,Low,Medium,II,Black,Good,47.3,Medium,SYNTHETIC_SIH26017_ENHANCED,Synthetic prototype dataset; added features are simulated and must not be represented as official parcel records.
LA-0979,Odisha,Ganjam,Airport,134.8,67,Fully Paid,24,1,Partial,83.8,79.5,50.0,Complete,,1,Rehabilitation,1,1,114,28.490603,76.938342,synthetic_demo_district_center,Green Zone,7.7,8.1,6.5,2.5,No,No,283.0,Yes,Not Required,Yes,Yes,894.2,3.1,2.02,8.4,17.86,7.13,Plateau,Agricultural,41.6,9.2,9.7,3.8,Yes,Pending,3,0,1,64.6,Obtained,Medium,No,Not Required,Private,,Verified,No,Clear,No,Pending,78.8,No,,6,5,Pending,Approved,Pending,53.1,1660.19,2127.56,34.1,No,28.9,Yes,No,Yes,Yes,Pending,3.37,3.01,1.82,Low,Low,Low,II,Alluvial,Moderate,43.1,Medium,SYNTHETIC_SIH26017_ENHANCED,Synthetic prototype dataset; added features are simulated and must not be represented as official parcel records.
LA-0980,Bihar,Gaya,Industrial,18.1,9,Fully Paid,15,0,Partial,65.5,71.3,86.4,Incomplete,Pending,1,Possession,1,1,94,30.830752,75.951665,synthetic_demo_district_center,Non-Green Zone,31.5,14.8,12.8,9.94,No,No,935.0,No,Not Required,No,No,1785.1,6.3,1.85,12.47,2.84,6.3,Hilly,Government,64.4,12.4,1.3,6.5,No,Approved,9,2,3,86.7,Obtained,Low,Yes,In Progress,Private,,Under Review,No,Under Verification,No,Updated,72.7,No,,1,1,Completed,Partially Approved,Issued,73.8,1997.06,2320.36,83.9,No,29.4,No,Yes,No,Yes,In Progress,0.17,1.04,4.3,Low,Medium,Low,III,Loamy,Moderate,35.2,Low,SYNTHETIC_SIH26017_ENHANCED,Synthetic prototype dataset; added features are simulated and must not be represented as official parcel records.
LA-0981,Maharashtra,Thane,Metro,35.5,16,Fully Paid,67,1,Partial,,54.9,64.7,Partially Complete,Completed,2,Notification,1,1,115,25.77316,85.134323,synthetic_demo_district_center,Non-Green Zone,17.8,4.1,15.8,15.79,No,No,241.0,No,Pending,No,No,565.8,3.1,3.11,0.97,15.44,11.94,Coastal,Agricultural,37.4,5.8,4.0,6.3,Yes,Not Required,2,0,0,74.5,Obtained,Medium,No,Planned,Private,,Verified,No,Clear,No,Updated,71.1,No,,2,0,Not Required,Approved,Issued,90.9,624.12,763.0,38.1,No,-3.7,No,Yes,No,No,Pending,0.6,3.38,0.83,High,Medium,Low,III,Laterite,Poor,48.8,Medium,SYNTHETIC_SIH26017_ENHANCED,Synthetic prototype dataset; added features are simulated and must not be represented as official parcel records.
LA-0982,Rajasthan,Ajmer,Industrial,37.6,17,Partially Paid,6,0,Not Started,81.7,52.5,75.5,Partially Complete,Completed,2,Rehabilitation,0,0,7,20.221045,85.817822,synthetic_demo_district_center,Buffer Zone,18.1,14.0,9.7,1.73,No,No,186.0,No,Not Required,No,No,1525.9,1.5,3.0,2.74,3.64,4.65,Hilly,Residential,52.4,5.6,4.0,5.5,No,Not Required,7,2,3,63.2,Partial,Medium,Yes,In Progress,Private,,Under Review,No,Clear,No,Pending,90.3,No,Pending,3,1,Pending,Approved,Issued,86.0,1300.36,1626.83,71.8,Yes,26.1,No,No,No,No,Completed,1.42,3.04,1.59,Low,Low,Low,IV,Loamy,Good,34.6,Low,SYNTHETIC_SIH26017_ENHANCED,Synthetic prototype dataset; added features are simulated and must not be represented as official parcel records.
LA-0983,Madhya Pradesh,Ujjain,Metro,28.4,22,Mostly Paid,45,0,Full,32.5,69.5,92.0,Complete,Partially Completed,4,Planning,2,0,10,23.439063,85.191474,synthetic_demo_district_center,Buffer Zone,38.1,11.4,13.3,12.26,Yes,No,506.0,Yes,Pending,No,No,1108.8,8.2,5.17,6.2,8.67,4.85,Plateau,Agricultural,76.6,13.2,7.2,2.9,No,Pending,10,7,0,29.7,Obtained,Low,Yes,In Progress,Joint,,Issue Found,Yes,Clear,No,Pending,75.0,No,Pending,4,1,Completed,Approved,Issued,52.9,2446.94,4539.88,34.4,No,-4.5,No,No,Yes,No,Pending,2.76,8.52,6.94,Low,High,High,IV,Loamy,Poor,57.1,Medium,SYNTHETIC_SIH26017_ENHANCED,Synthetic prototype dataset; added features are simulated and must not be represented as official parcel records.
LA-0984,Madhya Pradesh,Gwalior,Irrigation,22.8,15,Not Started,30,0,Partial,63.7,77.6,62.9,Complete,Completed,5,Rehabilitation,0,0,19,17.616858,78.556396,synthetic_demo_district_center,Buffer Zone,31.5,15.0,6.6,9.27,No,No,290.0,No,Not Required,No,No,1233.5,3.1,3.02,6.26,1.4,2.14,Plain,Agricultural,87.6,13.3,1.5,2.5,Yes,Pending,2,0,0,98.0,Obtained,Low,No,In Progress,Government,,Verified,No,Clear,No,Updated,55.2,No,,3,1,Not Required,Pending,Pending,74.3,430.61,751.36,37.7,No,2.1,No,Yes,No,No,Completed,3.6,2.06,1.68,Medium,High,Medium,III,Loamy,Poor,31.6,Low,SYNTHETIC_SIH26017_ENHANCED,Synthetic prototype dataset; added features are simulated and must not be represented as official parcel records.
LA-0985,Maharashtra,Nashik,Railway,34.0,7,Fully Paid,82,1,Mostly Obtained,36.4,64.6,64.4,Complete,Completed,2,Closure,1,0,5,13.154505,77.559236,synthetic_demo_district_center,Non-Green Zone,24.7,14.6,13.0,1.26,No,No,563.0,No,Not Required,Yes,Yes,1369.0,5.6,1.3,6.21,7.56,5.81,Plain,Agricultural,66.1,7.4,0.6,0.5,No,Not Required,9,1,3,43.7,Obtained,Low,Yes,Completed,Private,,Verified,No,Clear,No,Updated,58.7,No,,3,3,Not Required,Approved,Issued,55.4,2147.64,3366.54,23.0,No,2.0,No,Yes,Yes,Yes,In Progress,2.62,6.78,3.39,Low,Low,Low,II,Alluvial,Good,48.6,Medium,SYNTHETIC_SIH26017_ENHANCED,Synthetic prototype dataset; added features are simulated and must not be represented as official parcel records.
LA-0986,Maharashtra,Aurangabad,Railway,5.0,5,Partially Paid,59,1,Not Started,56.9,38.5,47.5,Partially Complete,Partially Completed,6,Closure,1,1,119,30.21716,78.036506,synthetic_demo_district_center,Non-Green Zone,24.2,4.6,14.7,1.69,No,No,239.0,No,Pending,Yes,Yes,110.9,9.4,0.2,8.62,7.65,8.61,Plateau,Agricultural,63.7,18.1,2.2,7.0,Yes,Not Required,6,0,0,54.5,Partial,High,No,Not Required,Private,Possible,Verified,No,Reported,Yes,Updated,99.4,Yes,Pending,5,5,Completed,Pending,Issued,63.3,571.71,1032.17,12.8,No,12.7,No,Yes,No,No,In Progress,1.91,0.73,4.46,High,High,Medium,III,Sandy,Good,54.0,Medium,SYNTHETIC_SIH26017_ENHANCED,Synthetic prototype dataset; added features are simulated and must not be represented as official parcel records.
LA-0987,Tamil Nadu,Madurai,Irrigation,40.9,18,Fully Paid,11,0,Partial,63.5,19.4,47.5,Partially Complete,Completed,2,Rehabilitation,0,0,3,28.372657,76.914385,synthetic_demo_district_center,Non-Green Zone,29.2,10.5,4.7,3.71,No,Yes,444.0,No,Not Required,No,No,40.3,3.6,1.62,3.5,5.77,1.2,Plain,Agricultural,80.7,10.8,10.5,2.5,No,Pending,3,2,0,75.0,Obtained,Medium,Yes,Completed,Private,,Verified,No,Under Verification,No,Updated,72.6,Yes,,0,0,Completed,Approved,Issued,91.6,629.41,1227.97,36.1,No,-9.8,No,Yes,Yes,No,Not Required,2.97,2.05,4.15,Low,High,Low,III,Black,Good,49.6,Medium,SYNTHETIC_SIH26017_ENHANCED,Synthetic prototype dataset; added features are simulated and must not be represented as official parcel records.
LA-0988,Bihar,Muzaffarpur,Airport,27.0,13,Partially Paid,48,0,Partial,50.8,71.9,92.8,Complete,Pending,2,Possession,0,0,18,22.663048,88.252849,synthetic_demo_district_center,Non-Green Zone,18.4,19.3,9.8,1.97,No,No,511.0,No,Not Required,No,No,9.6,4.6,2.78,6.71,10.75,3.85,Plain,Agricultural,64.3,6.2,5.5,5.1,No,Not Required,4,3,2,72.5,Obtained,Low,Yes,Not Required,Private,Confirmed,Verified,No,Clear,No,Updated,83.6,No,,1,1,Completed,Pending,Issued,95.4,844.98,861.98,42.2,No,-9.1,Yes,Yes,Yes,No,Pending,1.94,1.08,9.85,High,Low,Low,II,Loamy,Good,34.4,Low,SYNTHETIC_SIH26017_ENHANCED,Synthetic prototype dataset; added features are simulated and must not be represented as official parcel records.
LA-0989,Maharashtra,Thane,Irrigation,20.8,9,Partially Paid,41,2,Full,67.9,64.6,53.5,Complete,Completed,4,Possession,2,0,0,31.173711,77.032804,synthetic_demo_district_center,Non-Green Zone,18.5,8.7,5.7,2.74,No,No,110.0,No,Not Required,Yes,Yes,1250.0,7.3,5.65,11.67,5.9,3.46,Plain,Residential,59.1,12.0,0.2,3.3,No,Pending,9,4,1,52.7,Obtained,Low,Yes,In Progress,Joint,,Verified,No,Clear,No,Updated,93.4,No,Pending,5,4,Not Required,Partially Approved,Issued,91.7,1992.84,3468.84,54.3,No,-14.4,No,Yes,No,No,Not Required,1.79,4.13,5.19,Low,Medium,Low,III,Black,Poor,30.9,Low,SYNTHETIC_SIH26017_ENHANCED,Synthetic prototype dataset; added features are simulated and must not be represented as official parcel records.
LA-0990,Tamil Nadu,Madurai,Railway,113.9,59,Not Started,28,0,Mostly Obtained,40.8,82.1,93.6,Complete,Completed,3,Rehabilitation,2,0,11,18.93888,72.897459,synthetic_demo_district_center,Non-Green Zone,31.9,5.0,26.4,4.26,No,No,220.0,No,Approved,Yes,Yes,1128.9,4.2,4.23,6.84,16.33,26.82,Plain,Residential,75.7,13.8,1.5,0.2,No,Not Required,4,1,1,93.7,Partial,Low,Yes,Planned,Private,,Verified,No,Clear,Yes,Updated,62.4,No,Pending,2,2,Completed,Partially Approved,Issued,91.2,2467.31,5146.3,14.4,No,7.6,No,Yes,Yes,Yes,Not Required,3.75,1.94,1.31,Medium,Low,Low,II,Sandy,Good,52.6,Medium,SYNTHETIC_SIH26017_ENHANCED,Synthetic prototype dataset; added features are simulated and must not be represented as official parcel records.
LA-0991,Odisha,Cuttack,Irrigation,14.8,8,Partially Paid,46,1,Partial,53.4,27.9,41.8,Partially Complete,Completed,5,Planning,2,1,145,28.559123,77.205846,synthetic_demo_district_center,Buffer Zone,34.2,19.0,10.3,2.55,No,No,1039.0,No,Not Required,No,No,1062.9,1.5,2.68,1.89,7.59,6.55,Plain,Industrial,66.8,10.1,2.5,7.0,No,Approved,21,5,3,59.8,Obtained,Low,Yes,Not Required,Private,Possible,Under Review,No,Clear,No,Updated,61.6,No,,2,2,Pending,Partially Approved,Pending,68.5,2067.13,2413.86,55.1,No,0.3,No,Yes,Yes,Yes,Not Required,1.66,2.16,4.02,Medium,Medium,Low,IV,Alluvial,Poor,33.2,Low,SYNTHETIC_SIH26017_ENHANCED,Synthetic prototype dataset; added features are simulated and must not be represented as official parcel records.
LA-0992,Gujarat,Surat,Metro,18.1,10,Fully Paid,17,1,Mostly Obtained,28.3,61.4,37.5,Partially Complete,Completed,4,Planning,1,0,1,26.985938,75.800705,synthetic_demo_district_center,Green Zone,5.8,8.5,9.3,4.43,No,No,120.0,Yes,Not Required,Yes,Yes,753.1,2.0,3.13,10.35,2.99,44.27,Plain,Wasteland,75.9,6.7,2.7,2.3,No,Not Required,1,0,0,41.3,Partial,Low,No,Not Required,Private,,Verified,No,Clear,No,Updated,56.2,No,,4,0,Not Required,Approved,Issued,95.7,154.14,326.02,80.5,No,31.9,No,Yes,Yes,No,In Progress,0.92,1.53,1.45,Low,Low,Medium,II,Black,Good,46.3,Medium,SYNTHETIC_SIH26017_ENHANCED,Synthetic prototype dataset; added features are simulated and must not be represented as official parcel records.
LA-0993,Gujarat,Ahmedabad,Metro,109.3,46,Not Started,32,1,Partial,42.7,70.3,24.8,Complete,Completed,2,Possession,1,1,147,28.442979,77.109286,synthetic_demo_district_center,Buffer Zone,11.4,3.2,16.5,1.93,No,No,821.0,No,Not Required,No,No,1421.5,5.0,3.96,8.32,4.91,11.69,Coastal,Agricultural,68.9,17.9,1.3,7.8,No,Not Required,4,3,1,64.6,Obtained,Low,Yes,Planned,Private,,Verified,No,Clear,No,Updated,62.7,No,Pending,1,1,Completed,Pending,Issued,96.8,1192.34,1834.87,52.1,Yes,12.7,No,Yes,Yes,Yes,Not Required,1.83,4.75,5.25,Low,Low,Medium,IV,Loamy,Moderate,39.7,Low,SYNTHETIC_SIH26017_ENHANCED,Synthetic prototype dataset; added features are simulated and must not be represented as official parcel records.
LA-0994,Odisha,Cuttack,Highway,13.1,8,Mostly Paid,30,1,Full,20.1,42.4,90.4,Complete,Completed,3,Planning,0,0,16,19.208625,72.900901,synthetic_demo_district_center,Non-Green Zone,25.4,1.1,29.1,4.92,No,No,524.0,No,Pending,No,No,96.7,0.5,4.51,9.38,16.23,9.74,Plain,Agricultural,65.1,17.9,4.7,3.1,Yes,Not Required,8,2,3,69.2,Pending,High,Yes,Completed,Joint,Confirmed,Verified,No,Reported,No,Updated,57.6,No,,2,2,Pending,Partially Approved,Issued,57.0,2658.15,2687.04,11.3,No,21.0,No,Yes,Yes,No,Completed,0.7,2.14,2.15,Medium,Low,High,III,Sandy,Moderate,26.9,Low,SYNTHETIC_SIH26017_ENHANCED,Synthetic prototype dataset; added features are simulated and must not be represented as official parcel records.
LA-0995,Karnataka,Belagavi,Industrial,16.2,10,Not Started,15,1,Full,45.2,51.1,87.3,Complete,Completed,2,Closure,1,0,9,20.281411,85.798006,synthetic_demo_district_center,Non-Green Zone,15.4,5.9,12.6,1.06,No,No,82.0,No,Not Required,No,No,1515.4,2.0,5.32,2.14,35.82,6.69,Plain,Agricultural,43.3,5.3,3.9,1.9,No,Not Required,10,4,2,38.5,Pending,Low,Yes,Not Required,Joint,Possible,Under Review,No,Clear,No,Updated,66.1,No,,2,2,Completed,Approved,Pending,86.1,2613.77,5085.54,85.9,No,3.8,No,Yes,Yes,No,Not Required,1.64,4.83,2.81,Medium,Low,Low,III,Sandy,Good,39.4,Low,SYNTHETIC_SIH26017_ENHANCED,Synthetic prototype dataset; added features are simulated and must not be represented as official parcel records.
LA-0996,Tamil Nadu,Coimbatore,Highway,22.0,22,Partially Paid,23,3,Mostly Obtained,54.2,,25.8,Complete,Completed,4,Compensation,0,0,16,30.261526,78.1897,synthetic_demo_district_center,Non-Green Zone,59.0,9.9,19.2,3.1,No,No,56.0,No,Not Required,No,No,1447.7,5.4,0.66,9.49,19.64,5.43,Plain,Commercial,76.9,1.8,3.0,0.8,No,Pending,5,2,1,77.5,Obtained,Low,Yes,In Progress,Government,,Under Review,No,Under Verification,No,Pending,68.1,No,,3,1,Pending,Partially Approved,Issued,74.8,638.37,1243.15,49.3,No,28.6,No,Yes,No,Yes,Not Required,0.97,1.4,1.88,Medium,High,Low,III,Red,Good,31.0,Low,SYNTHETIC_SIH26017_ENHANCED,Synthetic prototype dataset; added features are simulated and must not be represented as official parcel records.
LA-0997,Tamil Nadu,Tiruchirappalli,Railway,46.1,21,Partially Paid,20,0,Mostly Obtained,13.2,98.4,49.8,Partially Complete,Completed,1,Notification,1,0,6,13.290719,77.590994,synthetic_demo_district_center,Buffer Zone,16.3,10.0,12.3,4.82,No,Yes,163.0,No,Not Required,Yes,Yes,319.7,0.7,1.04,5.66,2.11,13.96,Plain,Residential,34.3,3.7,1.9,1.2,No,Not Required,7,1,0,70.2,Partial,Low,Yes,Not Required,Private,,Verified,No,Clear,No,Updated,72.0,No,,0,0,Completed,Approved,Issued,99.8,2422.76,3599.03,89.7,No,6.8,Yes,Yes,Yes,Yes,Pending,0.55,3.2,7.8,Medium,High,High,III,Loamy,Good,46.2,Medium,SYNTHETIC_SIH26017_ENHANCED,Synthetic prototype dataset; added features are simulated and must not be represented as official parcel records.
LA-0998,Odisha,Khordha,Irrigation,28.7,13,Partially Paid,39,2,Full,77.5,37.5,95.0,Complete,Partially Completed,2,Compensation,2,0,25,12.98854,77.705849,synthetic_demo_district_center,Non-Green Zone,30.3,1.1,11.1,9.45,No,No,388.0,No,Not Required,Yes,Yes,5.4,1.6,0.57,8.81,9.98,31.8,Plain,Residential,91.3,16.9,1.9,2.6,No,Not Required,1,2,0,67.4,Pending,Medium,Yes,Completed,Private,,Verified,No,Clear,No,Updated,69.3,No,,6,0,Completed,Pending,Pending,96.6,838.93,1667.61,11.3,Yes,-12.8,Yes,No,Yes,No,Not Required,1.46,3.48,0.62,Low,Medium,Medium,II,Sandy,Good,47.8,Medium,SYNTHETIC_SIH26017_ENHANCED,Synthetic prototype dataset; added features are simulated and must not be represented as official parcel records.
LA-0999,Rajasthan,Kota,Highway,9.3,7,Fully Paid,70,0,Mostly Obtained,69.6,42.4,80.2,Complete,Partially Completed,3,Rehabilitation,1,0,22,26.282806,91.627935,synthetic_demo_district_center,Non-Green Zone,21.3,3.0,18.2,6.23,No,No,222.0,No,Not Required,No,No,919.9,2.1,0.39,3.96,15.11,3.74,Coastal,Government,59.2,8.4,0.4,2.6,No,Not Required,4,1,1,87.9,Obtained,Low,Yes,Planned,Government,,Verified,No,Clear,No,Updated,85.3,No,,5,4,Completed,Approved,Issued,50.6,1182.2,1239.29,42.2,No,1.5,Yes,No,Yes,Yes,Not Required,1.65,1.17,0.69,Medium,High,Low,II,Black,Moderate,28.2,Low,SYNTHETIC_SIH26017_ENHANCED,Synthetic prototype dataset; added features are simulated and must not be represented as official parcel records.
LA-1000,West Bengal,Kolkata,Highway,16.5,7,Mostly Paid,9,0,Mostly Obtained,83.4,74.6,72.7,Partially Complete,Partially Completed,5,Closure,1,0,16,23.373106,85.440598,synthetic_demo_district_center,Buffer Zone,16.0,5.2,32.4,5.86,No,No,188.0,No,Not Required,No,No,738.1,2.2,0.87,15.74,18.59,2.31,Hilly,Agricultural,62.7,3.7,5.2,3.7,No,Pending,4,2,1,32.0,Obtained,Medium,Yes,Not Required,Private,,Verified,No,Under Verification,Yes,Updated,61.1,No,,2,1,Not Required,Partially Approved,Issued,83.5,845.48,1448.18,10.9,No,-12.3,Yes,Yes,No,Yes,Completed,2.65,2.06,3.75,Medium,Medium,Medium,III,Alluvial,Moderate,34.7,Low,SYNTHETIC_SIH26017_ENHANCED,Synthetic prototype dataset; added features are simulated and must not be represented as official parcel records.
LA-1001,Uttar Pradesh,Lucknow,Highway,15.6,13,Partially Paid,40,2,Full,81.5,42.5,39.0,Incomplete,Pending,1,Planning,1,0,18,9.884257,76.161719,synthetic_demo_district_center,Green Zone,13.7,2.9,7.5,7.8,No,No,187.0,Yes,Not Required,No,No,1026.2,3.3,2.87,9.62,27.11,6.3,Hilly,Residential,41.4,21.6,4.4,5.8,No,Approved,3,3,1,43.5,Obtained,Low,Yes,Not Required,Private,,Verified,No,Clear,No,Not Available,91.8,No,,0,0,Completed,Approved,Issued,78.6,977.44,1650.04,16.9,No,18.5,No,Yes,No,No,Not Required,1.76,4.13,2.42,Medium,High,Medium,III,Laterite,Moderate,52.5,Medium,SYNTHETIC_SIH26017_ENHANCED,Synthetic prototype dataset; added features are simulated and must not be represented as official parcel records.
LA-1002,Odisha,Sambalpur,Airport,23.2,9,Mostly Paid,19,0,Mostly Obtained,41.7,19.4,59.6,Incomplete,Completed,2,Rehabilitation,0,0,0,23.179977,77.36823,synthetic_demo_district_center,Non-Green Zone,15.3,8.8,14.0,5.63,No,No,406.0,No,Pending,No,No,43.3,4.0,0.72,4.66,5.24,11.62,Plain,Agricultural,86.7,7.7,3.0,0.1,Yes,Approved,3,1,0,25.7,Obtained,Medium,Yes,Planned,Private,,Verified,No,Clear,No,Updated,75.4,No,,2,0,Completed,Approved,Pending,87.7,1092.05,1250.67,3.6,No,2.1,No,Yes,Yes,No,Not Required,1.79,0.61,4.72,Low,High,Low,III,Sandy,Good,40.9,Medium,SYNTHETIC_SIH26017_ENHANCED,Synthetic prototype dataset; added features are simulated and must not be represented as official parcel records.
LA-1003,Maharashtra,Pune,Metro,33.8,21,Partially Paid,56,1,Mostly Obtained,40.4,69.0,32.9,Incomplete,Completed,2,Possession,1,0,27,26.078558,91.824001,synthetic_demo_district_center,Non-Green Zone,24.4,9.3,14.1,1.47,No,No,437.0,No,Not Required,Yes,Yes,949.0,9.3,0.35,5.17,13.57,1.43,Coastal,Agricultural,77.8,10.4,4.3,3.2,No,Pending,2,1,0,28.9,Obtained,Low,Yes,Planned,Government,,Under Review,No,Clear,No,Pending,74.5,No,,1,1,Pending,Approved,Issued,54.5,624.36,847.5,77.4,No,-7.9,No,Yes,No,No,Not Required,0.48,4.01,3.79,Low,Low,Low,IV,Red,Moderate,36.2,Low,SYNTHETIC_SIH26017_ENHANCED,Synthetic prototype dataset; added features are simulated and must not be represented as official parcel records.
LA-1004,Maharashtra,Aurangabad,Railway,33.6,9,Partially Paid,40,1,Full,36.1,79.7,76.5,Partially Complete,Partially Completed,3,Possession,2,0,11,13.08748,77.656922,synthetic_demo_district_center,Non-Green Zone,16.7,8.3,6.4,5.83,No,No,825.0,No,Pending,No,No,1474.0,3.9,0.8,3.87,9.17,7.46,Hilly,Agricultural,47.3,6.9,1.1,6.9,Yes,Not Required,3,2,0,32.1,Partial,Medium,Yes,Planned,Government,,Verified,No,Reported,No,Updated,73.3,No,,1,1,Pending,Approved,Issued,74.7,853.35,1824.11,10.0,No,5.7,No,No,Yes,No,Not Required,3.01,1.75,3.37,Medium,Low,Low,II,Laterite,Good,39.4,Low,SYNTHETIC_SIH26017_ENHANCED,Synthetic prototype dataset; added features are simulated and must not be represented as official parcel records.
LA-1005,Bihar,Muzaffarpur,Irrigation,6.5,2,Mostly Paid,7,1,Mostly Obtained,68.0,32.9,77.3,Partially Complete,Completed,1,Rehabilitation,0,0,22,13.193276,80.128138,synthetic_demo_district_center,Buffer Zone,25.4,10.3,28.2,2.51,No,No,201.0,No,Not Required,No,No,1532.8,3.0,3.6,3.25,9.29,6.44,Plain,Commercial,56.1,1.2,11.9,2.3,Yes,Not Required,9,3,3,74.0,Obtained,Low,Yes,Planned,Government,,Verified,No,Clear,No,Updated,97.1,No,Disposed,6,4,Pending,Approved,Pending,76.9,4081.4,8587.32,1.8,No,11.4,No,Yes,Yes,No,Not Required,0.46,3.17,3.73,High,High,Low,II,Laterite,Good,59.7,Medium,SYNTHETIC_SIH26017_ENHANCED,Synthetic prototype dataset; added features are simulated and must not be represented as official parcel records.
LA-1006,Odisha,Ganjam,Irrigation,54.5,30,Partially Paid,34,1,Mostly Obtained,81.5,77.4,78.6,Partially Complete,Completed,1,Notification,0,0,19,27.117851,75.838501,synthetic_demo_district_center,Green Zone,34.7,5.9,14.5,3.74,No,No,363.0,Yes,Approved,No,No,57.8,4.0,2.41,6.12,19.9,1.82,Plateau,Agricultural,78.4,0.4,2.5,4.0,No,Approved,4,5,1,79.8,Pending,Medium,Yes,Planned,Private,,Verified,No,Clear,No,Not Available,91.9,No,,0,0,Completed,Partially Approved,Pending,72.0,2597.78,4249.59,98.5,No,6.8,No,Yes,No,No,Not Required,1.88,0.52,1.22,Low,Medium,Medium,III,Sandy,Poor,41.9,Medium,SYNTHETIC_SIH26017_ENHANCED,Synthetic prototype dataset; added features are simulated and must not be represented as official parcel records.
LA-1007,Bihar,Patna,Railway,29.6,13,Mostly Paid,27,1,Partial,26.3,60.9,81.3,Incomplete,Completed,1,Possession,2,0,22,26.652459,80.873273,synthetic_demo_district_center,Green Zone,13.1,3.8,6.0,6.3,No,No,864.0,Yes,Not Required,Yes,Yes,351.8,0.7,4.78,2.52,3.51,1.44,Coastal,Agricultural,65.9,11.7,5.4,1.1,No,Not Required,1,1,0,38.7,Partial,Low,Yes,Completed,Joint,Possible,Under Review,No,Clear,No,Updated,94.5,No,Pending,2,1,Completed,Pending,Issued,83.0,94.04,150.2,19.3,No,5.8,Yes,Yes,Yes,Yes,Not Required,3.13,5.37,1.86,Low,Low,Low,II,Sandy,Good,47.0,Medium,SYNTHETIC_SIH26017_ENHANCED,Synthetic prototype dataset; added features are simulated and must not be represented as official parcel records.
LA-1008,Odisha,Ganjam,Power,69.3,35,Mostly Paid,10,3,Partial,71.2,77.2,75.8,Incomplete,Completed,2,Compensation,0,1,103,28.348928,77.216079,synthetic_demo_district_center,Buffer Zone,17.6,6.1,3.7,3.88,No,No,316.0,No,Pending,No,No,1679.2,0.5,5.24,9.96,8.6,4.19,Plain,Government,68.8,4.3,1.1,2.4,No,Not Required,1,2,0,23.7,Obtained,Medium,Yes,Planned,Private,,Under Review,No,Clear,No,Updated,79.8,No,,3,0,Pending,Pending,Issued,73.0,406.63,862.45,95.6,No,13.8,No,No,No,No,Completed,1.88,3.05,8.34,Medium,Medium,Low,III,Loamy,Moderate,48.7,Medium,SYNTHETIC_SIH26017_ENHANCED,Synthetic prototype dataset; added features are simulated and must not be represented as official parcel records.
LA-1009,Tamil Nadu,Salem,Irrigation,34.2,19,Fully Paid,20,1,Not Started,63.2,90.6,91.4,Complete,Completed,1,Planning,1,0,3,12.88294,77.517165,synthetic_demo_district_center,Non-Green Zone,5.4,7.3,8.9,1.28,No,No,744.0,No,Approved,No,No,548.9,0.5,1.97,3.74,4.11,2.44,Plain,Residential,17.7,18.1,1.3,4.9,No,Not Required,10,1,3,85.8,Obtained,Low,Yes,Not Required,Government,,Verified,No,Clear,No,Updated,76.1,Yes,,5,1,Pending,Pending,Issued,50.3,1858.6,2501.0,21.8,No,4.9,No,No,No,No,Pending,1.1,1.87,4.9,Low,Medium,Medium,III,Red,Poor,30.9,Low,SYNTHETIC_SIH26017_ENHANCED,Synthetic prototype dataset; added features are simulated and must not be represented as official parcel records.
LA-1010,Uttar Pradesh,Mathura,Power,56.0,18,Fully Paid,33,2,Partial,54.6,92.9,92.5,Complete,Partially Completed,2,Planning,1,1,63,28.37012,77.212359,synthetic_demo_district_center,Non-Green Zone,4.2,4.6,23.1,7.53,No,No,214.0,No,Approved,No,No,1040.0,5.5,1.07,0.9,3.13,3.88,Coastal,Agricultural,59.1,8.4,1.2,1.2,No,Not Required,3,3,0,96.9,Disputed,Medium,Yes,Planned,Private,,Verified,No,Clear,Yes,Updated,67.9,No,,5,2,Not Required,Partially Approved,Issued,54.1,209.29,300.29,86.6,No,31.4,No,Yes,No,No,Not Required,0.21,1.54,4.75,Medium,Low,Medium,III,Loamy,Poor,52.9,Medium,SYNTHETIC_SIH26017_ENHANCED,Synthetic prototype dataset; added features are simulated and must not be represented as official parcel records.
LA-1011,Tamil Nadu,Tiruchirappalli,Highway,34.8,16,Not Started,20,1,Partial,36.9,46.8,63.2,Complete,Pending,2,Notification,1,0,0,23.049235,72.324895,synthetic_demo_district_center,Green Zone,38.0,9.0,24.6,4.19,No,No,498.0,Yes,Not Required,Yes,Yes,526.4,3.0,5.16,2.0,3.69,3.9,Plateau,Agricultural,61.8,7.3,4.6,8.1,Yes,Not Required,4,1,1,81.2,Partial,Medium,Yes,In Progress,Private,,Verified,No,Clear,No,Updated,92.2,Yes,,4,0,Completed,Partially Approved,Issued,97.2,439.73,586.97,51.3,No,14.5,Yes,No,No,No,In Progress,3.15,4.8,3.34,Low,Low,Low,III,Loamy,Good,30.3,Low,SYNTHETIC_SIH26017_ENHANCED,Synthetic prototype dataset; added features are simulated and must not be represented as official parcel records.
LA-1012,West Bengal,Hooghly,Irrigation,67.3,31,Partially Paid,61,0,Full,46.5,87.6,56.2,Partially Complete,Completed,6,Possession,1,0,1,26.787325,75.814289,synthetic_demo_district_center,Green Zone,9.7,13.8,18.0,4.68,Yes,Yes,151.0,Yes,Pending,No,No,1474.5,8.2,0.6,11.67,15.53,7.16,Plain,Agricultural,83.1,8.7,1.1,3.6,No,Approved,8,3,2,71.8,Disputed,Low,Yes,In Progress,Private,,Verified,No,Clear,Yes,Updated,97.0,No,,4,4,Completed,Pending,Issued,82.0,1133.64,1935.61,82.1,No,32.6,No,Yes,Yes,Yes,In Progress,0.78,4.62,1.18,Medium,Low,Low,II,Alluvial,Good,47.5,Medium,SYNTHETIC_SIH26017_ENHANCED,Synthetic prototype dataset; added features are simulated and must not be represented as official parcel records.
LA-1013,Gujarat,Rajkot,Industrial,36.3,10,Partially Paid,27,0,Mostly Obtained,32.0,79.5,66.2,Partially Complete,Pending,1,Planning,0,0,12,31.073176,75.765931,synthetic_demo_district_center,Non-Green Zone,10.5,2.4,25.5,13.86,No,No,277.0,No,Pending,No,No,1047.7,4.6,1.98,4.23,2.69,0.78,Hilly,Agricultural,58.2,2.8,0.8,5.4,Yes,Pending,6,1,3,30.4,Obtained,Low,Yes,Not Required,Private,,Verified,No,Clear,No,Updated,89.2,No,,1,1,Completed,Partially Approved,Issued,85.1,2384.43,3952.98,47.6,No,9.9,Yes,Yes,Yes,No,In Progress,2.59,2.01,2.76,Low,Low,Medium,IV,Sandy,Good,59.7,Medium,SYNTHETIC_SIH26017_ENHANCED,Synthetic prototype dataset; added features are simulated and must not be represented as official parcel records.
LA-1014,Madhya Pradesh,Ujjain,Railway,22.8,13,Partially Paid,18,0,Full,58.2,56.2,78.9,Incomplete,,4,Possession,1,0,12,12.920254,77.384966,synthetic_demo_district_center,Non-Green Zone,22.8,6.5,9.8,3.49,No,No,430.0,No,Pending,No,No,1593.8,3.0,6.0,3.58,15.81,14.4,Plain,Government,63.8,21.1,1.3,0.3,No,Pending,5,2,2,31.0,Pending,Low,Yes,Not Required,Government,,Verified,No,Clear,No,Updated,73.7,Yes,Pending,6,0,Completed,Partially Approved,Pending,83.6,1928.56,4029.03,15.3,No,-7.1,No,Yes,Yes,No,Pending,3.81,0.68,0.26,Medium,Low,Low,II,Red,Good,44.3,Medium,SYNTHETIC_SIH26017_ENHANCED,Synthetic prototype dataset; added features are simulated and must not be represented as official parcel records.
LA-1015,Odisha,Ganjam,Railway,134.9,64,Fully Paid,34,3,Partial,66.7,80.7,55.8,Complete,Pending,5,Possession,0,0,7,25.72483,85.147117,synthetic_demo_district_center,Non-Green Zone,6.9,0.6,15.5,16.86,No,No,243.0,No,Approved,No,No,1337.4,2.5,5.78,6.82,8.67,9.63,Plateau,Agricultural,49.1,14.2,0.5,6.7,Yes,Not Required,11,6,1,99.8,Obtained,Low,Yes,Planned,Private,,Verified,No,Clear,No,Updated,80.6,Yes,,3,3,Not Required,Partially Approved,Issued,83.2,1403.06,1701.46,47.5,No,7.4,No,Yes,Yes,No,Completed,1.14,2.25,2.26,Medium,Low,Low,II,Red,Good,38.2,Low,SYNTHETIC_SIH26017_ENHANCED,Synthetic prototype dataset; added features are simulated and must not be represented as official parcel records.
LA-1016,West Bengal,Hooghly,Highway,47.8,32,Fully Paid,38,1,Full,76.1,66.9,66.4,Complete,Partially Completed,5,Closure,0,1,134,16.415544,80.621722,synthetic_demo_district_center,Buffer Zone,22.5,12.6,22.3,1.06,Yes,No,1394.0,Yes,Not Required,No,No,735.9,9.4,1.47,13.64,0.54,7.64,Plain,Agricultural,47.7,2.5,2.4,7.2,Yes,Not Required,2,2,0,61.6,Obtained,High,Yes,Planned,Private,,Under Review,No,Clear,No,Not Available,68.3,No,Disposed,3,2,Not Required,Approved,Issued,86.5,989.14,1781.87,66.4,No,26.9,No,Yes,Yes,No,Not Required,3.14,5.03,1.18,Low,Low,High,III,Black,Good,30.0,Low,SYNTHETIC_SIH26017_ENHANCED,Synthetic prototype dataset; added features are simulated and must not be represented as official parcel records.
LA-1017,Gujarat,Rajkot,Highway,37.7,17,Mostly Paid,57,0,Mostly Obtained,,89.0,58.8,Incomplete,Completed,4,Possession,0,1,127,31.171434,77.193587,synthetic_demo_district_center,Non-Green Zone,15.4,5.0,12.4,7.09,No,No,426.0,No,Approved,No,No,769.3,4.4,2.12,6.91,4.91,7.57,Hilly,Commercial,67.8,9.9,2.0,0.8,No,Not Required,2,2,1,37.1,Disputed,Low,Yes,Completed,Government,,Verified,No,Clear,No,Pending,58.9,No,,3,0,Completed,Pending,Issued,94.7,145.28,258.58,56.6,No,24.1,No,Yes,Yes,No,Not Required,0.39,5.83,1.41,Medium,Medium,High,IV,Laterite,Moderate,49.5,Medium,SYNTHETIC_SIH26017_ENHANCED,Synthetic prototype dataset; added features are simulated and must not be represented as official parcel records.
LA-1018,Karnataka,Mysuru,Irrigation,9.4,6,Mostly Paid,31,2,Mostly Obtained,11.1,46.9,51.4,Complete,Pending,1,Closure,0,0,12,23.060529,77.185439,synthetic_demo_district_center,Non-Green Zone,4.0,4.2,4.9,8.96,No,No,268.0,No,Not Required,Yes,Yes,61.2,0.9,0.87,1.48,11.24,2.63,Coastal,Wasteland,53.7,15.1,1.2,3.4,No,Not Required,18,8,2,36.0,Disputed,Low,Yes,Not Required,Private,Possible,Verified,No,Clear,No,Updated,83.5,No,,5,5,Completed,Approved,Issued,77.8,2766.41,5977.09,91.6,No,10.4,No,Yes,No,Yes,In Progress,0.94,7.17,2.8,Medium,High,Low,II,Black,Good,61.8,Medium,SYNTHETIC_SIH26017_ENHANCED,Synthetic prototype dataset; added features are simulated and must not be represented as official parcel records.
LA-1019,Uttar Pradesh,Meerut,Highway,9.3,8,Not Started,37,2,Partial,71.7,86.0,64.8,Complete,Completed,2,Planning,1,0,9,31.133534,76.95199,synthetic_demo_district_center,Non-Green Zone,21.8,3.2,7.1,4.81,No,No,2466.0,No,Approved,No,No,1738.0,1.6,2.51,0.79,5.17,5.08,Plateau,Commercial,63.8,7.1,5.3,3.6,No,Not Required,4,3,0,53.8,Pending,High,Yes,In Progress,Private,Possible,Under Review,No,Clear,No,Pending,86.1,No,,5,0,Not Required,Pending,Issued,73.7,403.01,633.58,18.1,No,11.2,No,Yes,Yes,No,Not Required,3.17,3.04,1.23,Low,Medium,Low,II,Red,Good,57.8,Medium,SYNTHETIC_SIH26017_ENHANCED,Synthetic prototype dataset; added features are simulated and must not be represented as official parcel records.
LA-1020,Bihar,Bhagalpur,Railway,30.6,17,Mostly Paid,47,0,Mostly Obtained,37.7,78.2,66.4,Partially Complete,Completed,3,Rehabilitation,1,0,12,31.095495,75.742492,synthetic_demo_district_center,Non-Green Zone,26.8,7.4,12.0,4.18,No,No,212.0,No,Pending,Yes,Yes,735.0,0.8,9.51,1.58,7.43,10.59,Plateau,Residential,72.6,12.1,1.4,1.3,No,Pending,6,3,1,62.9,Pending,Medium,Yes,Not Required,Joint,Possible,Verified,No,Clear,No,Updated,63.7,Yes,Disposed,3,3,Completed,Partially Approved,Issued,96.5,633.88,735.38,87.1,No,26.7,No,Yes,Yes,No,In Progress,2.56,2.51,1.3,Low,Low,Low,III,Loamy,Good,43.1,Medium,SYNTHETIC_SIH26017_ENHANCED,Synthetic prototype dataset; added features are simulated and must not be represented as official parcel records.
LA-1021,Bihar,Nalanda,Metro,27.4,13,,15,1,Mostly Obtained,73.0,85.9,49.5,Complete,,4,Planning,2,0,7,31.187094,77.34887,synthetic_demo_district_center,Non-Green Zone,37.6,6.4,21.3,8.83,No,Yes,731.0,No,Pending,No,No,1664.7,3.4,5.02,12.71,5.39,9.16,Plain,Residential,47.3,10.3,1.3,4.4,No,Pending,9,7,1,65.6,Pending,Medium,Yes,In Progress,Institutional,,Verified,No,Clear,No,Updated,83.8,No,,6,3,Not Required,Approved,Issued,97.5,1236.93,1459.9,81.1,No,19.9,Yes,Yes,Yes,No,Not Required,2.08,3.37,3.11,High,Medium,Medium,II,Loamy,Moderate,60.9,Medium,SYNTHETIC_SIH26017_ENHANCED,Synthetic prototype dataset; added features are simulated and must not be represented as official parcel records.
LA-1022,Tamil Nadu,Madurai,Highway,15.5,3,Mostly Paid,54,1,Mostly Obtained,49.1,39.4,76.1,Complete,Partially Completed,5,Rehabilitation,0,0,0,20.08616,85.859854,synthetic_demo_district_center,Non-Green Zone,51.0,3.6,27.5,7.24,No,No,925.0,No,Not Required,No,No,587.0,2.5,1.35,16.85,10.43,5.94,Plain,Government,68.5,1.8,0.1,2.6,No,Pending,1,0,0,61.4,Obtained,Low,No,Completed,Government,Confirmed,Verified,No,Reported,No,Updated,59.6,No,,4,0,Completed,Approved,Pending,95.2,185.4,371.3,19.3,No,3.7,Yes,Yes,No,Yes,Not Required,0.8,1.71,1.41,Low,Low,Low,II,Alluvial,Good,43.3,Medium,SYNTHETIC_SIH26017_ENHANCED,Synthetic prototype dataset; added features are simulated and must not be represented as official parcel records.
LA-1023,Maharashtra,Nagpur,Airport,27.3,13,Partially Paid,10,0,Full,79.6,31.9,54.9,Complete,Pending,5,Compensation,0,1,184,30.900671,75.790544,synthetic_demo_district_center,Buffer Zone,28.6,0.1,6.9,3.4,No,No,1079.0,No,Pending,No,No,1780.5,2.4,8.78,5.39,6.07,25.49,Hilly,Wasteland,55.0,6.4,3.6,2.8,Yes,Approved,15,4,5,38.1,Pending,Low,Yes,In Progress,Private,,Verified,No,Reported,No,Updated,99.5,No,,6,0,Pending,Approved,Issued,64.0,2839.17,5789.73,81.0,No,21.9,No,Yes,No,No,Pending,1.76,4.31,4.21,Low,Low,Low,IV,Red,Good,45.5,Medium,SYNTHETIC_SIH26017_ENHANCED,Synthetic prototype dataset; added features are simulated and must not be represented as official parcel records.
LA-1024,Gujarat,Rajkot,Highway,80.8,34,Mostly Paid,33,1,Full,68.5,48.9,67.1,Complete,Partially Completed,2,Possession,0,0,20,21.233015,81.80462,synthetic_demo_district_center,Non-Green Zone,3.8,6.6,6.6,6.57,No,Yes,670.0,No,Not Required,No,No,1799.6,2.0,0.86,4.96,2.84,8.62,Coastal,Government,79.5,3.1,3.5,7.9,Yes,Not Required,3,1,0,96.2,Obtained,Low,Yes,In Progress,Joint,,Verified,No,Clear,Yes,Updated,70.3,No,,1,1,Completed,Partially Approved,Issued,62.4,820.12,826.41,96.7,No,32.2,No,No,No,No,Pending,1.71,1.77,10.67,High,Medium,Low,II,Loamy,Moderate,45.0,Medium,SYNTHETIC_SIH26017_ENHANCED,Synthetic prototype dataset; added features are simulated and must not be represented as official parcel records.
LA-1025,Karnataka,Mangaluru,Railway,41.3,22,Partially Paid,33,1,Full,58.4,48.2,91.2,Partially Complete,Partially Completed,5,Compensation,1,0,10,23.136366,85.170092,synthetic_demo_district_center,Green Zone,13.3,13.8,4.6,10.15,No,No,120.0,Yes,Approved,No,No,269.8,2.2,2.41,5.7,22.67,2.85,Plateau,Agricultural,68.5,6.0,1.3,1.8,No,Approved,3,2,0,86.2,Obtained,Medium,Yes,Not Required,Private,,Verified,No,Clear,Yes,Updated,75.0,No,,6,0,Pending,Pending,Pending,54.3,970.07,2129.72,66.0,Yes,-9.0,No,No,Yes,Yes,Pending,4.26,3.98,3.68,High,Low,Low,IV,Loamy,Moderate,65.7,Medium,SYNTHETIC_SIH26017_ENHANCED,Synthetic prototype dataset; added features are simulated and must not be represented as official parcel records.
LA-1026,West Bengal,Darjeeling,Railway,10.4,6,Mostly Paid,32,0,Mostly Obtained,28.3,14.3,56.7,Complete,Pending,5,Notification,1,0,0,9.961324,76.149013,synthetic_demo_district_center,Buffer Zone,22.4,1.9,13.3,4.18,Yes,No,104.0,Yes,Pending,No,No,143.2,2.3,3.65,11.52,5.52,13.21,Plateau,Wasteland,64.9,3.8,0.9,2.9,No,Pending,5,4,1,95.4,Partial,Medium,Yes,Not Required,Private,,Issue Found,Yes,Clear,No,Updated,72.3,Yes,,0,0,Not Required,Approved,Issued,89.8,574.6,680.66,4.2,No,28.7,No,Yes,Yes,No,Not Required,4.6,2.34,3.71,Medium,Low,Low,III,Alluvial,Good,59.8,Medium,SYNTHETIC_SIH26017_ENHANCED,Synthetic prototype dataset; added features are simulated and must not be represented as official parcel records.
LA-1027,Uttar Pradesh,Meerut,Highway,22.6,9,Mostly Paid,9,1,Full,39.5,33.7,69.7,Complete,Partially Completed,2,Rehabilitation,0,0,6,28.686257,76.787404,synthetic_demo_district_center,Buffer Zone,16.0,1.0,26.1,10.32,No,No,374.0,No,Approved,No,No,283.6,3.4,2.37,1.77,13.29,8.37,Plain,Residential,54.1,4.5,2.5,1.6,No,Not Required,11,5,2,63.7,Pending,Low,Yes,Not Required,Private,,Under Review,No,Clear,No,Updated,100.0,No,Pending,3,0,Not Required,Approved,Issued,62.2,1440.91,2501.28,66.3,No,7.8,No,No,No,No,Not Required,1.47,2.41,6.89,Low,Medium,Low,IV,Laterite,Moderate,28.3,Low,SYNTHETIC_SIH26017_ENHANCED,Synthetic prototype dataset; added features are simulated and must not be represented as official parcel records.
LA-1028,Gujarat,Surat,Highway,13.4,6,Partially Paid,1,2,Full,64.7,68.5,73.9,Complete,Completed,1,Closure,4,0,21,16.600409,80.584206,synthetic_demo_district_center,Non-Green Zone,15.6,8.3,25.9,6.02,Yes,No,105.0,Yes,Not Required,No,No,1390.4,3.6,1.28,3.33,2.87,19.85,Plain,Agricultural,36.0,15.2,2.8,9.1,No,Approved,10,6,4,78.3,Obtained,Low,Yes,Not Required,Joint,,Under Review,No,Clear,No,Updated,73.8,No,,6,2,Completed,Partially Approved,Pending,83.1,1006.69,1119.99,14.9,No,-12.2,No,Yes,Yes,Yes,Pending,1.49,0.27,6.83,Medium,High,Medium,IV,Red,Good,25.1,Low,SYNTHETIC_SIH26017_ENHANCED,Synthetic prototype dataset; added features are simulated and must not be represented as official parcel records.
LA-1029,Karnataka,Belagavi,Power,18.3,9,Mostly Paid,24,1,Partial,65.2,37.2,49.2,Partially Complete,Completed,6,Notification,0,0,0,26.811398,80.974431,synthetic_demo_district_center,Non-Green Zone,4.3,0.4,14.5,18.54,No,No,494.0,No,Not Required,No,No,1085.8,4.7,2.67,0.82,5.89,5.88,Plain,Agricultural,84.1,2.7,4.4,0.5,Yes,Approved,5,1,0,69.9,Partial,Low,Yes,In Progress,Private,,Verified,No,Clear,No,Updated,99.2,No,,5,0,Completed,Approved,Issued,54.2,693.4,1303.52,30.7,No,-7.6,No,Yes,No,Yes,Not Required,0.65,1.37,1.82,Low,Medium,High,III,Loamy,Good,29.0,Low,SYNTHETIC_SIH26017_ENHANCED,Synthetic prototype dataset; added features are simulated and must not be represented as official parcel records.
LA-1030,Madhya Pradesh,Ujjain,Airport,18.0,10,Fully Paid,39,0,Partial,58.7,84.9,46.4,Complete,Completed,5,Closure,0,0,19,30.831683,75.782293,synthetic_demo_district_center,Non-Green Zone,22.6,7.3,12.6,3.86,No,No,713.0,No,Not Required,No,No,580.7,2.7,4.96,1.67,17.13,16.56,Plain,Wasteland,49.5,13.1,0.8,0.8,No,Approved,5,1,1,38.0,Obtained,Low,Yes,Planned,Private,,Verified,No,Clear,No,Pending,94.3,No,,2,2,Not Required,Approved,Pending,69.9,1096.04,1490.71,48.9,No,32.1,No,Yes,Yes,No,Completed,1.07,4.0,4.77,Medium,Low,Low,III,Alluvial,Moderate,38.4,Low,SYNTHETIC_SIH26017_ENHANCED,Synthetic prototype dataset; added features are simulated and must not be represented as official parcel records.
LA-1031,Odisha,Sambalpur,Highway,17.1,10,Not Started,76,0,Partial,39.4,92.4,34.9,Complete,Completed,6,Notification,0,0,8,20.129034,85.798074,synthetic_demo_district_center,Green Zone,29.9,5.8,5.6,11.55,No,No,222.0,Yes,Not Required,No,No,101.8,3.0,0.27,10.8,2.59,10.14,Coastal,Industrial,54.4,9.8,0.3,1.1,Yes,Not Required,7,4,2,91.3,Partial,Low,Yes,Planned,Private,Possible,Verified,No,Clear,No,Updated,79.6,No,,4,4,Not Required,Approved,Pending,94.9,985.06,1961.95,43.3,No,5.2,No,No,Yes,No,Not Required,1.16,2.46,2.05,Low,Low,Low,II,Loamy,Poor,41.9,Medium,SYNTHETIC_SIH26017_ENHANCED,Synthetic prototype dataset; added features are simulated and must not be represented as official parcel records.
LA-1032,Bihar,Gaya,Power,9.6,9,Fully Paid,39,0,Not Started,87.2,78.3,86.0,Complete,Partially Completed,6,Rehabilitation,1,0,12,28.283444,77.182371,synthetic_demo_district_center,Buffer Zone,39.5,10.6,15.3,8.63,No,No,455.0,No,Not Required,Yes,Yes,1685.3,0.2,7.69,4.66,9.88,18.68,Plain,Residential,37.6,7.1,2.5,1.1,Yes,Not Required,1,0,0,26.1,Disputed,Low,No,In Progress,Government,,Verified,No,Under Verification,No,Pending,75.4,No,,4,4,Completed,Pending,Issued,75.8,63.28,93.56,25.4,No,21.8,No,Yes,No,No,Not Required,1.34,6.43,6.22,High,High,Medium,II,Alluvial,Good,51.1,Medium,SYNTHETIC_SIH26017_ENHANCED,Synthetic prototype dataset; added features are simulated and must not be represented as official parcel records.
LA-1033,West Bengal,Howrah,Power,22.3,17,Mostly Paid,10,1,Partial,11.9,74.7,65.6,Complete,Completed,1,Closure,0,1,121,19.342002,72.756209,synthetic_demo_district_center,Non-Green Zone,8.3,0.9,19.2,9.29,No,No,743.0,No,Pending,No,No,1022.9,11.3,2.13,3.14,3.36,10.67,Plain,Agricultural,78.4,23.8,4.4,1.3,No,Not Required,13,8,3,68.9,Obtained,Low,Yes,Completed,Institutional,,Under Review,No,Clear,No,Updated,73.1,No,,1,1,Pending,Approved,Issued,72.2,3314.1,5561.33,65.0,No,0.6,No,No,Yes,No,In Progress,3.29,0.65,2.56,Low,Medium,Low,III,Sandy,Good,39.1,Low,SYNTHETIC_SIH26017_ENHANCED,Synthetic prototype dataset; added features are simulated and must not be represented as official parcel records.
LA-1034,Bihar,Nalanda,Irrigation,16.1,9,Mostly Paid,25,1,Not Started,18.7,43.3,65.4,Complete,Completed,3,Notification,0,1,144,23.309063,77.280462,synthetic_demo_district_center,Non-Green Zone,17.0,6.2,21.6,0.4,Yes,No,1048.0,Yes,Pending,No,No,1205.0,3.5,3.72,4.86,2.61,2.3,Plain,Industrial,83.4,17.0,1.9,4.2,No,Not Required,6,0,1,65.3,Obtained,Low,No,Planned,Joint,Possible,Verified,No,Clear,No,Not Available,77.8,Yes,,0,0,Completed,Approved,Issued,51.9,959.45,1002.39,41.7,No,24.4,No,Yes,Yes,No,In Progress,2.13,3.09,8.83,Low,Medium,Medium,IV,Loamy,Moderate,31.1,Low,SYNTHETIC_SIH26017_ENHANCED,Synthetic prototype dataset; added features are simulated and must not be represented as official parcel records.
LA-1035,West Bengal,Kolkata,Railway,5.0,3,Fully Paid,26,2,Mostly Obtained,56.3,95.8,55.7,Partially Complete,Partially Completed,1,Compensation,1,0,26,25.334839,85.036179,synthetic_demo_district_center,Buffer Zone,9.4,15.6,6.2,4.69,No,No,432.0,No,Not Required,No,No,1655.9,1.6,0.61,4.31,13.43,14.01,Hilly,Residential,64.5,16.3,5.4,1.2,No,Approved,2,2,1,63.0,Obtained,High,Yes,Not Required,Private,,Under Review,No,Clear,No,Pending,71.2,No,,0,0,Not Required,Approved,Pending,81.5,946.38,1040.46,45.1,No,-8.3,No,No,No,No,In Progress,6.43,4.22,3.59,Low,Low,Medium,III,Loamy,Moderate,35.9,Low,SYNTHETIC_SIH26017_ENHANCED,Synthetic prototype dataset; added features are simulated and must not be represented as official parcel records.
LA-1036,Tamil Nadu,Tiruchirappalli,Railway,114.4,57,Mostly Paid,69,0,Partial,92.3,43.1,33.0,Incomplete,Completed,2,Compensation,1,0,20,23.099224,72.444342,synthetic_demo_district_center,Non-Green Zone,4.2,13.1,4.9,3.12,No,Yes,666.0,No,Pending,No,No,1011.1,0.6,2.96,1.25,15.32,11.68,Plain,Agricultural,69.1,2.3,1.1,5.1,No,Pending,15,8,4,58.2,Pending,Low,Yes,Not Required,Private,,Verified,No,Clear,No,Updated,87.4,No,,1,1,Completed,Approved,Issued,83.1,2030.16,3421.62,79.2,No,2.8,No,Yes,Yes,No,Pending,0.14,0.69,1.04,Low,High,Low,III,Sandy,Good,44.0,Medium,SYNTHETIC_SIH26017_ENHANCED,Synthetic prototype dataset; added features are simulated and must not be represented as official parcel records.
LA-1037,Maharashtra,Thane,Railway,55.5,27,Fully Paid,40,2,Partial,77.2,67.4,60.4,Incomplete,Completed,2,Compensation,2,1,66,13.063875,80.267457,synthetic_demo_district_center,Non-Green Zone,5.2,9.1,23.2,10.73,No,No,1290.0,No,Pending,No,No,1096.4,2.8,6.97,10.15,15.52,21.76,Plateau,Wasteland,47.4,16.6,1.9,0.6,No,Not Required,4,1,1,24.6,Obtained,Medium,Yes,In Progress,Private,,Under Review,No,Reported,Yes,Updated,64.2,Yes,,0,0,Pending,Pending,Issued,60.2,796.15,1576.17,15.1,No,1.7,No,No,No,Yes,In Progress,1.85,1.94,9.58,Medium,Low,Low,III,Alluvial,Good,40.7,Medium,SYNTHETIC_SIH26017_ENHANCED,Synthetic prototype dataset; added features are simulated and must not be represented as official parcel records.
LA-1038,West Bengal,Howrah,Power,18.5,12,Partially Paid,12,1,Mostly Obtained,80.4,44.5,78.2,Partially Complete,Completed,2,Rehabilitation,0,0,21,25.705163,85.152365,synthetic_demo_district_center,Non-Green Zone,7.2,6.2,20.6,5.53,No,Yes,243.0,No,Approved,No,No,5.1,0.7,0.95,4.38,2.63,10.6,Plain,Residential,61.8,7.3,2.8,4.2,No,Approved,2,0,1,58.8,Obtained,Medium,No,Not Required,Joint,Possible,Under Review,No,Clear,No,Updated,97.6,No,,4,2,Pending,Pending,Pending,52.2,246.43,288.4,23.0,Yes,2.3,Yes,No,Yes,No,Pending,0.84,1.1,1.06,Low,Medium,Medium,III,Alluvial,Moderate,45.4,Medium,SYNTHETIC_SIH26017_ENHANCED,Synthetic prototype dataset; added features are simulated and must not be represented as official parcel records.
LA-1039,Bihar,Gaya,Irrigation,24.9,10,Partially Paid,19,1,Full,80.1,81.3,77.9,Complete,Pending,5,Possession,1,0,17,31.207683,75.904792,synthetic_demo_district_center,Non-Green Zone,21.8,2.8,24.5,0.96,No,Yes,382.0,No,Approved,No,No,954.2,5.2,1.31,4.5,15.73,8.72,Plateau,Commercial,65.7,15.8,8.7,6.2,No,Not Required,3,1,0,95.2,Obtained,Low,Yes,Not Required,Government,,Under Review,No,Clear,No,Updated,66.2,No,,4,0,Not Required,Approved,Issued,74.7,743.22,1483.24,27.0,No,24.8,No,Yes,Yes,No,Not Required,5.05,0.71,3.17,High,Low,Low,III,Red,Good,39.6,Low,SYNTHETIC_SIH26017_ENHANCED,Synthetic prototype dataset; added features are simulated and must not be represented as official parcel records.
LA-1040,Tamil Nadu,Tiruchirappalli,Highway,10.2,7,Mostly Paid,51,1,Full,96.3,55.6,50.5,Partially Complete,Completed,4,Closure,3,1,101,13.071522,77.60519,synthetic_demo_district_center,Non-Green Zone,6.8,9.3,5.6,1.64,No,No,464.0,No,Pending,No,No,1796.6,1.4,1.68,13.07,16.24,25.82,Plain,Industrial,61.1,2.6,6.9,3.8,No,Approved,3,0,0,71.0,Disputed,Low,No,Planned,Private,,Verified,No,Clear,No,Updated,59.0,Yes,Disposed,4,4,Not Required,Approved,Issued,57.4,130.1,239.41,62.6,No,22.7,No,Yes,Yes,No,Pending,0.93,2.73,3.27,Medium,Low,Medium,III,Laterite,Good,52.3,Medium,SYNTHETIC_SIH26017_ENHANCED,Synthetic prototype dataset; added features are simulated and must not be represented as official parcel records.
LA-1041,West Bengal,Darjeeling,Railway,87.5,40,Fully Paid,35,2,Mostly Obtained,74.4,43.0,36.6,Complete,Partially Completed,5,Notification,0,1,75,23.191156,72.72018,synthetic_demo_district_center,Non-Green Zone,12.8,20.6,7.2,7.42,No,No,908.0,No,Not Required,Yes,Yes,1193.6,7.0,2.73,3.13,8.95,18.19,Plain,Commercial,69.1,5.6,0.3,3.1,No,Not Required,8,3,2,71.8,Obtained,Low,Yes,In Progress,Private,,Under Review,No,Reported,No,Updated,91.2,No,,2,2,Completed,Pending,Issued,89.8,1640.35,2315.32,53.2,Yes,8.7,No,Yes,Yes,Yes,Not Required,1.66,1.59,3.65,Low,Low,Low,III,Sandy,Moderate,46.6,Medium,SYNTHETIC_SIH26017_ENHANCED,Synthetic prototype dataset; added features are simulated and must not be represented as official parcel records.
LA-1042,Madhya Pradesh,Ujjain,Airport,101.8,48,Fully Paid,30,0,Partial,36.1,92.4,71.4,Partially Complete,Completed,1,Possession,2,1,101,26.918097,75.715475,synthetic_demo_district_center,Non-Green Zone,21.2,9.5,21.2,3.07,No,No,676.0,No,Approved,No,No,1450.7,3.9,2.38,4.15,10.49,11.24,Plain,Residential,74.1,4.2,3.7,5.4,No,Pending,20,1,4,52.6,Obtained,Medium,Yes,In Progress,Private,,Verified,No,Clear,No,Pending,88.2,No,Disposed,5,0,Completed,Approved,Pending,53.9,3828.72,6932.93,19.8,No,0.1,No,No,Yes,Yes,In Progress,0.92,0.98,1.29,High,Medium,High,II,Alluvial,Moderate,49.0,Medium,SYNTHETIC_SIH26017_ENHANCED,Synthetic prototype dataset; added features are simulated and must not be represented as official parcel records.
LA-1043,Maharashtra,Nashik,Irrigation,27.6,16,Mostly Paid,25,3,Partial,80.5,68.0,34.1,Complete,Partially Completed,3,Compensation,2,0,25,22.650225,88.304687,synthetic_demo_district_center,Non-Green Zone,29.7,4.4,2.3,4.12,Yes,No,872.0,Yes,Not Required,No,No,1143.9,10.3,5.12,5.11,13.49,21.7,Plain,Agricultural,61.3,13.1,2.4,2.7,Yes,Approved,3,1,2,39.0,Partial,Medium,Yes,Not Required,Joint,,Under Review,No,Clear,No,Updated,76.3,No,,5,3,Not Required,Pending,Issued,65.8,783.02,1548.76,37.4,No,12.6,No,Yes,No,Yes,Not Required,3.46,4.86,4.88,Low,Low,Low,III,Alluvial,Good,64.3,Medium,SYNTHETIC_SIH26017_ENHANCED,Synthetic prototype dataset; added features are simulated and must not be represented as official parcel records.
LA-1044,West Bengal,Darjeeling,Airport,52.9,31,Mostly Paid,50,1,Partial,18.1,31.9,28.9,Partially Complete,Completed,3,Closure,1,1,163,25.527055,85.082412,synthetic_demo_district_center,Non-Green Zone,17.0,5.6,19.3,5.67,No,No,374.0,No,Approved,No,No,1415.5,3.0,0.66,4.58,4.31,35.77,Plateau,Agricultural,69.3,7.3,4.1,5.1,No,Approved,21,5,7,69.7,Obtained,Low,Yes,Planned,Joint,,Verified,No,Clear,No,Not Available,69.1,No,,6,3,Pending,Approved,Issued,83.4,2261.83,4155.7,92.1,Yes,6.5,No,No,Yes,No,Not Required,4.6,3.99,2.01,High,Low,Low,III,Loamy,Moderate,62.6,Medium,SYNTHETIC_SIH26017_ENHANCED,Synthetic prototype dataset; added features are simulated and must not be represented as official parcel records.
LA-1045,Tamil Nadu,Tiruchirappalli,Irrigation,28.0,18,Partially Paid,22,1,Partial,18.6,78.8,75.4,Incomplete,Completed,3,Planning,0,0,9,21.274003,81.829149,synthetic_demo_district_center,Non-Green Zone,3.5,8.2,7.7,3.32,No,No,645.0,No,Not Required,No,No,637.4,5.4,2.03,8.51,3.59,4.57,Coastal,Agricultural,67.0,0.9,2.8,2.5,No,Not Required,2,1,1,25.2,Obtained,Low,Yes,Planned,Government,,Verified,No,Reported,No,Updated,59.0,No,,2,1,Not Required,Partially Approved,Issued,60.4,275.06,573.79,81.2,No,22.7,No,Yes,Yes,No,Not Required,1.08,6.39,3.78,Medium,Low,Low,II,Sandy,Good,35.1,Low,SYNTHETIC_SIH26017_ENHANCED,Synthetic prototype dataset; added features are simulated and must not be represented as official parcel records.
LA-1046,Gujarat,Rajkot,Railway,9.0,4,Fully Paid,18,1,Partial,58.5,47.2,74.7,Complete,Completed,6,Closure,0,0,0,25.64923,85.120705,synthetic_demo_district_center,Non-Green Zone,24.6,2.1,19.4,10.01,Yes,No,871.0,Yes,Not Required,No,No,53.4,2.5,4.0,2.13,21.71,23.88,Coastal,Government,84.5,9.9,4.7,2.2,No,Approved,15,12,5,66.2,Pending,Low,Yes,Not Required,Private,Possible,Verified,No,Under Verification,No,Updated,77.9,No,,0,0,Not Required,Pending,Issued,79.9,6306.19,10106.26,98.9,No,10.0,No,Yes,No,Yes,Not Required,0.53,1.81,1.95,Medium,Low,Medium,II,Loamy,Poor,48.9,Medium,SYNTHETIC_SIH26017_ENHANCED,Synthetic prototype dataset; added features are simulated and must not be represented as official parcel records.
LA-1047,Rajasthan,Jaipur,Industrial,18.0,12,Partially Paid,56,0,Full,32.8,94.7,73.2,Complete,Completed,3,Compensation,2,1,79,30.744681,75.910421,synthetic_demo_district_center,Buffer Zone,17.1,8.3,20.6,4.19,No,No,398.0,No,Not Required,No,No,1322.3,10.5,1.57,9.51,6.4,2.94,Plateau,Agricultural,77.6,13.9,6.2,3.2,No,Not Required,4,1,0,79.5,Obtained,Low,Yes,In Progress,Joint,,Under Review,No,Clear,No,Updated,91.7,No,,4,4,Not Required,Pending,Issued,52.1,859.19,1757.22,17.7,Yes,21.4,Yes,Yes,No,Yes,In Progress,0.66,0.42,7.25,High,Medium,Medium,III,Alluvial,Good,60.8,Medium,SYNTHETIC_SIH26017_ENHANCED,Synthetic prototype dataset; added features are simulated and must not be represented as official parcel records.
LA-1048,Karnataka,Belagavi,Power,27.1,14,Fully Paid,1,1,Not Started,30.5,69.0,69.2,Partially Complete,Completed,6,Possession,1,0,29,30.844458,76.011107,synthetic_demo_district_center,Buffer Zone,26.3,16.1,12.4,7.63,No,No,1018.0,No,Not Required,No,No,1624.5,1.3,3.1,4.79,4.92,4.01,Hilly,Government,44.2,12.2,6.5,1.4,Yes,Approved,6,4,0,50.5,Obtained,Medium,Yes,Not Required,Private,,Verified,No,Under Verification,No,Updated,99.9,No,,5,0,Not Required,Approved,Issued,92.9,456.07,484.27,68.9,Yes,-6.0,No,Yes,Yes,No,Not Required,1.91,4.17,2.95,Low,High,Medium,III,Black,Moderate,49.0,Medium,SYNTHETIC_SIH26017_ENHANCED,Synthetic prototype dataset; added features are simulated and must not be represented as official parcel records.
LA-1049,Rajasthan,Jaipur,Highway,17.4,5,Mostly Paid,11,0,Partial,89.4,75.0,71.6,Complete,Completed,4,Compensation,2,0,0,9.828331,76.188527,synthetic_demo_district_center,Non-Green Zone,34.7,7.7,26.0,2.65,No,No,972.0,No,Not Required,No,No,402.5,5.2,2.58,5.42,18.65,6.86,Plateau,Government,57.9,13.8,3.0,3.5,No,Not Required,11,4,0,64.2,Partial,Low,Yes,Not Required,Private,,Verified,No,Under Verification,No,Updated,70.5,No,,1,1,Completed,Pending,Issued,73.0,1620.4,2934.11,64.8,No,34.2,No,Yes,Yes,No,Not Required,2.2,2.23,1.56,Low,Low,High,II,Alluvial,Good,41.8,Medium,SYNTHETIC_SIH26017_ENHANCED,Synthetic prototype dataset; added features are simulated and must not be represented as official parcel records.
LA-1050,Rajasthan,Ajmer,Industrial,20.8,8,Mostly Paid,16,1,Partial,64.8,78.3,90.9,Incomplete,Completed,3,Rehabilitation,4,0,22,20.332139,85.794591,synthetic_demo_district_center,Non-Green Zone,17.9,5.3,12.4,6.33,No,No,260.0,No,Not Required,Yes,Yes,1155.4,2.3,2.73,2.03,13.35,10.86,Plateau,Agricultural,22.1,10.8,1.1,2.2,No,Pending,12,4,0,89.6,Pending,Low,Yes,In Progress,Private,,Issue Found,Yes,Clear,Yes,Updated,94.5,No,,5,0,Completed,Pending,Issued,82.3,2170.25,4264.51,57.9,No,13.8,Yes,No,No,No,Not Required,1.81,0.92,1.48,High,Medium,Low,III,Sandy,Good,68.2,Medium,SYNTHETIC_SIH26017_ENHANCED,Synthetic prototype dataset; added features are simulated and must not be represented as official parcel records.
LA-1051,Uttar Pradesh,Lucknow,Power,22.9,17,Partially Paid,59,0,Mostly Obtained,22.6,31.0,31.9,Complete,Partially Completed,6,Possession,2,1,131,30.094948,78.086289,synthetic_demo_district_center,Non-Green Zone,18.0,12.1,28.4,8.81,No,Yes,336.0,No,Not Required,No,No,297.7,1.0,3.54,11.6,12.16,1.77,Hilly,Agricultural,83.6,8.4,1.9,7.3,No,Pending,17,7,3,31.6,Obtained,Low,Yes,In Progress,Private,,Verified,No,Under Verification,No,Updated,78.7,No,Pending,3,3,Not Required,Pending,Issued,74.2,890.87,899.43,75.3,Yes,29.7,Yes,Yes,No,Yes,In Progress,0.66,3.58,6.38,Low,High,Low,II,Sandy,Good,51.3,Medium,SYNTHETIC_SIH26017_ENHANCED,Synthetic prototype dataset; added features are simulated and must not be represented as official parcel records.
LA-1052,Madhya Pradesh,Ujjain,Highway,23.1,11,Fully Paid,33,0,Partial,30.0,49.6,75.5,Complete,Completed,5,Possession,1,0,8,22.996315,72.519412,synthetic_demo_district_center,Green Zone,45.1,5.1,25.2,18.89,No,No,499.0,Yes,Approved,No,No,1155.9,2.8,0.78,5.06,7.12,17.95,Plain,Wasteland,64.4,6.1,0.5,4.7,Yes,Not Required,12,2,4,24.8,Disputed,Low,Yes,Not Required,Private,Possible,Verified,No,Clear,Yes,Updated,87.6,No,,3,0,Completed,Partially Approved,Issued,52.7,3028.49,6000.68,57.3,No,-3.6,Yes,Yes,Yes,No,In Progress,1.74,2.2,4.16,Medium,Low,Low,III,Red,Poor,70.2,High,SYNTHETIC_SIH26017_ENHANCED,Synthetic prototype dataset; added features are simulated and must not be represented as official parcel records.
LA-1053,Gujarat,Rajkot,Irrigation,25.5,9,Mostly Paid,10,1,Partial,49.9,49.6,66.0,Partially Complete,Partially Completed,3,Possession,0,0,0,30.349072,77.978103,synthetic_demo_district_center,Non-Green Zone,38.7,4.0,14.8,10.09,No,Yes,721.0,No,Not Required,Yes,Yes,90.1,5.9,1.52,14.33,11.47,13.53,Plain,Agricultural,69.6,1.6,3.4,0.8,No,Not Required,29,13,6,62.6,Partial,Low,Yes,Not Required,Institutional,Possible,Verified,No,Under Verification,No,Updated,99.9,No,,6,0,Pending,Approved,Issued,93.1,8015.21,13945.4,72.6,No,2.7,No,Yes,Yes,No,Not Required,0.52,1.22,3.18,Low,Medium,Low,III,Red,Poor,33.1,Low,SYNTHETIC_SIH26017_ENHANCED,Synthetic prototype dataset; added features are simulated and must not be represented as official parcel records.
LA-1054,Odisha,Sambalpur,Industrial,11.1,2,Fully Paid,10,2,Not Started,29.1,54.8,89.3,Complete,Partially Completed,2,Compensation,0,0,4,21.192307,81.602687,synthetic_demo_district_center,Non-Green Zone,36.4,8.8,3.2,5.55,No,No,579.0,No,Not Required,No,No,427.1,0.7,2.52,2.16,0.81,5.07,Coastal,Residential,75.1,8.6,2.4,1.8,Yes,Approved,4,0,2,83.6,Partial,Low,No,Not Required,Private,,Verified,No,Clear,No,Updated,99.5,No,,3,3,Not Required,Approved,Issued,94.6,800.49,1426.51,64.0,No,19.2,No,No,Yes,No,Completed,2.91,0.79,3.63,Low,Low,Low,V,Red,Poor,52.4,Medium,SYNTHETIC_SIH26017_ENHANCED,Synthetic prototype dataset; added features are simulated and must not be represented as official parcel records.
LA-1055,West Bengal,Howrah,Airport,14.3,4,Not Started,60,1,Partial,59.4,74.4,58.4,Complete,Completed,1,Planning,1,0,18,20.210885,85.794045,synthetic_demo_district_center,Non-Green Zone,22.4,8.4,27.1,6.51,No,No,101.0,No,Not Required,No,No,1248.0,1.6,3.85,4.59,2.9,7.04,Plateau,Agricultural,84.4,8.3,3.0,2.3,No,Approved,4,1,1,63.6,Obtained,Medium,Yes,In Progress,Private,,Verified,No,Clear,No,Updated,95.6,No,,3,1,Completed,Partially Approved,Issued,68.0,299.53,379.08,45.3,No,-14.8,Yes,Yes,Yes,No,Not Required,5.01,1.08,6.14,Medium,High,High,II,Black,Moderate,31.4,Low,SYNTHETIC_SIH26017_ENHANCED,Synthetic prototype dataset; added features are simulated and must not be represented as official parcel records.
LA-1056,Karnataka,Hubballi,Highway,9.4,5,Mostly Paid,10,1,Not Started,54.9,59.1,73.9,Partially Complete,Completed,5,Rehabilitation,2,0,20,26.126569,91.590491,synthetic_demo_district_center,Non-Green Zone,33.3,5.3,6.0,9.73,No,No,89.0,No,Not Required,No,No,1347.2,8.6,1.87,15.0,7.22,10.48,Coastal,Commercial,69.4,2.7,3.9,2.3,No,Approved,10,2,3,78.5,Pending,High,Yes,Not Required,Government,,Verified,No,Under Verification,No,Updated,69.2,No,,1,1,Completed,Partially Approved,Issued,57.2,825.34,1630.36,86.0,No,21.9,No,Yes,Yes,Yes,Completed,1.7,3.1,1.63,Medium,Low,Low,II,Loamy,Poor,38.5,Low,SYNTHETIC_SIH26017_ENHANCED,Synthetic prototype dataset; added features are simulated and must not be represented as official parcel records.
LA-1057,Maharashtra,Nashik,Railway,51.1,23,Mostly Paid,17,0,Mostly Obtained,62.1,33.8,75.7,Partially Complete,Pending,4,Notification,1,0,14,12.959742,77.563148,synthetic_demo_district_center,Non-Green Zone,14.0,13.9,15.5,11.36,No,No,430.0,No,Not Required,No,No,684.1,1.5,1.39,6.63,24.09,4.01,Plain,Agricultural,67.7,8.8,0.4,0.7,Yes,Pending,8,2,3,29.4,Partial,Low,Yes,Planned,Private,,Verified,No,Clear,No,Not Available,86.5,No,,6,2,Pending,Approved,Issued,50.8,463.55,751.7,50.3,No,23.1,No,No,No,No,Not Required,4.28,0.9,4.66,Medium,Low,Medium,III,Red,Good,33.8,Low,SYNTHETIC_SIH26017_ENHANCED,Synthetic prototype dataset; added features are simulated and must not be represented as official parcel records.
LA-1058,Gujarat,Rajkot,Industrial,5.1,4,Fully Paid,21,2,Not Started,72.9,64.2,61.3,Partially Complete,Partially Completed,5,Rehabilitation,0,1,126,31.049719,77.174663,synthetic_demo_district_center,Non-Green Zone,18.9,9.7,23.4,1.23,No,No,363.0,No,Not Required,Yes,Yes,983.6,2.9,1.16,4.31,6.71,21.46,Plain,Residential,60.5,16.2,3.6,3.9,No,Not Required,14,5,3,76.0,Pending,Low,Yes,Not Required,Private,,Verified,No,Clear,No,Updated,80.0,Yes,,0,0,Not Required,Approved,Issued,95.2,1163.99,1719.48,70.9,No,27.5,No,Yes,No,No,In Progress,0.27,14.98,5.16,Low,Low,Medium,III,Laterite,Good,26.9,Low,SYNTHETIC_SIH26017_ENHANCED,Synthetic prototype dataset; added features are simulated and must not be represented as official parcel records.
LA-1059,Bihar,Bhagalpur,Railway,58.3,30,Fully Paid,43,1,Full,28.1,36.2,49.9,Partially Complete,Partially Completed,2,Possession,2,0,1,26.840366,75.763477,synthetic_demo_district_center,Non-Green Zone,26.9,1.3,14.8,5.7,No,No,378.0,No,Not Required,No,No,1122.0,6.1,0.61,7.61,5.27,15.88,Plain,Residential,56.7,13.9,6.7,0.9,Yes,Approved,29,10,9,56.8,Obtained,High,Yes,Planned,Private,Possible,Verified,No,Under Verification,No,Updated,59.4,No,,3,1,Not Required,Partially Approved,Pending,56.2,2559.23,3462.73,66.1,No,0.7,Yes,Yes,No,No,Completed,2.56,0.14,4.05,High,High,Medium,IV,Laterite,Good,58.5,Medium,SYNTHETIC_SIH26017_ENHANCED,Synthetic prototype dataset; added features are simulated and must not be represented as official parcel records.
LA-1060,Odisha,Cuttack,Power,69.4,24,Not Started,20,2,Mostly Obtained,49.2,81.3,78.4,Complete,Pending,3,Compensation,1,0,13,25.552222,84.967853,synthetic_demo_district_center,Buffer Zone,18.6,21.3,7.9,0.44,No,No,551.0,No,Not Required,No,No,774.7,3.4,3.77,1.01,7.36,10.78,Plain,Wasteland,78.3,11.2,3.3,1.4,No,Pending,3,2,2,59.8,Obtained,High,Yes,Completed,Private,,Verified,No,Clear,No,Updated,79.5,No,,4,3,Completed,Partially Approved,Issued,80.0,650.05,1167.39,38.8,No,25.9,No,Yes,Yes,No,Not Required,0.1,0.95,8.38,Medium,Low,Low,IV,Sandy,Poor,34.7,Low,SYNTHETIC_SIH26017_ENHANCED,Synthetic prototype dataset; added features are simulated and must not be represented as official parcel records.
LA-1061,Uttar Pradesh,Lucknow,Irrigation,19.6,12,Not Started,8,0,Mostly Obtained,41.0,88.4,75.4,Complete,Completed,3,Possession,1,0,8,17.518594,78.499646,synthetic_demo_district_center,Buffer Zone,23.4,14.5,6.5,4.14,Yes,No,652.0,Yes,Approved,No,No,936.1,0.3,7.23,9.08,6.81,2.88,Coastal,Agricultural,44.5,11.0,1.7,4.3,No,Pending,3,0,0,52.1,Obtained,High,No,Completed,Private,,Issue Found,Yes,Clear,No,Updated,82.9,No,,5,0,Completed,Approved,Pending,63.1,498.84,644.44,17.9,No,-5.7,No,Yes,Yes,No,Completed,0.83,1.86,4.75,Low,Low,Low,III,Sandy,Good,80.2,High,SYNTHETIC_SIH26017_ENHANCED,Synthetic prototype dataset; added features are simulated and must not be represented as official parcel records.
LA-1062,Uttar Pradesh,Mathura,Highway,5.0,5,Mostly Paid,45,0,Partial,73.2,44.9,61.1,Complete,Completed,4,Possession,2,1,119,16.363088,80.797124,synthetic_demo_district_center,Non-Green Zone,24.9,13.4,10.7,3.44,No,Yes,346.0,No,Pending,No,No,1400.4,5.3,0.08,2.61,14.94,8.24,Plain,Agricultural,71.3,2.6,2.6,1.8,No,Approved,2,1,0,69.2,Partial,Low,Yes,In Progress,Private,,Verified,No,Clear,No,Updated,82.0,No,,6,5,Pending,Approved,Issued,83.1,268.28,534.82,72.6,No,30.0,No,No,No,Yes,Not Required,1.23,2.18,2.36,Low,Low,Low,III,Sandy,Poor,51.9,Medium,SYNTHETIC_SIH26017_ENHANCED,Synthetic prototype dataset; added features are simulated and must not be represented as official parcel records.
LA-1063,Gujarat,Bhavnagar,Metro,18.7,7,Not Started,45,0,Partial,56.6,65.2,63.7,Incomplete,Partially Completed,1,Rehabilitation,3,1,162,16.457433,80.629278,synthetic_demo_district_center,Non-Green Zone,3.4,18.8,6.9,1.35,No,No,486.0,No,Not Required,No,No,1554.0,6.1,1.69,1.84,3.52,21.98,Plain,Government,45.4,11.2,6.7,0.8,No,Pending,4,1,2,84.5,Obtained,Low,Yes,Planned,Private,,Verified,No,Clear,No,Not Available,74.7,No,,3,2,Not Required,Pending,Issued,71.6,636.74,646.71,49.9,No,-4.3,No,Yes,Yes,Yes,Pending,1.37,0.59,0.81,Medium,Low,Low,IV,Black,Moderate,40.5,Medium,SYNTHETIC_SIH26017_ENHANCED,Synthetic prototype dataset; added features are simulated and must not be represented as official parcel records.
LA-1064,Tamil Nadu,Salem,Metro,23.4,14,Fully Paid,82,0,Not Started,32.8,75.9,86.1,Complete,Pending,3,Rehabilitation,0,0,9,12.937483,80.145799,synthetic_demo_district_center,Non-Green Zone,3.7,3.7,16.4,5.02,No,No,598.0,No,Not Required,Yes,Yes,1467.9,3.8,0.33,5.95,7.73,1.56,Plain,Residential,60.8,4.1,3.4,2.9,Yes,Not Required,3,1,1,39.8,Partial,Medium,Yes,In Progress,Private,,Verified,No,Under Verification,No,Updated,74.9,No,,0,0,Completed,Pending,Issued,72.9,718.83,1267.85,3.1,No,-12.6,No,Yes,Yes,Yes,Pending,1.22,1.86,1.5,Low,Medium,Low,II,Sandy,Moderate,58.3,Medium,SYNTHETIC_SIH26017_ENHANCED,Synthetic prototype dataset; added features are simulated and must not be represented as official parcel records.
LA-1065,Rajasthan,Udaipur,Railway,11.5,4,Partially Paid,36,2,Partial,73.2,80.2,96.9,Complete,Partially Completed,6,Notification,1,0,14,16.572398,80.749578,synthetic_demo_district_center,Green Zone,21.4,3.1,13.3,4.69,No,No,69.0,Yes,Approved,No,No,1506.2,0.9,7.56,13.61,1.62,4.54,Plain,Agricultural,91.8,14.9,0.0,2.5,Yes,Pending,5,3,0,64.7,Disputed,Medium,Yes,Not Required,Private,Possible,Verified,No,Clear,No,Pending,74.3,No,,3,0,Pending,Pending,Pending,62.9,537.26,786.3,0.7,No,33.0,No,Yes,No,Yes,Not Required,2.09,1.33,3.63,Medium,Low,Low,III,Black,Good,46.3,Medium,SYNTHETIC_SIH26017_ENHANCED,Synthetic prototype dataset; added features are simulated and must not be represented as official parcel records.
LA-1066,Bihar,Gaya,Airport,16.7,8,Mostly Paid,9,1,Partial,31.2,59.0,67.2,Incomplete,Pending,4,Closure,1,0,16,16.65377,80.654254,synthetic_demo_district_center,Non-Green Zone,22.0,5.7,18.7,6.84,No,Yes,566.0,No,Approved,No,No,1200.9,4.7,1.82,3.88,3.01,5.33,Plain,Agricultural,33.6,17.6,2.3,1.3,No,Pending,11,7,3,22.6,Partial,Low,Yes,In Progress,Private,,Issue Found,Yes,Clear,No,Pending,73.4,No,Pending,6,0,Completed,Pending,Issued,76.9,1080.81,2095.46,82.9,No,-12.0,No,Yes,No,No,Pending,4.37,0.87,1.17,Low,Low,Medium,IV,Red,Poor,43.3,Medium,SYNTHETIC_SIH26017_ENHANCED,Synthetic prototype dataset; added features are simulated and must not be represented as official parcel records.
LA-1067,Uttar Pradesh,Meerut,Irrigation,77.3,30,Not Started,80,2,Partial,19.3,76.7,79.6,Incomplete,Completed,3,Compensation,1,1,183,23.245131,72.685274,synthetic_demo_district_center,Non-Green Zone,21.7,22.0,0.6,14.87,No,No,671.0,No,Not Required,No,No,197.0,19.3,2.81,3.64,17.91,11.63,Plain,Agricultural,51.7,11.2,7.9,5.3,Yes,Not Required,6,2,1,94.0,Obtained,High,Yes,Not Required,Institutional,,Verified,No,Under Verification,No,Pending,70.4,No,Disposed,0,0,Not Required,Approved,Pending,78.9,2335.8,4825.11,81.4,No,10.1,No,No,Yes,No,In Progress,1.25,4.86,3.38,Low,Low,Low,III,Sandy,Poor,35.6,Low,SYNTHETIC_SIH26017_ENHANCED,Synthetic prototype dataset; added features are simulated and must not be represented as official parcel records.
LA-1068,Karnataka,Mysuru,Power,40.4,16,Mostly Paid,21,1,Mostly Obtained,,18.3,50.3,Partially Complete,Partially Completed,6,Rehabilitation,1,1,179,26.089828,91.741722,synthetic_demo_district_center,Non-Green Zone,17.6,3.3,9.5,9.06,No,No,663.0,No,Not Required,No,No,1593.4,4.0,3.88,5.86,9.19,15.44,Plateau,Agricultural,67.7,3.8,2.6,5.7,Yes,Not Required,10,2,1,47.1,Obtained,Low,Yes,Not Required,Private,Confirmed,Under Review,No,Clear,No,Not Available,56.0,No,,5,4,Completed,Partially Approved,Issued,88.9,1611.56,2812.81,20.7,No,-6.4,No,Yes,Yes,No,Completed,1.57,4.53,6.5,Low,Low,Low,IV,Black,Moderate,34.7,Low,SYNTHETIC_SIH26017_ENHANCED,Synthetic prototype dataset; added features are simulated and must not be represented as official parcel records.
LA-1069,Uttar Pradesh,Meerut,Power,12.3,5,Partially Paid,53,0,Full,58.6,50.6,26.4,Complete,Partially Completed,5,Notification,0,0,17,26.769958,75.99335,synthetic_demo_district_center,Buffer Zone,11.4,12.4,15.8,7.43,No,No,235.0,No,Not Required,No,No,377.1,2.6,1.55,2.38,9.46,37.31,Plateau,Agricultural,60.8,2.2,3.0,2.7,Yes,Not Required,1,0,2,79.1,Partial,Medium,No,Not Required,Government,Possible,Issue Found,Yes,Clear,No,Updated,56.6,No,,6,1,Not Required,Approved,Issued,79.8,295.66,426.96,73.0,No,4.9,No,Yes,No,Yes,In Progress,2.19,6.19,3.0,Low,Low,Low,III,Laterite,Good,47.6,Medium,SYNTHETIC_SIH26017_ENHANCED,Synthetic prototype dataset; added features are simulated and must not be represented as official parcel records.
LA-1070,Maharashtra,Pune,Metro,7.4,9,Not Started,78,0,Mostly Obtained,88.0,65.1,68.1,Partially Complete,Completed,4,Planning,0,0,30,22.945253,72.653311,synthetic_demo_district_center,Non-Green Zone,28.4,5.7,15.7,5.45,No,No,542.0,No,Not Required,No,No,542.9,3.9,0.73,6.98,10.95,5.0,Plateau,Agricultural,62.3,10.3,1.1,5.1,Yes,Approved,22,10,5,38.9,Obtained,High,Yes,Planned,Private,,Issue Found,Yes,Clear,No,Pending,73.3,Yes,,0,0,Not Required,Pending,Issued,55.2,4114.82,5349.5,73.6,No,26.0,No,No,No,No,Not Required,1.16,5.79,2.41,Medium,Low,Low,III,Loamy,Moderate,54.4,Medium,SYNTHETIC_SIH26017_ENHANCED,Synthetic prototype dataset; added features are simulated and must not be represented as official parcel records.
LA-1071,West Bengal,Kolkata,Airport,19.2,11,Partially Paid,31,0,Not Started,40.2,22.3,58.0,Complete,Completed,4,Possession,0,0,18,20.413246,85.854164,synthetic_demo_district_center,Non-Green Zone,16.1,5.1,5.6,4.82,No,No,158.0,No,Not Required,No,No,1104.4,3.0,2.3,4.81,5.74,6.43,Plain,Agricultural,48.9,18.2,1.3,8.0,No,Not Required,7,1,3,88.9,Disputed,Low,Yes,In Progress,Joint,,Verified,No,Clear,No,Pending,84.5,No,Pending,2,2,Completed,Pending,Pending,81.3,2508.84,5431.41,6.3,No,-0.2,Yes,No,Yes,No,Not Required,1.92,1.73,1.62,Low,Low,Low,III,Black,Good,42.3,Medium,SYNTHETIC_SIH26017_ENHANCED,Synthetic prototype dataset; added features are simulated and must not be represented as official parcel records.
LA-1072,Uttar Pradesh,Mathura,Power,20.9,7,Partially Paid,29,1,Mostly Obtained,45.7,56.9,58.3,Partially Complete,Completed,4,Compensation,1,0,24,30.216981,78.218094,synthetic_demo_district_center,Buffer Zone,20.3,9.6,9.5,7.37,No,No,1221.0,No,Approved,No,No,271.6,4.2,2.08,9.74,6.4,3.1,Plain,Industrial,68.8,17.0,3.7,0.4,No,Not Required,13,6,3,82.6,Pending,Medium,Yes,Planned,Private,,Verified,No,Clear,No,Updated,89.3,No,Disposed,2,0,Pending,Partially Approved,Issued,92.8,3280.97,6557.16,3.2,No,5.4,No,No,No,No,Pending,3.14,4.96,5.25,Low,Low,Medium,III,Black,Moderate,34.1,Low,SYNTHETIC_SIH26017_ENHANCED,Synthetic prototype dataset; added features are simulated and must not be represented as official parcel records.
LA-1073,Maharashtra,Pune,Power,35.6,15,Fully Paid,36,1,Not Started,73.0,59.2,43.7,Complete,Pending,3,Closure,0,1,140,23.149961,72.542372,synthetic_demo_district_center,Non-Green Zone,12.4,1.6,18.3,8.47,No,Yes,926.0,No,Not Required,No,No,861.1,4.3,0.17,3.52,1.38,10.26,Plain,Agricultural,90.3,19.6,3.1,1.8,No,Not Required,3,1,0,43.7,Obtained,Medium,Yes,Not Required,Private,,Verified,No,Clear,No,Updated,61.1,No,,4,4,Completed,Approved,Issued,99.0,1077.23,1143.15,30.4,No,3.8,No,No,No,No,In Progress,0.78,2.25,3.51,Low,Low,Low,V,Black,Moderate,37.9,Low,SYNTHETIC_SIH26017_ENHANCED,Synthetic prototype dataset; added features are simulated and must not be represented as official parcel records.
LA-1074,Gujarat,Ahmedabad,Irrigation,16.4,6,Partially Paid,41,2,Mostly Obtained,32.2,78.9,61.1,Complete,Completed,4,Planning,2,1,153,30.879793,75.785943,synthetic_demo_district_center,Green Zone,25.4,3.0,12.1,2.84,No,No,309.0,Yes,Pending,Yes,Yes,980.3,3.6,1.03,2.6,6.81,14.4,Plain,Agricultural,37.4,10.7,10.8,1.5,Yes,Approved,4,3,0,57.8,Obtained,Low,Yes,Not Required,Private,Possible,Verified,No,Under Verification,No,Updated,67.2,No,,4,3,Not Required,Pending,Issued,74.2,2724.34,3291.27,35.1,Yes,-10.5,No,No,No,Yes,Completed,1.04,2.62,4.01,Low,Medium,Low,III,Loamy,Moderate,54.1,Medium,SYNTHETIC_SIH26017_ENHANCED,Synthetic prototype dataset; added features are simulated and must not be represented as official parcel records.
LA-1075,Gujarat,Ahmedabad,Railway,36.0,13,Mostly Paid,59,0,Partial,17.4,11.8,84.0,Complete,Completed,5,Planning,1,0,10,26.865917,81.069766,synthetic_demo_district_center,Non-Green Zone,9.9,18.0,21.8,2.08,No,No,910.0,No,Pending,No,No,195.6,8.7,1.08,9.99,12.76,14.39,Plain,Agricultural,77.7,3.4,5.2,1.7,Yes,Approved,14,7,0,41.1,Obtained,Medium,Yes,Completed,Private,,Under Review,No,Clear,No,Pending,59.5,No,,1,1,Pending,Approved,Issued,64.4,1049.24,1510.92,80.9,No,33.5,No,No,Yes,Yes,Not Required,1.74,3.48,5.32,Medium,Medium,Low,II,Black,Poor,46.2,Medium,SYNTHETIC_SIH26017_ENHANCED,Synthetic prototype dataset; added features are simulated and must not be represented as official parcel records.
LA-1076,Odisha,Cuttack,Irrigation,104.7,53,Fully Paid,26,1,Not Started,24.5,41.4,50.4,Complete,Completed,1,Planning,2,0,11,12.84997,77.336238,synthetic_demo_district_center,Non-Green Zone,18.5,9.1,14.3,4.14,No,No,373.0,No,Not Required,No,No,1069.1,2.9,1.12,6.18,2.87,1.19,Plain,Industrial,63.4,11.4,0.7,1.9,No,Not Required,3,1,0,32.8,Obtained,High,Yes,Planned,Private,Possible,Under Review,No,Clear,No,Pending,79.1,No,Pending,4,1,Completed,Pending,Pending,88.3,293.0,543.33,61.0,Yes,13.9,No,Yes,No,Yes,Pending,1.22,2.68,6.62,Medium,Low,Medium,IV,Alluvial,Good,47.2,Medium,SYNTHETIC_SIH26017_ENHANCED,Synthetic prototype dataset; added features are simulated and must not be represented as official parcel records.
LA-1077,Uttar Pradesh,Kanpur Nagar,Highway,45.2,30,Fully Paid,30,0,Full,49.6,68.6,67.4,Partially Complete,Completed,1,Notification,1,0,23,12.821472,77.48205,synthetic_demo_district_center,Non-Green Zone,36.4,15.4,15.7,4.31,No,No,863.0,No,Not Required,No,No,638.6,2.4,2.09,2.04,4.04,11.4,Plain,Agricultural,71.4,18.2,5.9,4.2,No,Approved,7,7,3,67.0,Pending,Low,Yes,Not Required,Private,,Verified,No,Clear,No,Not Available,60.1,No,,6,3,Not Required,Partially Approved,Issued,70.7,911.73,1752.81,27.1,No,1.8,Yes,Yes,No,No,Pending,0.48,2.27,7.49,Low,Low,Low,II,Black,Good,47.5,Medium,SYNTHETIC_SIH26017_ENHANCED,Synthetic prototype dataset; added features are simulated and must not be represented as official parcel records.
LA-1078,Karnataka,Mangaluru,Railway,23.7,11,Fully Paid,19,0,Mostly Obtained,54.0,62.3,77.3,Partially Complete,Completed,2,Possession,1,0,5,23.319877,72.616382,synthetic_demo_district_center,Non-Green Zone,41.3,9.2,8.4,2.66,No,No,78.0,No,Not Required,No,No,816.4,2.0,1.35,4.26,9.18,21.57,Coastal,Agricultural,78.1,11.1,0.9,10.7,Yes,Not Required,12,3,5,77.4,Partial,High,Yes,Planned,Private,,Verified,No,Clear,No,Not Available,66.5,No,,3,3,Completed,Partially Approved,Issued,73.4,417.37,643.73,59.9,No,26.1,No,No,Yes,No,In Progress,0.44,4.05,0.29,Medium,Low,Low,II,Loamy,Poor,34.9,Low,SYNTHETIC_SIH26017_ENHANCED,Synthetic prototype dataset; added features are simulated and must not be represented as official parcel records.
LA-1079,Uttar Pradesh,Mathura,Railway,21.4,9,Fully Paid,19,3,Partial,78.9,82.8,43.5,Partially Complete,Pending,5,Possession,0,1,99,28.242593,77.017073,synthetic_demo_district_center,Non-Green Zone,29.3,6.3,15.4,2.71,Yes,No,751.0,Yes,Not Required,No,No,15.2,2.1,5.74,2.91,4.64,0.78,Hilly,Residential,70.2,3.8,3.5,3.5,Yes,Pending,2,1,0,46.2,Disputed,Medium,Yes,Not Required,Private,,Verified,No,Clear,No,Updated,96.7,No,,4,1,Completed,Partially Approved,Issued,64.2,1065.8,1315.52,47.7,No,21.2,No,Yes,Yes,Yes,Not Required,0.84,1.21,1.42,Low,Medium,High,III,Black,Poor,44.9,Medium,SYNTHETIC_SIH26017_ENHANCED,Synthetic prototype dataset; added features are simulated and must not be represented as official parcel records.
LA-1080,Karnataka,Mysuru,Airport,18.8,12,Mostly Paid,14,3,Not Started,44.3,65.0,65.0,Complete,Partially Completed,5,Compensation,2,0,23,18.787459,72.834341,synthetic_demo_district_center,Non-Green Zone,24.0,2.0,20.3,6.13,Yes,No,477.0,Yes,Approved,No,No,904.7,8.0,2.96,14.04,5.9,12.36,Hilly,Agricultural,53.4,8.7,4.5,2.7,No,Not Required,7,0,1,46.3,Disputed,Medium,No,Not Required,Joint,,Verified,No,Clear,No,Updated,61.3,Yes,Pending,3,3,Completed,Pending,Issued,73.8,1161.18,1693.26,33.6,No,-6.3,No,No,Yes,No,Not Required,1.36,3.11,0.85,Medium,Low,Medium,II,Black,Moderate,44.0,Medium,SYNTHETIC_SIH26017_ENHANCED,Synthetic prototype dataset; added features are simulated and must not be represented as official parcel records.
LA-1081,Madhya Pradesh,Indore,Irrigation,59.5,26,Mostly Paid,20,0,Mostly Obtained,73.7,93.2,35.4,Incomplete,Completed,4,Planning,0,0,14,9.898715,76.335812,synthetic_demo_district_center,Non-Green Zone,32.6,2.0,24.5,1.29,No,No,821.0,No,Approved,No,No,1122.7,3.3,4.71,5.58,5.31,14.47,Plain,Residential,54.1,10.4,0.5,2.5,No,Pending,10,3,2,41.1,Partial,Medium,Yes,Not Required,Private,,Verified,No,Clear,No,Updated,73.6,Yes,,3,2,Pending,Partially Approved,Issued,69.9,2365.19,3471.55,43.2,No,-8.9,No,Yes,Yes,No,Pending,0.82,0.16,3.44,Medium,Low,Medium,II,Loamy,Good,37.5,Low,SYNTHETIC_SIH26017_ENHANCED,Synthetic prototype dataset; added features are simulated and must not be represented as official parcel records.
LA-1082,Odisha,Cuttack,Power,15.3,7,Not Started,12,1,Full,38.6,46.1,96.0,Complete,Pending,2,Notification,0,0,12,12.879475,77.615769,synthetic_demo_district_center,Green Zone,14.7,10.2,21.6,1.37,No,No,109.0,Yes,Not Required,No,No,1435.9,2.3,2.48,0.73,14.63,5.53,Plain,Residential,62.9,9.0,1.7,1.6,No,Pending,2,0,1,34.9,Obtained,Medium,No,Not Required,Private,,Under Review,No,Clear,No,Updated,82.1,No,,2,2,Completed,Pending,Pending,72.6,1336.39,2878.49,23.8,No,-2.1,No,Yes,Yes,Yes,In Progress,3.14,2.8,2.16,Low,High,Low,IV,Loamy,Good,21.3,Low,SYNTHETIC_SIH26017_ENHANCED,Synthetic prototype dataset; added features are simulated and must not be represented as official parcel records.
LA-1083,Madhya Pradesh,Jabalpur,Power,25.4,11,Mostly Paid,54,0,Mostly Obtained,14.9,64.5,80.8,Complete,Pending,6,Notification,0,0,14,31.151246,77.200292,synthetic_demo_district_center,Non-Green Zone,35.1,3.3,10.5,5.49,No,No,852.0,No,Not Required,No,No,1339.9,13.2,2.15,2.13,9.7,8.9,Plain,Agricultural,79.1,21.6,9.0,3.2,No,Approved,3,1,0,55.6,Obtained,Medium,Yes,Not Required,Private,,Verified,No,Clear,No,Updated,58.8,No,,3,3,Not Required,Approved,Issued,75.1,262.18,294.12,53.9,No,15.6,No,Yes,No,Yes,Not Required,1.77,8.16,2.01,Low,Medium,Low,III,Red,Good,41.2,Medium,SYNTHETIC_SIH26017_ENHANCED,Synthetic prototype dataset; added features are simulated and must not be represented as official parcel records.
LA-1084,Uttar Pradesh,Meerut,Industrial,25.5,12,Fully Paid,47,0,Full,70.8,97.0,31.0,Complete,Completed,6,Rehabilitation,0,1,149,17.305166,78.423712,synthetic_demo_district_center,Green Zone,35.2,6.2,19.8,4.02,No,No,912.0,Yes,Pending,No,No,916.5,7.9,2.71,2.12,23.31,21.08,Plain,Government,49.6,2.2,1.4,2.3,No,Not Required,12,4,2,62.8,Obtained,Low,Yes,Planned,Joint,,Verified,No,Clear,No,Updated,69.9,No,,6,2,Not Required,Pending,Pending,90.0,696.07,1254.0,16.3,No,24.3,No,Yes,Yes,No,Pending,1.33,8.13,7.17,High,Medium,Low,IV,Black,Poor,45.5,Medium,SYNTHETIC_SIH26017_ENHANCED,Synthetic prototype dataset; added features are simulated and must not be represented as official parcel records.
LA-1085,Odisha,Ganjam,Airport,16.8,4,Mostly Paid,27,2,Not Started,26.2,44.3,91.7,Complete,Completed,5,Rehabilitation,0,0,1,30.165824,78.11052,synthetic_demo_district_center,Non-Green Zone,5.2,4.2,18.4,10.38,No,No,88.0,No,Not Required,Yes,Yes,1037.2,6.1,1.68,6.72,5.68,6.58,Plain,Agricultural,15.5,11.0,3.9,2.0,No,Not Required,8,5,0,90.8,Disputed,Medium,Yes,Planned,Private,,Under Review,No,Clear,No,Pending,62.7,No,,0,0,Pending,Approved,Issued,73.3,1648.45,1725.39,31.9,No,2.3,No,Yes,Yes,Yes,Completed,2.55,3.35,1.33,Low,Medium,Low,III,Loamy,Moderate,63.0,Medium,SYNTHETIC_SIH26017_ENHANCED,Synthetic prototype dataset; added features are simulated and must not be represented as official parcel records.
LA-1086,Madhya Pradesh,Gwalior,Metro,8.8,8,Mostly Paid,35,2,Mostly Obtained,60.2,67.4,74.7,Complete,Completed,5,Rehabilitation,0,1,160,16.372371,80.720126,synthetic_demo_district_center,Non-Green Zone,4.8,3.3,13.5,8.32,No,No,171.0,No,Not Required,Yes,Yes,714.7,3.1,1.52,5.76,4.06,8.65,Plain,Agricultural,80.2,7.1,4.6,5.8,No,Not Required,7,3,1,25.1,Partial,Medium,Yes,In Progress,Private,,Under Review,No,Clear,No,Updated,88.3,No,,5,3,Not Required,Approved,Issued,93.4,677.92,798.86,89.8,No,23.7,No,Yes,Yes,No,Not Required,2.18,4.18,6.33,Medium,Low,Low,III,Sandy,Moderate,61.1,Medium,SYNTHETIC_SIH26017_ENHANCED,Synthetic prototype dataset; added features are simulated and must not be represented as official parcel records.
LA-1087,Rajasthan,Jodhpur,Railway,31.3,15,Fully Paid,14,0,Full,35.1,69.5,90.8,Complete,Completed,5,Closure,0,1,112,18.936548,72.759878,synthetic_demo_district_center,Non-Green Zone,13.5,1.9,27.2,5.22,No,No,391.0,No,Approved,No,No,464.5,4.1,0.6,9.93,5.07,2.17,Coastal,Agricultural,70.5,14.9,1.2,1.6,Yes,Approved,17,4,5,28.5,Partial,Medium,Yes,In Progress,Private,,Under Review,No,Under Verification,No,Not Available,73.2,No,,1,1,Pending,Partially Approved,Issued,67.8,2862.91,2991.01,78.4,No,-5.6,No,Yes,Yes,Yes,In Progress,2.33,0.78,2.51,Low,Medium,Low,III,Red,Good,33.3,Low,SYNTHETIC_SIH26017_ENHANCED,Synthetic prototype dataset; added features are simulated and must not be represented as official parcel records.
LA-1088,Uttar Pradesh,Lucknow,Highway,23.4,12,Partially Paid,29,0,Partial,60.8,75.4,46.9,Incomplete,Partially Completed,3,Closure,3,1,174,26.795585,80.909592,synthetic_demo_district_center,Non-Green Zone,30.7,3.0,1.8,4.65,No,Yes,187.0,No,Not Required,No,No,1329.0,3.9,2.65,3.47,16.04,23.85,Plain,Wasteland,51.8,14.6,0.2,4.6,Yes,Pending,11,4,1,60.0,Pending,Low,Yes,Not Required,Private,Confirmed,Verified,No,Under Verification,No,Updated,73.8,No,Disposed,1,1,Pending,Approved,Issued,82.3,1634.0,1740.38,23.2,No,8.2,Yes,Yes,Yes,No,In Progress,0.87,8.33,2.61,Low,Medium,Low,II,Alluvial,Good,29.6,Low,SYNTHETIC_SIH26017_ENHANCED,Synthetic prototype dataset; added features are simulated and must not be represented as official parcel records.
LA-1089,Madhya Pradesh,Bhopal,Irrigation,35.7,10,Fully Paid,65,0,Not Started,37.7,88.7,75.9,Incomplete,Partially Completed,5,Compensation,0,1,187,16.604647,80.649509,synthetic_demo_district_center,Non-Green Zone,18.1,8.4,17.3,1.33,No,No,207.0,No,Pending,Yes,Yes,10.2,3.8,0.88,8.96,25.65,16.56,Plain,Agricultural,76.2,9.2,3.7,0.9,Yes,Not Required,2,1,2,25.9,Obtained,Low,Yes,Planned,Private,,Verified,No,Clear,No,Not Available,78.7,No,,3,0,Pending,Partially Approved,Issued,96.5,659.79,947.54,56.8,No,-7.5,No,Yes,No,Yes,In Progress,1.99,1.69,2.14,Low,Low,Medium,IV,Laterite,Poor,33.2,Low,SYNTHETIC_SIH26017_ENHANCED,Synthetic prototype dataset; added features are simulated and must not be represented as official parcel records.
LA-1090,Rajasthan,Jaipur,Power,16.4,10,Mostly Paid,63,1,Mostly Obtained,46.3,67.4,75.9,Complete,Completed,6,Compensation,1,0,23,20.326328,85.939687,synthetic_demo_district_center,Non-Green Zone,48.9,6.6,14.7,4.63,Yes,No,99.0,Yes,Approved,No,No,1743.8,4.4,1.0,3.54,4.92,1.63,Plain,Residential,72.1,6.5,2.2,3.2,Yes,Pending,15,7,3,52.2,Partial,Medium,Yes,Not Required,Joint,,Verified,No,Clear,No,Updated,68.7,No,,4,0,Pending,Approved,Issued,89.6,540.21,1117.07,99.5,No,28.3,No,Yes,Yes,No,Not Required,0.37,2.58,1.87,High,Low,Low,IV,Loamy,Good,36.1,Low,SYNTHETIC_SIH26017_ENHANCED,Synthetic prototype dataset; added features are simulated and must not be represented as official parcel records.
LA-1091,Rajasthan,Ajmer,Railway,61.3,17,Partially Paid,83,0,Mostly Obtained,66.0,70.2,71.8,Complete,Partially Completed,3,Closure,1,0,27,23.298916,77.260917,synthetic_demo_district_center,Non-Green Zone,13.6,10.7,14.2,7.13,No,No,435.0,No,Not Required,No,No,1430.9,1.7,2.08,2.17,9.34,17.65,Coastal,Industrial,55.4,4.6,1.6,7.4,Yes,Not Required,5,3,0,20.1,Obtained,Medium,Yes,Not Required,Private,Possible,Verified,No,Clear,No,Updated,99.8,No,,6,0,Not Required,Approved,Issued,63.2,1297.58,1974.15,59.6,Yes,-3.2,Yes,Yes,Yes,Yes,Not Required,1.14,7.48,5.83,Medium,Low,Medium,IV,Alluvial,Good,41.7,Medium,SYNTHETIC_SIH26017_ENHANCED,Synthetic prototype dataset; added features are simulated and must not be represented as official parcel records.
LA-1092,Gujarat,Bhavnagar,Highway,12.7,5,Fully Paid,54,1,Mostly Obtained,91.5,60.0,35.6,Complete,Partially Completed,6,Possession,1,1,104,22.818363,72.396749,synthetic_demo_district_center,Non-Green Zone,13.9,16.4,19.6,3.49,No,No,285.0,No,Not Required,No,No,694.3,3.6,2.63,1.66,1.43,10.35,Plain,Residential,74.5,11.5,2.2,3.4,No,Not Required,14,6,5,54.6,Obtained,Low,Yes,Not Required,Private,,Under Review,No,Under Verification,No,Updated,59.5,No,,3,0,Not Required,Approved,Pending,69.8,1904.65,3435.07,83.6,No,23.3,Yes,No,Yes,No,Not Required,7.78,2.88,5.51,Low,Low,Low,II,Alluvial,Moderate,43.8,Medium,SYNTHETIC_SIH26017_ENHANCED,Synthetic prototype dataset; added features are simulated and must not be represented as official parcel records.
LA-1093,Uttar Pradesh,Lucknow,Irrigation,88.6,36,Mostly Paid,37,0,Mostly Obtained,51.6,65.8,29.6,Complete,Partially Completed,5,Notification,2,0,11,17.167681,78.340957,synthetic_demo_district_center,Non-Green Zone,1.1,10.9,7.6,0.77,No,No,1038.0,No,Approved,Yes,Yes,1765.2,5.8,3.84,11.29,3.86,6.07,Plain,Agricultural,72.2,16.3,0.8,0.6,No,Not Required,2,3,0,39.6,Partial,Low,Yes,Not Required,Private,,Verified,No,Clear,No,Updated,86.4,No,,0,0,Pending,Approved,Issued,72.2,459.73,626.67,31.3,Yes,-6.8,No,No,Yes,No,Pending,0.14,0.58,3.55,Medium,Low,Low,III,Laterite,Good,45.3,Medium,SYNTHETIC_SIH26017_ENHANCED,Synthetic prototype dataset; added features are simulated and must not be represented as official parcel records.
LA-1094,Rajasthan,Udaipur,Highway,6.6,2,Fully Paid,52,1,Mostly Obtained,41.1,83.0,62.8,Complete,Completed,6,Possession,2,0,27,25.394566,85.037747,synthetic_demo_district_center,Green Zone,12.2,17.9,13.3,6.54,No,No,414.0,Yes,Not Required,No,No,757.5,4.3,0.72,4.08,8.68,9.53,Plateau,Government,87.1,5.1,3.9,1.2,No,Pending,7,0,1,59.8,Partial,Low,No,In Progress,Government,Confirmed,Verified,No,Under Verification,No,Updated,78.0,No,Disposed,0,0,Completed,Pending,Issued,63.0,2890.68,3081.18,24.8,Yes,21.7,Yes,Yes,No,No,Completed,1.68,4.22,4.58,Low,Medium,High,II,Laterite,Good,38.5,Low,SYNTHETIC_SIH26017_ENHANCED,Synthetic prototype dataset; added features are simulated and must not be represented as official parcel records.
LA-1095,Gujarat,Rajkot,Power,34.0,24,Mostly Paid,10,0,Mostly Obtained,55.6,88.4,68.8,Complete,Pending,1,Closure,3,1,141,23.568982,77.421649,synthetic_demo_district_center,Buffer Zone,14.7,7.7,10.9,8.53,No,No,1038.0,No,Pending,No,No,136.0,2.4,1.39,2.58,3.14,6.94,Plain,Wasteland,78.0,5.9,7.6,3.0,Yes,Pending,2,0,0,99.6,Obtained,Medium,No,Not Required,Private,,Under Review,No,Clear,No,Updated,76.9,No,,3,3,Not Required,Approved,Issued,69.3,943.74,1214.14,97.9,No,-6.3,Yes,Yes,Yes,No,In Progress,0.49,1.6,2.45,Low,Low,Medium,V,Loamy,Good,43.5,Medium,SYNTHETIC_SIH26017_ENHANCED,Synthetic prototype dataset; added features are simulated and must not be represented as official parcel records.
LA-1096,Madhya Pradesh,Bhopal,Airport,35.0,12,Partially Paid,50,1,Partial,22.3,61.1,82.9,Partially Complete,Pending,3,Rehabilitation,1,1,170,13.068813,80.132998,synthetic_demo_district_center,Buffer Zone,35.7,1.3,19.8,3.93,No,No,363.0,No,Not Required,Yes,Yes,635.1,2.5,6.12,3.02,6.61,0.75,Plateau,Industrial,81.2,6.1,2.2,5.5,No,Approved,2,0,0,69.6,Obtained,Low,No,Completed,Private,,Under Review,No,Clear,No,Not Available,92.9,No,,6,4,Completed,Partially Approved,Pending,86.8,340.76,486.48,29.3,No,31.8,No,No,Yes,Yes,In Progress,5.43,1.38,2.64,Medium,High,High,IV,Sandy,Good,35.2,Low,SYNTHETIC_SIH26017_ENHANCED,Synthetic prototype dataset; added features are simulated and must not be represented as official parcel records.
LA-1097,Maharashtra,Thane,Metro,13.5,7,Fully Paid,56,1,Partial,50.3,88.8,72.4,Partially Complete,,3,Notification,2,0,9,10.054484,76.408896,synthetic_demo_district_center,Non-Green Zone,9.5,17.6,9.7,4.63,No,No,189.0,No,Approved,No,No,1417.4,2.6,0.78,4.76,9.38,9.01,Plain,Industrial,63.2,6.9,7.4,2.8,Yes,Pending,4,0,0,62.3,Partial,Medium,No,In Progress,Private,,Verified,No,Clear,No,Updated,84.3,No,,1,1,Pending,Pending,Pending,89.0,1256.79,1902.97,95.3,No,3.9,No,No,No,No,In Progress,3.39,1.19,2.48,Low,Low,Low,III,Alluvial,Poor,42.5,Medium,SYNTHETIC_SIH26017_ENHANCED,Synthetic prototype dataset; added features are simulated and must not be represented as official parcel records.
LA-1098,Uttar Pradesh,Meerut,Highway,33.7,15,Mostly Paid,28,0,Mostly Obtained,46.7,53.6,56.3,Complete,Completed,4,Closure,1,0,7,16.367029,80.695031,synthetic_demo_district_center,Non-Green Zone,10.7,9.8,28.0,0.93,Yes,No,1200.0,Yes,Not Required,No,No,1100.7,0.4,1.73,14.75,4.61,6.1,Plain,Agricultural,67.6,14.9,0.5,2.8,Yes,Not Required,3,0,0,92.0,Partial,High,No,Not Required,Private,,Verified,No,Clear,No,Updated,66.6,No,Disposed,5,2,Completed,Pending,Issued,96.2,149.27,232.57,16.6,Yes,18.1,No,Yes,Yes,Yes,Completed,0.83,1.52,2.22,Low,Low,Low,III,Black,Poor,52.8,Medium,SYNTHETIC_SIH26017_ENHANCED,Synthetic prototype dataset; added features are simulated and must not be represented as official parcel records.
LA-1099,Odisha,Khordha,Power,64.0,27,Partially Paid,31,2,Full,52.2,57.2,63.2,Partially Complete,Pending,5,Closure,1,0,12,23.402096,85.369578,synthetic_demo_district_center,Green Zone,4.6,11.4,11.5,4.55,No,No,349.0,Yes,Approved,Yes,Yes,936.6,2.3,3.75,8.2,8.42,4.8,Plain,Commercial,76.3,7.3,0.3,2.1,No,Not Required,9,3,0,92.4,Partial,Medium,Yes,Not Required,Private,Possible,Issue Found,Yes,Clear,No,Not Available,87.6,Yes,,5,2,Completed,Approved,Issued,92.5,2928.84,4242.12,14.2,Yes,14.4,Yes,Yes,Yes,No,Not Required,1.2,4.32,2.85,Low,Low,Medium,III,Alluvial,Moderate,53.3,Medium,SYNTHETIC_SIH26017_ENHANCED,Synthetic prototype dataset; added features are simulated and must not be represented as official parcel records.
LA-1100,Karnataka,Belagavi,Irrigation,5.0,2,Not Started,24,0,Not Started,47.0,85.1,29.1,Partially Complete,Completed,2,Notification,2,0,3,30.125302,78.036801,synthetic_demo_district_center,Green Zone,21.6,8.4,5.6,2.57,No,No,1039.0,Yes,Pending,Yes,Yes,753.5,4.9,0.94,7.37,8.24,10.87,Plateau,Agricultural,80.2,6.7,10.7,2.8,No,Pending,6,1,0,72.0,Pending,High,Yes,Planned,Private,,Under Review,No,Clear,No,Updated,72.8,Yes,,5,3,Completed,Partially Approved,Pending,90.5,429.87,902.39,23.6,No,10.1,No,Yes,No,No,Pending,4.31,4.7,4.18,Low,Low,Low,IV,Loamy,Moderate,63.7,Medium,SYNTHETIC_SIH26017_ENHANCED,Synthetic prototype dataset; added features are simulated and must not be represented as official parcel records.
LA-1101,Karnataka,Bengaluru Urban,Industrial,35.8,21,Fully Paid,27,1,Mostly Obtained,54.9,66.8,70.8,Complete,Partially Completed,2,Closure,2,1,90,26.077233,91.646038,synthetic_demo_district_center,Non-Green Zone,27.4,8.0,15.5,16.2,No,No,755.0,No,Not Required,Yes,Yes,195.8,5.0,1.76,13.91,15.03,24.6,Plain,Agricultural,66.1,7.0,0.3,1.3,No,Approved,15,1,0,49.6,Partial,Medium,Yes,Not Required,Private,,Under Review,No,Under Verification,No,Updated,78.9,No,,4,0,Not Required,Pending,Issued,71.5,1898.54,3590.37,28.4,No,3.8,No,Yes,Yes,Yes,Not Required,4.39,1.73,3.2,Medium,Low,Medium,IV,Laterite,Good,45.4,Medium,SYNTHETIC_SIH26017_ENHANCED,Synthetic prototype dataset; added features are simulated and must not be represented as official parcel records.
LA-1102,Madhya Pradesh,Ujjain,Airport,5.0,1,Not Started,33,2,Partial,46.1,38.3,28.3,Complete,Pending,2,Closure,1,0,6,13.165277,77.615436,synthetic_demo_district_center,Non-Green Zone,7.2,2.5,27.9,0.95,No,No,442.0,No,Not Required,No,No,163.3,1.1,1.78,2.12,8.63,7.62,Plain,Industrial,58.4,11.7,5.7,1.2,No,Approved,2,0,0,65.1,Partial,Low,No,Not Required,Private,,Under Review,No,Clear,No,Pending,68.3,No,,1,1,Completed,Approved,Pending,72.4,630.76,963.33,99.8,No,-3.6,No,No,Yes,No,Not Required,0.93,1.23,1.37,Medium,Low,Low,III,Sandy,Moderate,41.9,Medium,SYNTHETIC_SIH26017_ENHANCED,Synthetic prototype dataset; added features are simulated and must not be represented as official parcel records.
LA-1103,Tamil Nadu,Madurai,Highway,11.9,10,Fully Paid,36,0,Partial,80.0,81.0,71.2,Incomplete,Completed,2,Planning,1,0,24,12.752853,77.430724,synthetic_demo_district_center,Non-Green Zone,11.4,9.6,10.4,0.42,No,No,379.0,No,Not Required,No,No,571.6,5.9,0.88,12.82,2.33,6.95,Plain,Agricultural,55.9,4.2,1.9,0.3,No,Not Required,3,3,0,52.3,Obtained,Low,Yes,Planned,Private,,Verified,No,Clear,No,Updated,69.5,No,Pending,5,5,Not Required,Pending,Pending,77.6,790.22,1320.62,16.0,No,0.4,No,Yes,Yes,No,Not Required,2.87,3.01,2.17,Low,Low,Medium,IV,Red,Moderate,39.5,Low,SYNTHETIC_SIH26017_ENHANCED,Synthetic prototype dataset; added features are simulated and must not be represented as official parcel records.
LA-1104,Tamil Nadu,Madurai,Metro,83.3,43,Partially Paid,14,2,Partial,58.8,76.9,87.7,Partially Complete,Completed,1,Possession,1,0,0,23.140466,77.468473,synthetic_demo_district_center,Non-Green Zone,45.3,8.5,15.4,4.3,Yes,No,814.0,Yes,Pending,Yes,Yes,1427.8,6.1,7.47,15.25,2.35,19.17,Plain,Commercial,74.2,6.0,3.3,10.8,No,Not Required,9,4,4,49.2,Obtained,Medium,Yes,In Progress,Government,,Verified,No,Under Verification,No,Updated,96.9,No,,6,4,Completed,Partially Approved,Issued,83.1,3522.01,6509.45,50.3,No,34.3,No,Yes,No,No,Pending,3.24,3.5,2.28,Low,Medium,Low,V,Alluvial,Good,43.1,Medium,SYNTHETIC_SIH26017_ENHANCED,Synthetic prototype dataset; added features are simulated and must not be represented as official parcel records.
LA-1105,Madhya Pradesh,Bhopal,Power,15.9,7,Mostly Paid,16,1,Mostly Obtained,56.1,26.5,60.4,Complete,Pending,2,Compensation,1,0,11,23.169513,77.397441,synthetic_demo_district_center,Non-Green Zone,27.8,5.7,14.5,2.97,No,No,674.0,No,Not Required,Yes,Yes,945.7,2.7,3.75,1.78,15.77,6.46,Hilly,Agricultural,39.6,13.8,8.1,0.0,Yes,Approved,13,10,1,70.4,Obtained,High,Yes,In Progress,Private,,Verified,No,Clear,No,Not Available,77.4,No,,6,2,Not Required,Pending,Issued,55.7,4065.98,8617.37,36.3,No,-1.3,Yes,Yes,No,Yes,In Progress,2.04,2.16,3.16,High,Low,Low,II,Loamy,Good,33.9,Low,SYNTHETIC_SIH26017_ENHANCED,Synthetic prototype dataset; added features are simulated and must not be represented as official parcel records.
LA-1106,Rajasthan,Udaipur,Irrigation,10.2,4,Fully Paid,47,1,Not Started,71.3,55.8,32.8,Partially Complete,Completed,6,Possession,0,0,9,12.973983,77.679213,synthetic_demo_district_center,Non-Green Zone,35.7,0.6,15.2,7.23,No,No,345.0,No,Pending,No,No,1390.4,4.1,0.32,3.52,7.04,8.93,Coastal,Agricultural,66.1,5.2,7.8,4.6,No,Not Required,1,0,1,28.2,Obtained,Low,No,In Progress,Joint,Confirmed,Under Review,No,Clear,No,Updated,82.8,No,Pending,3,0,Pending,Approved,Pending,98.1,612.86,1154.65,24.7,No,21.5,Yes,Yes,Yes,No,Completed,4.2,3.35,10.91,Low,Low,Low,IV,Loamy,Poor,39.7,Low,SYNTHETIC_SIH26017_ENHANCED,Synthetic prototype dataset; added features are simulated and must not be represented as official parcel records.
LA-1107,Uttar Pradesh,Kanpur Nagar,Highway,21.1,7,Partially Paid,39,0,Full,57.3,62.3,67.9,Complete,Completed,4,Closure,1,0,14,17.401576,78.53389,synthetic_demo_district_center,Green Zone,13.2,4.1,15.3,1.3,Yes,No,365.0,Yes,Approved,No,No,1063.5,7.0,1.99,3.06,2.55,8.19,Plain,Residential,87.7,12.2,6.0,1.3,No,Not Required,6,2,1,27.7,Pending,Medium,Yes,In Progress,Private,,Under Review,No,Clear,No,Updated,62.3,Yes,,2,2,Completed,Partially Approved,Pending,85.5,200.67,316.07,83.1,No,19.6,No,Yes,No,No,Not Required,0.51,2.68,3.96,Low,Low,Low,V,Laterite,Good,37.9,Low,SYNTHETIC_SIH26017_ENHANCED,Synthetic prototype dataset; added features are simulated and must not be represented as official parcel records.
LA-1108,Karnataka,Mangaluru,Irrigation,115.7,52,Mostly Paid,15,1,Full,78.9,72.4,60.9,Partially Complete,Pending,2,Compensation,0,0,21,17.602766,78.596486,synthetic_demo_district_center,Buffer Zone,8.5,5.2,27.8,8.76,Yes,No,230.0,Yes,Not Required,Yes,Yes,1569.8,2.4,3.31,6.58,3.52,9.23,Hilly,Residential,88.9,17.9,8.3,0.0,No,Not Required,11,4,1,46.9,Disputed,Medium,Yes,Completed,Private,,Verified,No,Clear,No,Pending,60.9,No,Pending,6,6,Not Required,Approved,Issued,57.0,2678.65,4375.73,94.0,No,23.0,No,No,Yes,No,Pending,1.56,0.84,7.29,Low,High,Low,IV,Red,Good,63.8,Medium,SYNTHETIC_SIH26017_ENHANCED,Synthetic prototype dataset; added features are simulated and must not be represented as official parcel records.
LA-1109,Karnataka,Mysuru,Industrial,6.2,4,Fully Paid,27,3,Full,32.7,16.7,32.9,Complete,Partially Completed,4,Compensation,1,1,158,13.007956,80.194635,synthetic_demo_district_center,Non-Green Zone,10.9,5.3,21.1,9.3,No,Yes,399.0,No,Approved,No,No,1134.3,0.2,5.45,10.01,2.49,7.25,Plain,Agricultural,55.5,9.6,4.3,2.3,No,Approved,16,5,3,74.0,Partial,High,Yes,Not Required,Government,,Verified,No,Clear,No,Updated,87.0,Yes,,2,1,Not Required,Partially Approved,Issued,85.9,558.53,831.54,40.0,No,19.0,No,Yes,Yes,No,Completed,0.26,4.2,0.58,High,Low,Low,III,Red,Poor,61.4,Medium,SYNTHETIC_SIH26017_ENHANCED,Synthetic prototype dataset; added features are simulated and must not be represented as official parcel records.
LA-1110,Rajasthan,Ajmer,Railway,11.2,7,Fully Paid,91,0,Partial,31.9,84.5,65.3,Complete,Completed,3,Closure,2,1,100,30.832913,75.688056,synthetic_demo_district_center,Buffer Zone,18.1,2.3,33.9,0.56,No,No,90.0,No,Pending,No,No,451.9,4.5,6.52,5.59,9.58,5.42,Plain,Commercial,40.7,11.2,3.2,0.7,No,Not Required,6,3,1,74.0,Obtained,Medium,Yes,Not Required,Private,,Verified,No,Reported,No,Not Available,83.8,No,Disposed,5,0,Not Required,Pending,Issued,85.6,1074.82,1136.72,52.2,No,-14.1,No,No,No,Yes,Pending,1.48,8.67,4.55,Low,Medium,Low,II,Black,Good,46.6,Medium,SYNTHETIC_SIH26017_ENHANCED,Synthetic prototype dataset; added features are simulated and must not be represented as official parcel records.
LA-1111,Karnataka,Belagavi,Highway,75.4,28,Mostly Paid,3,2,Mostly Obtained,31.2,37.3,58.9,Partially Complete,Completed,6,Closure,2,0,19,25.55653,84.976669,synthetic_demo_district_center,Non-Green Zone,18.2,10.4,14.9,2.1,No,No,407.0,No,Not Required,No,No,1019.0,9.6,1.25,5.33,4.28,7.69,Plain,Residential,68.5,17.3,4.0,0.1,No,Pending,2,0,1,88.4,Partial,Low,No,Not Required,Private,,Under Review,No,Under Verification,No,Pending,73.8,No,,6,1,Not Required,Approved,Issued,56.3,197.27,202.14,9.2,No,32.7,No,No,No,Yes,Not Required,3.8,1.81,1.67,Medium,Low,Low,IV,Laterite,Moderate,40.5,Medium,SYNTHETIC_SIH26017_ENHANCED,Synthetic prototype dataset; added features are simulated and must not be represented as official parcel records.
LA-1112,Odisha,Ganjam,Irrigation,98.8,40,Mostly Paid,1,0,Partial,28.7,94.2,52.2,Partially Complete,Partially Completed,5,Planning,1,0,20,25.619055,85.095717,synthetic_demo_district_center,Non-Green Zone,35.1,12.3,15.0,5.14,No,No,384.0,No,Approved,No,No,1771.3,0.4,7.46,9.53,6.96,13.17,Plain,Industrial,61.4,15.0,2.4,5.6,Yes,Approved,5,2,2,42.5,Partial,Medium,Yes,Planned,Private,,Under Review,No,Under Verification,No,Pending,79.0,No,,6,4,Pending,Approved,Issued,68.9,674.18,721.86,91.8,No,17.8,No,Yes,No,No,Not Required,5.3,2.74,3.4,Low,Medium,High,IV,Black,Moderate,43.6,Medium,SYNTHETIC_SIH26017_ENHANCED,Synthetic prototype dataset; added features are simulated and must not be represented as official parcel records.
LA-1113,Uttar Pradesh,Lucknow,Highway,22.7,8,Fully Paid,3,1,Partial,58.1,27.6,94.8,Complete,Partially Completed,2,Closure,1,0,15,21.142003,81.836701,synthetic_demo_district_center,Non-Green Zone,10.3,8.1,2.5,6.26,No,No,211.0,No,Pending,No,No,329.6,1.8,3.32,2.79,7.4,3.45,Plain,Agricultural,33.7,16.6,7.2,2.3,No,Pending,9,4,1,43.9,Obtained,Low,Yes,Not Required,Private,,Under Review,No,Clear,No,Not Available,99.8,Yes,,4,0,Not Required,Approved,Issued,64.5,3438.94,6052.07,24.2,No,-14.1,No,No,Yes,No,Pending,1.07,5.56,3.45,Low,Low,Low,IV,Red,Good,54.3,Medium,SYNTHETIC_SIH26017_ENHANCED,Synthetic prototype dataset; added features are simulated and must not be represented as official parcel records.
LA-1114,West Bengal,Nadia,Railway,9.7,5,Fully Paid,115,0,Mostly Obtained,67.8,66.3,60.2,Complete,Completed,4,Planning,3,1,107,22.708052,88.587402,synthetic_demo_district_center,Non-Green Zone,36.6,8.5,10.9,6.22,No,No,747.0,No,Not Required,Yes,Yes,395.8,0.4,0.76,3.74,16.47,11.42,Plain,Commercial,60.8,18.3,3.4,1.3,No,Not Required,6,1,2,87.3,Obtained,Medium,Yes,Not Required,Private,,Under Review,No,Clear,Yes,Updated,84.6,No,,3,3,Not Required,Pending,Issued,81.9,1666.75,1909.9,60.5,No,29.3,No,Yes,Yes,No,Not Required,1.11,2.56,2.28,Low,Low,Low,II,Loamy,Moderate,48.6,Medium,SYNTHETIC_SIH26017_ENHANCED,Synthetic prototype dataset; added features are simulated and must not be represented as official parcel records.
LA-1115,Karnataka,Hubballi,Railway,118.1,50,Fully Paid,11,1,Full,30.5,38.1,74.0,Complete,Completed,6,Compensation,2,0,18,23.066805,77.199067,synthetic_demo_district_center,Non-Green Zone,30.7,5.8,18.6,0.68,No,No,187.0,No,Not Required,No,No,633.1,2.0,4.14,5.07,10.49,16.09,Plain,Agricultural,88.2,13.6,1.0,2.7,Yes,Not Required,1,2,1,43.5,Disputed,Low,Yes,Planned,Joint,,Verified,No,Clear,No,Updated,72.2,No,,0,0,Not Required,Pending,Issued,85.4,861.91,1329.19,81.7,No,23.5,No,Yes,Yes,No,Not Required,1.56,5.59,4.3,Medium,Low,Low,II,Red,Good,59.5,Medium,SYNTHETIC_SIH26017_ENHANCED,Synthetic prototype dataset; added features are simulated and must not be represented as official parcel records.
LA-1116,Madhya Pradesh,Gwalior,Irrigation,81.1,24,Partially Paid,23,0,Not Started,51.8,95.1,80.8,Complete,Completed,4,Rehabilitation,1,0,0,26.976331,80.918687,synthetic_demo_district_center,Buffer Zone,39.7,6.8,13.2,4.48,No,No,75.0,No,Not Required,No,No,917.8,3.9,1.64,2.22,6.17,17.87,Plateau,Agricultural,22.7,7.9,3.3,4.8,Yes,Not Required,5,2,2,81.1,Pending,Medium,Yes,Not Required,Private,Possible,Under Review,No,Clear,No,Updated,59.0,No,,4,4,Not Required,Pending,Pending,95.2,1842.94,2499.16,86.3,No,-0.6,No,Yes,No,No,Not Required,1.65,2.07,0.96,Low,Medium,Medium,IV,Alluvial,Good,34.7,Low,SYNTHETIC_SIH26017_ENHANCED,Synthetic prototype dataset; added features are simulated and must not be represented as official parcel records.
LA-1117,Odisha,Puri,Power,40.8,22,Fully Paid,44,1,Full,56.9,28.3,41.1,Complete,Partially Completed,5,Rehabilitation,0,0,8,12.935832,77.655013,synthetic_demo_district_center,Non-Green Zone,20.3,1.0,21.6,2.5,No,No,211.0,No,Pending,No,No,1495.0,2.0,0.93,4.26,9.9,4.11,Plain,Industrial,37.0,10.2,2.8,0.8,No,Approved,4,2,2,87.8,Obtained,Low,Yes,Planned,Private,Confirmed,Under Review,No,Clear,No,Pending,75.2,No,,4,4,Completed,Approved,Issued,57.4,836.99,1221.76,99.6,No,18.7,No,No,No,Yes,Pending,3.04,0.18,8.79,Low,Low,Medium,II,Loamy,Moderate,44.2,Medium,SYNTHETIC_SIH26017_ENHANCED,Synthetic prototype dataset; added features are simulated and must not be represented as official parcel records.
LA-1118,Karnataka,Mysuru,Irrigation,13.3,8,Mostly Paid,42,0,Full,80.0,80.8,76.5,Partially Complete,Completed,3,Rehabilitation,0,0,16,28.44016,76.958205,synthetic_demo_district_center,Non-Green Zone,2.8,3.7,21.2,5.42,No,No,1087.0,No,Not Required,Yes,Yes,1218.3,5.5,1.22,1.59,4.67,10.07,Plain,Agricultural,69.2,4.4,2.7,5.0,No,Pending,7,1,1,39.9,Obtained,Medium,Yes,Not Required,Private,,Verified,No,Under Verification,No,Updated,92.6,No,,5,3,Not Required,Partially Approved,Issued,83.4,360.63,654.68,94.6,No,21.5,No,No,Yes,No,Completed,1.07,0.3,0.59,Medium,Low,Low,II,Sandy,Poor,39.8,Low,SYNTHETIC_SIH26017_ENHANCED,Synthetic prototype dataset; added features are simulated and must not be represented as official parcel records.
LA-1119,Odisha,Sambalpur,Railway,23.6,12,Not Started,24,0,Mostly Obtained,86.7,80.1,26.5,Complete,Completed,2,Planning,1,1,129,13.186127,80.402647,synthetic_demo_district_center,Non-Green Zone,49.1,17.4,21.4,5.19,No,No,700.0,No,Not Required,No,No,372.5,6.7,0.69,1.03,20.96,8.37,Plateau,Agricultural,60.2,6.6,4.2,1.7,No,Not Required,4,3,1,82.6,Obtained,Low,Yes,In Progress,Joint,,Under Review,No,Clear,No,Updated,95.6,No,,4,3,Completed,Partially Approved,Pending,96.7,567.35,874.11,66.7,No,4.9,No,Yes,No,No,Not Required,2.77,4.21,2.18,Low,Low,Medium,III,Black,Poor,21.4,Low,SYNTHETIC_SIH26017_ENHANCED,Synthetic prototype dataset; added features are simulated and must not be represented as official parcel records.
LA-1120,Gujarat,Bhavnagar,Industrial,21.8,9,Partially Paid,74,4,Mostly Obtained,81.2,81.1,17.1,Partially Complete,Completed,4,Notification,2,1,140,20.328392,85.630328,synthetic_demo_district_center,Buffer Zone,34.9,9.4,20.8,2.69,No,No,212.0,No,Not Required,Yes,Yes,351.0,5.1,1.74,6.12,11.0,12.25,Hilly,Agricultural,76.3,1.4,4.3,2.6,Yes,Approved,8,7,3,33.3,Obtained,Low,Yes,Planned,Joint,,Under Review,No,Under Verification,No,Updated,80.0,No,Pending,3,3,Not Required,Approved,Issued,54.1,929.96,1859.39,82.9,No,5.6,Yes,Yes,Yes,No,In Progress,2.71,3.78,2.4,Low,Medium,Medium,V,Alluvial,Moderate,39.4,Low,SYNTHETIC_SIH26017_ENHANCED,Synthetic prototype dataset; added features are simulated and must not be represented as official parcel records.
LA-1121,West Bengal,Howrah,Industrial,31.4,14,Partially Paid,51,0,Partial,12.4,60.3,67.2,Partially Complete,Completed,2,Closure,0,0,16,21.267152,81.83901,synthetic_demo_district_center,Non-Green Zone,26.0,0.3,23.5,0.76,No,No,506.0,No,Not Required,No,No,1086.0,8.0,1.04,5.15,22.68,12.54,Coastal,Government,68.9,16.2,2.6,11.4,No,Not Required,16,7,5,64.0,Partial,Low,Yes,Planned,Private,,Under Review,No,Under Verification,Yes,Pending,65.4,No,,2,2,Not Required,Approved,Issued,56.9,1199.45,1267.81,65.6,No,34.5,No,Yes,No,Yes,Not Required,0.22,7.81,3.37,Low,Medium,Low,III,Red,Good,53.6,Medium,SYNTHETIC_SIH26017_ENHANCED,Synthetic prototype dataset; added features are simulated and must not be represented as official parcel records.
LA-1122,Bihar,Bhagalpur,Irrigation,72.8,40,Partially Paid,17,1,Mostly Obtained,66.2,,64.9,Complete,Pending,6,Planning,2,1,115,23.382582,85.454359,synthetic_demo_district_center,Non-Green Zone,16.7,11.4,9.9,11.91,Yes,No,863.0,Yes,Not Required,No,No,638.7,6.5,2.44,0.67,12.31,5.55,Plain,Agricultural,64.6,9.4,0.2,4.3,Yes,Not Required,15,8,7,37.1,Partial,Medium,Yes,Not Required,Private,,Verified,No,Clear,No,Updated,94.2,No,,3,3,Not Required,Approved,Pending,86.5,2843.59,6236.69,7.0,No,13.5,No,Yes,Yes,No,Not Required,2.98,7.79,0.25,Low,Low,Medium,III,Sandy,Moderate,36.1,Low,SYNTHETIC_SIH26017_ENHANCED,Synthetic prototype dataset; added features are simulated and must not be represented as official parcel records.
LA-1123,Madhya Pradesh,Bhopal,Airport,47.4,23,Partially Paid,12,3,Partial,73.2,55.6,93.3,Partially Complete,Pending,1,Planning,1,0,17,30.838836,75.77578,synthetic_demo_district_center,Green Zone,12.0,0.7,22.8,5.05,No,No,1031.0,Yes,Not Required,No,No,1038.4,5.6,1.02,13.06,1.09,9.2,Plateau,Government,65.7,2.4,1.6,3.9,No,Not Required,8,3,2,41.3,Pending,Medium,Yes,Not Required,Private,,Verified,No,Clear,No,Updated,72.7,No,,6,5,Not Required,Approved,Issued,80.9,1442.42,3159.37,76.1,No,30.1,No,Yes,No,Yes,Completed,2.77,4.15,0.69,High,Low,Low,II,Red,Good,59.0,Medium,SYNTHETIC_SIH26017_ENHANCED,Synthetic prototype dataset; added features are simulated and must not be represented as official parcel records.
LA-1124,Madhya Pradesh,Bhopal,Highway,10.9,9,Not Started,33,1,Full,71.5,53.4,88.1,Incomplete,Completed,4,Rehabilitation,1,1,111,28.412418,77.083251,synthetic_demo_district_center,Non-Green Zone,15.9,7.4,6.4,2.73,No,No,611.0,No,Not Required,No,No,424.9,1.7,1.89,2.98,5.31,14.27,Hilly,Agricultural,55.8,15.2,0.9,3.2,No,Pending,5,3,1,92.3,Pending,Medium,Yes,Not Required,Private,Possible,Verified,No,Reported,Yes,Updated,73.8,No,,5,3,Not Required,Approved,Issued,97.9,1102.62,2109.64,43.9,No,23.4,No,Yes,Yes,Yes,Not Required,3.78,1.77,2.32,Low,Low,Medium,IV,Alluvial,Poor,44.6,Medium,SYNTHETIC_SIH26017_ENHANCED,Synthetic prototype dataset; added features are simulated and must not be represented as official parcel records.
LA-1125,Uttar Pradesh,Mathura,Power,68.9,29,Mostly Paid,53,0,Not Started,80.9,27.4,98.4,Complete,Completed,3,Possession,1,1,206,30.839881,75.874308,synthetic_demo_district_center,Buffer Zone,24.3,9.5,10.0,4.77,No,No,395.0,No,Not Required,Yes,Yes,1643.1,3.6,2.61,18.7,3.65,29.36,Coastal,Agricultural,72.6,1.4,3.7,1.4,No,Not Required,13,3,6,97.6,Pending,Medium,Yes,Planned,Private,Possible,Verified,No,Under Verification,No,Updated,99.1,No,Disposed,3,0,Not Required,Pending,Issued,87.9,1010.57,1250.16,16.4,No,22.4,No,Yes,No,Yes,Completed,0.57,1.26,1.73,Low,Medium,Low,III,Black,Moderate,35.1,Low,SYNTHETIC_SIH26017_ENHANCED,Synthetic prototype dataset; added features are simulated and must not be represented as official parcel records.
LA-1126,Odisha,Cuttack,Highway,31.0,12,Not Started,93,1,Partial,79.6,55.7,68.0,Incomplete,Completed,6,Compensation,0,1,152,28.341119,77.05431,synthetic_demo_district_center,Non-Green Zone,32.1,0.2,20.0,3.54,No,No,613.0,No,Not Required,No,No,1618.6,1.3,2.66,12.92,3.12,1.32,Plain,Residential,35.7,7.0,0.5,2.3,No,Not Required,7,5,0,60.4,Obtained,Low,Yes,In Progress,Government,,Under Review,No,Clear,No,Updated,88.5,No,Pending,6,0,Completed,Approved,Issued,72.1,1311.12,2754.33,95.1,No,19.8,Yes,Yes,Yes,No,Completed,1.13,0.62,3.79,Medium,Medium,Low,III,Red,Good,39.2,Low,SYNTHETIC_SIH26017_ENHANCED,Synthetic prototype dataset; added features are simulated and must not be represented as official parcel records.
LA-1127,Rajasthan,Jodhpur,Industrial,41.1,19,Partially Paid,37,0,Mostly Obtained,70.7,51.3,16.0,Partially Complete,Partially Completed,5,Notification,0,0,5,13.040725,80.082135,synthetic_demo_district_center,Buffer Zone,30.3,5.7,15.1,4.69,No,No,876.0,No,Pending,Yes,Yes,746.3,6.4,4.39,7.16,11.52,4.36,Plain,Industrial,92.8,8.2,7.3,4.6,Yes,Not Required,13,4,1,60.3,Obtained,Low,Yes,Not Required,Private,,Verified,No,Clear,No,Updated,69.5,No,,3,0,Completed,Approved,Pending,94.3,1777.43,3804.94,8.4,No,-4.3,No,Yes,Yes,Yes,Pending,2.82,1.77,1.51,Low,Low,Low,III,Laterite,Good,54.3,Medium,SYNTHETIC_SIH26017_ENHANCED,Synthetic prototype dataset; added features are simulated and must not be represented as official parcel records.
LA-1128,Madhya Pradesh,Gwalior,Railway,73.7,29,Not Started,22,0,Partial,59.1,50.3,78.4,Partially Complete,Completed,4,Closure,2,0,4,9.874492,76.247174,synthetic_demo_district_center,Non-Green Zone,27.7,5.5,6.8,7.8,No,No,591.0,No,Not Required,No,No,1444.9,1.6,0.91,4.58,1.58,3.33,Plain,Wasteland,70.0,15.7,5.8,2.3,No,Approved,11,3,5,52.9,Obtained,Medium,Yes,In Progress,Private,,Under Review,No,Clear,Yes,Updated,74.3,No,,0,0,Completed,Approved,Pending,50.3,1380.31,1612.46,87.5,No,1.8,Yes,Yes,Yes,No,In Progress,1.13,4.49,2.75,Low,Low,Low,III,Alluvial,Good,35.3,Low,SYNTHETIC_SIH26017_ENHANCED,Synthetic prototype dataset; added features are simulated and must not be represented as official parcel records.
LA-1129,Odisha,Khordha,Railway,10.7,7,Not Started,70,0,Partial,15.5,91.6,34.6,Complete,Partially Completed,1,Closure,2,0,3,21.154515,81.639818,synthetic_demo_district_center,Non-Green Zone,39.7,4.5,11.9,0.68,No,No,1012.0,No,Approved,No,No,850.2,3.1,8.58,0.72,5.77,3.97,Plain,Agricultural,92.2,3.3,2.5,1.0,No,Not Required,7,2,0,23.6,Obtained,Low,Yes,Completed,Joint,,Verified,No,Clear,No,Updated,83.8,No,,4,3,Completed,Approved,Issued,81.3,1878.23,3676.15,27.1,No,27.3,No,Yes,Yes,No,Not Required,0.53,1.04,1.22,Medium,Low,Low,IV,Red,Moderate,54.9,Medium,SYNTHETIC_SIH26017_ENHANCED,Synthetic prototype dataset; added features are simulated and must not be represented as official parcel records.
LA-1130,Odisha,Ganjam,Railway,23.9,8,Partially Paid,63,1,Partial,58.7,52.6,51.5,Partially Complete,Completed,5,Planning,2,0,24,30.892267,75.819805,synthetic_demo_district_center,Buffer Zone,9.5,3.5,16.9,4.99,No,No,260.0,No,Not Required,Yes,Yes,1378.8,2.7,1.07,8.67,10.04,6.84,Plain,Agricultural,48.9,18.4,5.4,5.7,No,Not Required,4,0,1,40.2,Obtained,Low,No,In Progress,Private,,Verified,No,Clear,No,Updated,66.4,No,,2,2,Completed,Partially Approved,Issued,63.6,614.78,833.09,38.3,No,14.4,Yes,Yes,Yes,No,Pending,2.8,1.62,1.36,Low,High,Low,II,Alluvial,Good,39.8,Low,SYNTHETIC_SIH26017_ENHANCED,Synthetic prototype dataset; added features are simulated and must not be represented as official parcel records.
LA-1131,Maharashtra,Aurangabad,Industrial,16.5,9,Mostly Paid,51,0,Full,72.9,23.5,59.5,Complete,Completed,3,Possession,0,0,14,21.242065,81.519076,synthetic_demo_district_center,Non-Green Zone,53.3,4.9,23.4,5.48,No,No,767.0,No,Not Required,No,No,1564.5,8.4,6.81,6.38,22.56,6.65,Coastal,Agricultural,53.4,10.2,0.9,2.6,No,Not Required,10,7,4,25.1,Obtained,Medium,Yes,In Progress,Private,,Verified,No,Clear,No,Updated,65.8,No,,5,1,Completed,Approved,Issued,55.8,2151.17,4653.73,71.8,No,-7.8,No,Yes,No,No,Not Required,0.5,5.42,3.47,Medium,Medium,Low,III,Alluvial,Poor,31.8,Low,SYNTHETIC_SIH26017_ENHANCED,Synthetic prototype dataset; added features are simulated and must not be represented as official parcel records.
LA-1132,Maharashtra,Pune,Railway,7.6,3,Fully Paid,10,0,Partial,23.2,93.7,70.0,Partially Complete,Completed,2,Notification,1,0,15,21.230348,81.608549,synthetic_demo_district_center,Green Zone,52.0,2.9,12.4,5.61,No,No,613.0,Yes,Not Required,No,No,1038.0,7.5,1.52,0.61,10.2,13.48,Plain,Residential,41.2,3.6,2.5,2.9,No,Not Required,7,1,0,32.2,Partial,Medium,Yes,In Progress,Joint,,Verified,No,Clear,No,Pending,63.9,No,,3,3,Not Required,Partially Approved,Issued,54.4,456.28,548.05,35.0,No,30.6,Yes,Yes,No,Yes,Not Required,2.51,1.26,1.22,Medium,Low,Low,III,Loamy,Moderate,32.2,Low,SYNTHETIC_SIH26017_ENHANCED,Synthetic prototype dataset; added features are simulated and must not be represented as official parcel records.
LA-1133,Bihar,Patna,Power,31.8,17,Fully Paid,23,0,Partial,43.6,56.7,84.1,Partially Complete,Partially Completed,2,Rehabilitation,0,0,19,26.73365,80.937553,synthetic_demo_district_center,Non-Green Zone,49.2,15.1,14.9,8.91,No,Yes,1648.0,No,Pending,No,No,1507.2,3.4,0.9,9.1,10.46,13.13,Coastal,Agricultural,73.8,10.0,1.0,5.5,No,Approved,4,1,1,24.2,Disputed,Low,Yes,Completed,Private,,Verified,No,Clear,No,Pending,84.2,Yes,,5,5,Pending,Pending,Pending,59.2,401.11,716.88,59.5,Yes,20.5,No,No,No,No,In Progress,1.12,0.75,7.98,Medium,Low,Medium,III,Sandy,Moderate,65.1,Medium,SYNTHETIC_SIH26017_ENHANCED,Synthetic prototype dataset; added features are simulated and must not be represented as official parcel records.
LA-1134,Gujarat,Ahmedabad,Railway,161.4,78,Fully Paid,25,0,Partial,11.7,95.4,31.0,Partially Complete,Completed,4,Compensation,0,0,12,25.769711,85.315038,synthetic_demo_district_center,Green Zone,44.7,1.6,12.4,2.71,Yes,No,216.0,Yes,Pending,No,No,1235.7,2.5,1.78,3.95,6.72,4.34,Plain,Agricultural,34.5,12.8,4.7,1.4,No,Not Required,4,4,2,57.0,Obtained,Low,Yes,Not Required,Institutional,,Verified,No,Clear,No,Updated,80.8,No,Pending,0,0,Not Required,Approved,Pending,85.4,396.14,862.47,86.1,Yes,28.5,No,Yes,No,Yes,Not Required,1.12,3.48,0.86,Low,Medium,Low,II,Alluvial,Good,58.3,Medium,SYNTHETIC_SIH26017_ENHANCED,Synthetic prototype dataset; added features are simulated and must not be represented as official parcel records.
LA-1135,Bihar,Gaya,Highway,6.2,2,Partially Paid,51,0,Partial,57.7,88.3,55.4,Complete,Pending,5,Rehabilitation,3,0,22,26.253258,91.734483,synthetic_demo_district_center,Non-Green Zone,35.7,3.7,10.9,6.77,No,No,409.0,No,Pending,Yes,Yes,750.6,4.3,5.59,2.33,10.06,13.77,Plateau,Agricultural,67.4,5.6,2.3,3.9,Yes,Not Required,8,4,2,89.7,Obtained,Low,Yes,Not Required,Government,Possible,Verified,No,Clear,No,Updated,81.9,No,,3,2,Pending,Partially Approved,Issued,66.5,1355.01,2053.06,16.6,No,-8.9,No,Yes,Yes,Yes,Not Required,2.09,4.31,0.76,Low,Low,Low,II,Alluvial,Moderate,47.6,Medium,SYNTHETIC_SIH26017_ENHANCED,Synthetic prototype dataset; added features are simulated and must not be represented as official parcel records.
LA-1136,Karnataka,Mysuru,Irrigation,23.9,18,Partially Paid,4,1,Partial,69.5,75.5,48.6,Complete,Pending,1,Possession,0,1,125,26.95146,81.014771,synthetic_demo_district_center,Non-Green Zone,20.0,15.4,5.2,15.63,No,No,300.0,No,Not Required,Yes,Yes,929.4,1.8,2.52,6.44,0.75,4.1,Hilly,Residential,54.0,4.9,5.5,3.2,Yes,Not Required,10,7,2,92.7,Obtained,Low,Yes,Planned,Institutional,,Issue Found,Yes,Clear,No,Updated,56.4,No,,3,3,Completed,Approved,Issued,84.7,2985.37,4531.33,98.5,No,34.9,Yes,No,Yes,No,Not Required,2.43,1.51,1.71,Low,Low,High,II,Laterite,Good,55.7,Medium,SYNTHETIC_SIH26017_ENHANCED,Synthetic prototype dataset; added features are simulated and must not be represented as official parcel records.
LA-1137,Rajasthan,Jodhpur,Railway,39.7,13,Not Started,21,2,Mostly Obtained,70.3,57.1,93.2,Complete,Completed,1,Possession,1,1,102,13.147185,80.189455,synthetic_demo_district_center,Non-Green Zone,29.9,7.1,16.3,11.11,No,No,586.0,No,Not Required,No,No,761.3,3.0,2.04,3.36,9.26,17.0,Plateau,Agricultural,60.0,9.1,9.8,7.2,No,Not Required,7,0,3,80.7,Obtained,High,No,Completed,Private,,Verified,No,Clear,No,Pending,93.7,No,,1,1,Not Required,Pending,Issued,85.2,2548.6,5543.56,75.6,No,-1.1,Yes,Yes,Yes,No,Pending,4.46,8.23,1.01,Low,Low,Low,III,Black,Good,30.3,Low,SYNTHETIC_SIH26017_ENHANCED,Synthetic prototype dataset; added features are simulated and must not be represented as official parcel records.
LA-1138,Karnataka,Mangaluru,Metro,26.9,16,Fully Paid,30,1,Not Started,45.5,40.6,74.2,Incomplete,Completed,3,Rehabilitation,1,0,1,31.012623,77.103786,synthetic_demo_district_center,Non-Green Zone,51.7,1.5,19.0,6.63,No,No,431.0,No,Not Required,No,No,1218.2,7.4,1.05,4.25,8.6,19.47,Plain,Agricultural,59.9,5.2,2.7,4.8,No,Pending,1,0,0,59.7,Partial,Low,No,In Progress,Joint,Possible,Verified,No,Clear,No,Updated,93.3,No,Pending,0,0,Not Required,Partially Approved,Issued,90.7,195.0,391.65,6.0,No,27.2,No,Yes,No,No,Not Required,0.52,3.67,6.67,Low,Low,Medium,II,Laterite,Good,35.5,Low,SYNTHETIC_SIH26017_ENHANCED,Synthetic prototype dataset; added features are simulated and must not be represented as official parcel records.
LA-1139,Tamil Nadu,Salem,Power,22.5,9,Not Started,25,0,Partial,12.4,35.1,59.4,Complete,Partially Completed,6,Compensation,2,1,146,23.059273,72.499892,synthetic_demo_district_center,Non-Green Zone,29.6,2.5,19.4,4.93,No,No,563.0,No,Not Required,Yes,Yes,1421.6,4.1,4.37,2.6,1.98,6.56,Plain,Wasteland,49.4,9.7,1.7,1.7,No,Pending,5,2,0,37.7,Pending,High,Yes,Not Required,Joint,,Verified,No,Clear,No,Not Available,83.4,No,,6,4,Completed,Pending,Pending,91.8,218.32,245.69,58.5,No,-5.4,Yes,Yes,Yes,Yes,In Progress,1.91,2.11,3.41,Medium,Low,Medium,III,Red,Good,34.2,Low,SYNTHETIC_SIH26017_ENHANCED,Synthetic prototype dataset; added features are simulated and must not be represented as official parcel records.
LA-1140,Karnataka,Hubballi,Railway,9.3,6,Mostly Paid,86,1,Partial,45.6,38.7,61.7,Complete,Completed,5,Rehabilitation,2,0,17,12.933999,77.744067,synthetic_demo_district_center,Non-Green Zone,18.8,0.8,2.9,8.08,No,No,349.0,No,Pending,No,No,94.3,2.3,1.83,6.87,3.73,8.22,Plain,Government,29.8,24.5,5.6,0.6,No,Approved,3,2,0,48.0,Partial,Medium,Yes,Not Required,Private,,Verified,No,Clear,No,Pending,70.6,No,,5,5,Pending,Pending,Issued,61.0,2340.17,2745.91,17.0,No,-9.9,No,Yes,Yes,No,Not Required,1.09,4.18,1.39,High,Low,Low,IV,Black,Good,47.4,Medium,SYNTHETIC_SIH26017_ENHANCED,Synthetic prototype dataset; added features are simulated and must not be represented as official parcel records.
LA-1141,Uttar Pradesh,Lucknow,Highway,29.2,11,Partially Paid,59,0,Partial,74.6,85.9,79.1,Complete,Pending,5,Compensation,1,0,7,16.617942,80.50238,synthetic_demo_district_center,Non-Green Zone,17.1,11.3,21.2,2.97,Yes,No,563.0,Yes,Not Required,No,No,341.6,1.9,2.44,11.52,5.33,8.16,Plain,Residential,72.3,9.8,3.4,2.3,Yes,Not Required,4,3,0,48.1,Pending,High,Yes,Planned,Government,,Verified,No,Clear,Yes,Pending,59.8,Yes,,4,0,Completed,Partially Approved,Issued,95.4,781.0,1396.63,70.7,No,-12.0,No,No,Yes,Yes,In Progress,0.55,2.06,5.88,High,High,Low,V,Laterite,Moderate,47.5,Medium,SYNTHETIC_SIH26017_ENHANCED,Synthetic prototype dataset; added features are simulated and must not be represented as official parcel records.
LA-1142,Karnataka,Mysuru,Railway,13.9,9,Partially Paid,59,1,Partial,77.8,70.4,27.8,Incomplete,Partially Completed,2,Notification,0,1,78,30.217623,78.107635,synthetic_demo_district_center,Buffer Zone,63.9,9.4,12.6,5.66,No,No,660.0,No,Pending,No,No,1706.6,2.2,0.36,3.18,9.25,10.51,Coastal,Residential,82.5,15.6,1.1,3.7,Yes,Not Required,12,10,1,87.9,Obtained,Low,Yes,Not Required,Private,,Verified,No,Clear,No,Updated,77.4,No,Pending,0,0,Pending,Pending,Issued,75.2,2695.32,4917.06,48.5,No,14.4,No,No,Yes,No,Not Required,1.02,2.17,1.11,Low,Medium,Low,II,Red,Moderate,45.1,Medium,SYNTHETIC_SIH26017_ENHANCED,Synthetic prototype dataset; added features are simulated and must not be represented as official parcel records.
LA-1143,Bihar,Nalanda,Airport,5.0,5,Fully Paid,20,0,Full,57.6,68.1,87.3,Complete,Completed,3,Compensation,0,0,25,12.883269,77.681968,synthetic_demo_district_center,Buffer Zone,24.0,3.5,8.8,12.13,No,No,712.0,No,Pending,Yes,Yes,264.8,8.9,1.43,13.85,6.11,15.59,Plain,Agricultural,80.4,8.1,7.3,4.3,Yes,Not Required,7,2,1,87.3,Obtained,Low,Yes,Planned,Private,,Under Review,No,Clear,No,Updated,80.0,Yes,Disposed,0,0,Pending,Pending,Issued,78.6,1752.89,2526.7,40.6,No,-0.3,No,No,Yes,No,Not Required,0.67,3.05,5.18,Medium,Medium,Low,II,Laterite,Moderate,28.9,Low,SYNTHETIC_SIH26017_ENHANCED,Synthetic prototype dataset; added features are simulated and must not be represented as official parcel records.
LA-1144,Madhya Pradesh,Ujjain,Industrial,60.1,26,Fully Paid,34,0,Partial,5.7,67.2,75.5,Incomplete,Completed,3,Compensation,3,0,5,30.28725,78.036142,synthetic_demo_district_center,Non-Green Zone,9.9,6.3,16.8,2.89,No,No,139.0,No,Not Required,No,No,1495.0,2.8,3.86,7.2,10.29,1.84,Plain,Agricultural,77.8,9.8,3.4,5.6,No,Not Required,10,9,2,62.1,Disputed,Low,Yes,Planned,Joint,,Verified,No,Clear,No,Updated,88.6,No,,5,2,Pending,Pending,Issued,67.7,4062.61,7238.43,16.0,No,-6.8,No,No,Yes,No,Pending,2.43,2.97,2.51,Medium,Low,Low,III,Red,Good,58.8,Medium,SYNTHETIC_SIH26017_ENHANCED,Synthetic prototype dataset; added features are simulated and must not be represented as official parcel records.
LA-1145,Madhya Pradesh,Jabalpur,Power,50.3,33,Fully Paid,14,0,Partial,86.2,67.4,44.6,Partially Complete,Completed,6,Compensation,0,0,15,26.060754,91.699122,synthetic_demo_district_center,Non-Green Zone,4.2,4.1,15.7,7.42,No,No,421.0,No,Pending,No,No,44.5,17.9,0.47,1.81,18.37,3.87,Coastal,Agricultural,56.8,13.7,1.8,5.2,No,Not Required,8,4,3,39.8,Pending,Low,Yes,Planned,Private,,Verified,No,Clear,No,Pending,58.4,No,,3,3,Completed,Pending,Issued,52.8,614.05,884.96,0.2,No,-9.2,No,Yes,No,Yes,Completed,1.55,2.33,3.68,Low,Low,Low,IV,Red,Poor,48.3,Medium,SYNTHETIC_SIH26017_ENHANCED,Synthetic prototype dataset; added features are simulated and must not be represented as official parcel records.
LA-1146,Maharashtra,Nashik,Industrial,25.5,15,Mostly Paid,14,0,Mostly Obtained,65.2,31.9,43.1,Incomplete,Completed,3,Rehabilitation,3,0,5,26.140067,91.833573,synthetic_demo_district_center,Non-Green Zone,23.2,6.2,5.6,1.68,No,No,493.0,No,Pending,No,No,1063.6,1.4,1.99,7.04,1.23,18.33,Plain,Industrial,70.1,0.8,1.6,3.0,No,Approved,5,0,1,65.1,Partial,Low,No,Not Required,Private,Possible,Verified,No,Reported,Yes,Updated,56.7,No,,0,0,Not Required,Partially Approved,Pending,83.1,431.8,732.52,22.6,No,7.6,No,No,Yes,No,Pending,0.52,3.99,4.11,Low,Medium,Low,III,Loamy,Poor,51.2,Medium,SYNTHETIC_SIH26017_ENHANCED,Synthetic prototype dataset; added features are simulated and must not be represented as official parcel records.
LA-1147,Rajasthan,Kota,Highway,29.1,11,Fully Paid,60,2,Partial,35.4,68.0,74.1,Complete,Completed,5,Possession,2,0,23,25.533372,85.128007,synthetic_demo_district_center,Green Zone,25.2,25.3,9.0,2.9,No,No,1193.0,Yes,Pending,No,No,1739.3,0.7,0.98,5.52,2.22,2.08,Coastal,Agricultural,41.4,11.5,2.4,7.6,Yes,Approved,7,2,2,35.5,Pending,Low,Yes,Completed,Private,,Verified,No,Clear,No,Updated,75.9,Yes,,1,1,Completed,Partially Approved,Issued,90.7,2399.59,3472.92,91.2,No,14.6,No,Yes,Yes,Yes,Not Required,3.72,1.32,4.33,Medium,Low,Low,II,Laterite,Moderate,44.5,Medium,SYNTHETIC_SIH26017_ENHANCED,Synthetic prototype dataset; added features are simulated and must not be represented as official parcel records.
LA-1148,Rajasthan,Jodhpur,Railway,54.9,26,Mostly Paid,53,0,Mostly Obtained,43.3,94.9,47.3,Complete,Pending,2,Closure,2,0,18,21.130852,81.545992,synthetic_demo_district_center,Non-Green Zone,25.4,3.0,16.3,4.8,No,No,458.0,No,Pending,No,No,782.3,0.1,2.73,3.78,8.21,7.85,Coastal,Residential,52.4,6.2,3.8,0.7,No,Not Required,10,2,3,84.1,Obtained,Medium,Yes,Planned,Private,,Under Review,No,Clear,No,Updated,84.9,No,,4,4,Not Required,Approved,Pending,75.7,1502.68,2610.97,44.2,No,-2.4,No,Yes,Yes,No,Not Required,1.29,1.62,1.75,Medium,Low,Low,II,Sandy,Poor,64.7,Medium,SYNTHETIC_SIH26017_ENHANCED,Synthetic prototype dataset; added features are simulated and must not be represented as official parcel records.
LA-1149,Uttar Pradesh,Mathura,Irrigation,29.0,11,Fully Paid,13,2,Mostly Obtained,64.8,40.8,64.0,Complete,Pending,3,Possession,2,0,0,22.588853,88.250944,synthetic_demo_district_center,Non-Green Zone,13.4,4.8,13.5,3.42,No,Yes,163.0,No,Not Required,No,No,572.6,1.9,2.25,2.69,14.69,19.14,Plain,Agricultural,51.2,2.0,3.4,8.5,Yes,Pending,1,1,0,78.9,Partial,Low,Yes,In Progress,Private,,Verified,No,Clear,No,Updated,59.3,No,,6,5,Pending,Approved,Issued,92.2,311.64,574.97,60.0,No,10.7,No,Yes,Yes,No,Completed,0.95,2.79,0.94,High,Low,Medium,III,Red,Moderate,45.0,Medium,SYNTHETIC_SIH26017_ENHANCED,Synthetic prototype dataset; added features are simulated and must not be represented as official parcel records.
LA-1150,Bihar,Gaya,Highway,48.3,25,Partially Paid,32,3,Partial,48.6,38.7,92.1,Complete,Pending,2,Notification,0,0,9,23.318051,77.523155,synthetic_demo_district_center,Non-Green Zone,35.7,18.5,12.9,3.49,No,No,1359.0,No,Pending,No,No,1463.6,5.2,2.23,8.83,8.93,6.3,Plain,Wasteland,32.8,3.8,6.0,7.3,No,Not Required,2,1,0,51.0,Obtained,Low,Yes,In Progress,Joint,,Verified,No,Clear,No,Pending,89.6,No,,6,2,Pending,Pending,Pending,99.0,639.02,1373.21,22.1,No,11.2,No,Yes,No,No,Not Required,6.48,1.96,2.97,Medium,Low,Low,IV,Laterite,Good,60.4,Medium,SYNTHETIC_SIH26017_ENHANCED,Synthetic prototype dataset; added features are simulated and must not be represented as official parcel records.
LA-1151,Maharashtra,Pune,Railway,19.6,13,Mostly Paid,7,1,Full,95.7,64.3,81.1,Partially Complete,Partially Completed,6,Notification,1,0,0,19.052472,73.025447,synthetic_demo_district_center,Non-Green Zone,33.1,11.9,10.0,4.29,Yes,No,683.0,Yes,Approved,Yes,Yes,1200.8,5.9,2.55,3.53,2.49,15.49,Plain,Industrial,97.0,7.6,4.0,0.9,Yes,Not Required,5,1,0,21.7,Partial,Low,Yes,Completed,Private,,Verified,No,Clear,No,Updated,85.3,No,,5,3,Not Required,Approved,Issued,85.2,1483.91,2910.39,41.3,No,2.1,No,No,Yes,No,In Progress,1.44,2.56,3.44,High,Low,Medium,II,Loamy,Moderate,60.7,Medium,SYNTHETIC_SIH26017_ENHANCED,Synthetic prototype dataset; added features are simulated and must not be represented as official parcel records.
LA-1152,Tamil Nadu,Chennai,Railway,65.6,26,Mostly Paid,43,1,Partial,52.1,43.7,21.2,Complete,Completed,3,Rehabilitation,2,0,21,16.38757,80.69608,synthetic_demo_district_center,Non-Green Zone,28.0,2.2,16.1,6.56,Yes,Yes,557.0,Yes,Not Required,No,No,737.2,3.2,1.88,3.06,1.75,2.43,Plain,Industrial,65.3,10.4,7.5,1.2,No,Not Required,6,5,1,57.8,Partial,Medium,Yes,Planned,Private,,Verified,No,Clear,No,Updated,64.3,No,,5,0,Completed,Approved,Issued,62.1,657.28,736.25,19.7,No,1.9,No,Yes,Yes,No,Pending,1.73,3.15,2.44,Low,Low,Low,V,Alluvial,Good,42.4,Medium,SYNTHETIC_SIH26017_ENHANCED,Synthetic prototype dataset; added features are simulated and must not be represented as official parcel records.
LA-1153,Rajasthan,Kota,Metro,31.2,24,Partially Paid,13,2,Full,54.8,74.7,68.2,Complete,Completed,5,Planning,1,0,32,20.307114,85.837309,synthetic_demo_district_center,Non-Green Zone,5.0,5.3,4.5,6.03,No,No,589.0,No,Not Required,No,No,1058.3,4.8,4.77,1.4,1.78,4.34,Hilly,Government,35.8,25.2,0.7,3.7,No,Not Required,1,1,0,37.4,Disputed,High,Yes,Completed,Private,,Verified,No,Under Verification,No,Pending,79.6,No,,6,0,Completed,Partially Approved,Pending,80.8,173.27,327.57,29.0,No,2.3,No,Yes,Yes,No,Not Required,0.11,2.26,3.14,Low,Low,Low,III,Black,Good,41.1,Medium,SYNTHETIC_SIH26017_ENHANCED,Synthetic prototype dataset; added features are simulated and must not be represented as official parcel records.
LA-1154,Madhya Pradesh,Jabalpur,Airport,28.4,15,Fully Paid,32,1,Mostly Obtained,94.3,55.3,67.8,Partially Complete,Completed,2,Planning,1,0,0,17.692781,78.587205,synthetic_demo_district_center,Non-Green Zone,8.9,4.6,16.1,3.7,Yes,No,1868.0,Yes,Not Required,Yes,Yes,1130.4,1.0,3.8,5.36,10.5,8.38,Plain,Agricultural,69.4,5.5,9.6,3.2,Yes,Pending,7,1,0,51.1,Obtained,Medium,Yes,In Progress,Joint,Possible,Verified,No,Clear,No,Pending,75.6,No,,2,2,Not Required,Partially Approved,Pending,93.3,1284.05,1589.55,8.8,Yes,9.4,No,Yes,No,Yes,Not Required,1.35,9.46,1.63,Low,Medium,High,II,Alluvial,Good,53.6,Medium,SYNTHETIC_SIH26017_ENHANCED,Synthetic prototype dataset; added features are simulated and must not be represented as official parcel records.
LA-1155,Karnataka,Mysuru,Highway,9.5,6,Fully Paid,91,2,Mostly Obtained,85.9,64.4,47.2,Complete,Completed,4,Planning,0,1,112,16.359456,80.635304,synthetic_demo_district_center,Green Zone,21.4,16.0,14.7,3.15,No,No,409.0,Yes,Not Required,Yes,Yes,900.1,2.5,2.5,16.7,6.09,7.29,Plateau,Agricultural,60.7,6.3,6.0,0.8,Yes,Not Required,19,14,7,39.0,Partial,Medium,Yes,In Progress,Private,,Verified,No,Clear,Yes,Updated,80.1,No,,6,6,Not Required,Partially Approved,Issued,68.4,7576.33,14308.33,91.0,No,10.5,No,Yes,No,Yes,Completed,2.31,2.39,1.32,Low,High,Low,III,Alluvial,Good,44.1,Medium,SYNTHETIC_SIH26017_ENHANCED,Synthetic prototype dataset; added features are simulated and must not be represented as official parcel records.
LA-1156,Karnataka,Bengaluru Urban,Metro,30.4,15,Mostly Paid,11,1,Full,58.6,85.8,75.5,Complete,Completed,6,Compensation,5,1,125,22.421593,88.223981,synthetic_demo_district_center,Non-Green Zone,25.1,17.5,10.8,1.97,No,Yes,533.0,No,Not Required,Yes,Yes,1121.5,3.5,0.15,7.37,18.99,13.04,Plain,Wasteland,51.3,17.8,3.1,1.7,No,Not Required,12,11,2,94.1,Partial,Low,Yes,Completed,Government,,Under Review,No,Under Verification,No,Updated,73.8,No,Disposed,3,1,Not Required,Approved,Pending,97.4,5213.17,5338.51,89.4,No,20.7,No,Yes,No,Yes,Not Required,2.39,8.72,3.41,High,Medium,Low,III,Red,Moderate,44.2,Medium,SYNTHETIC_SIH26017_ENHANCED,Synthetic prototype dataset; added features are simulated and must not be represented as official parcel records.
LA-1157,Maharashtra,Nashik,Highway,13.1,9,Partially Paid,38,0,Full,75.7,75.3,77.6,Complete,Completed,3,Possession,0,0,12,13.058724,80.13195,synthetic_demo_district_center,Non-Green Zone,35.3,10.7,17.8,4.25,No,No,123.0,No,Approved,No,No,213.4,3.9,6.15,3.26,6.81,4.46,Plain,Agricultural,84.4,10.8,1.8,5.5,Yes,Approved,19,5,1,37.7,Disputed,Medium,Yes,Not Required,Private,,Verified,No,Under Verification,No,Pending,96.3,No,Pending,2,2,Completed,Approved,Issued,99.5,2474.05,3844.65,40.6,No,19.1,No,Yes,Yes,No,Not Required,0.51,2.16,3.54,Low,Low,Medium,II,Loamy,Good,64.8,Medium,SYNTHETIC_SIH26017_ENHANCED,Synthetic prototype dataset; added features are simulated and must not be represented as official parcel records.
LA-1158,Bihar,Bhagalpur,Airport,15.2,8,Mostly Paid,29,0,Mostly Obtained,62.6,74.6,53.3,Partially Complete,Partially Completed,5,Planning,1,1,166,23.329619,77.457406,synthetic_demo_district_center,Non-Green Zone,8.9,15.6,15.7,10.06,No,No,201.0,No,Not Required,Yes,Yes,325.1,3.2,1.67,0.91,5.01,10.05,Plain,Wasteland,47.6,3.4,0.3,3.4,Yes,Not Required,4,4,0,81.4,Disputed,Medium,Yes,Planned,Private,,Issue Found,Yes,Clear,No,Pending,90.0,No,Disposed,1,1,Pending,Approved,Issued,77.0,196.78,207.14,14.6,No,-4.7,Yes,Yes,Yes,No,Pending,5.9,2.42,2.28,Medium,Low,Low,III,Black,Good,69.8,Medium,SYNTHETIC_SIH26017_ENHANCED,Synthetic prototype dataset; added features are simulated and must not be represented as official parcel records.
LA-1159,Bihar,Bhagalpur,Highway,13.3,8,Fully Paid,10,0,Mostly Obtained,,38.3,81.0,Partially Complete,Partially Completed,2,Possession,0,1,194,22.570273,88.280404,synthetic_demo_district_center,Non-Green Zone,8.7,11.8,13.5,10.51,No,No,324.0,No,Pending,No,No,1326.7,12.7,4.73,5.11,6.82,1.41,Plain,Agricultural,55.9,10.7,8.4,2.1,No,Not Required,2,2,1,83.2,Partial,Low,Yes,Not Required,Joint,,Verified,No,Reported,No,Updated,76.6,No,,3,1,Completed,Approved,Pending,89.7,860.29,1002.84,47.7,No,20.1,Yes,Yes,Yes,Yes,In Progress,1.4,1.64,8.19,Low,Low,High,IV,Sandy,Good,25.7,Low,SYNTHETIC_SIH26017_ENHANCED,Synthetic prototype dataset; added features are simulated and must not be represented as official parcel records.
LA-1160,Gujarat,Bhavnagar,Railway,11.0,6,Mostly Paid,16,0,Partial,14.7,59.3,63.7,Partially Complete,Completed,1,Compensation,0,1,76,23.463546,85.282804,synthetic_demo_district_center,Buffer Zone,5.3,7.1,27.5,5.26,No,No,44.0,No,Not Required,No,No,1224.9,2.3,1.84,2.13,10.72,13.6,Hilly,Residential,77.8,5.5,0.3,1.6,Yes,Not Required,2,2,1,90.4,Pending,Low,Yes,Completed,Private,,Verified,No,Clear,No,Not Available,94.5,No,,3,3,Not Required,Approved,Issued,96.3,713.66,1101.38,15.3,No,-2.9,No,No,No,Yes,Not Required,2.04,3.62,2.14,High,Low,Low,V,Alluvial,Good,40.1,Medium,SYNTHETIC_SIH26017_ENHANCED,Synthetic prototype dataset; added features are simulated and must not be represented as official parcel records.
LA-1161,West Bengal,Hooghly,Power,120.7,57,Not Started,41,0,Mostly Obtained,74.2,93.2,54.3,Complete,Partially Completed,5,Rehabilitation,0,1,86,13.06383,80.258909,synthetic_demo_district_center,Non-Green Zone,3.4,2.0,15.6,1.67,No,No,218.0,No,Pending,Yes,Yes,1383.2,1.7,0.58,4.77,9.99,5.04,Plain,Commercial,65.0,0.5,4.3,4.0,Yes,Pending,2,1,0,45.8,Obtained,Low,Yes,In Progress,Private,,Issue Found,Yes,Reported,No,Pending,64.5,No,Disposed,5,4,Completed,Pending,Pending,51.8,948.41,1087.58,14.0,No,-0.5,No,No,No,Yes,Completed,3.38,0.49,6.59,Low,Low,Medium,III,Laterite,Good,57.7,Medium,SYNTHETIC_SIH26017_ENHANCED,Synthetic prototype dataset; added features are simulated and must not be represented as official parcel records.
LA-1162,Rajasthan,Kota,Power,66.6,31,Mostly Paid,25,2,Not Started,55.4,76.6,84.2,Complete,Partially Completed,5,Rehabilitation,1,0,40,23.29358,85.18903,synthetic_demo_district_center,Non-Green Zone,26.5,10.5,19.7,3.02,No,No,1024.0,No,Pending,Yes,Yes,815.9,1.3,2.35,11.81,3.58,19.17,Plain,Residential,75.4,1.9,2.3,2.6,No,Approved,14,1,2,97.0,Obtained,Low,Yes,Not Required,Private,,Verified,No,Clear,No,Updated,97.7,No,,3,3,Not Required,Approved,Issued,74.3,2684.63,5043.66,54.3,No,29.6,Yes,Yes,Yes,No,In Progress,0.7,10.42,4.55,Low,Medium,Medium,II,Laterite,Poor,38.0,Low,SYNTHETIC_SIH26017_ENHANCED,Synthetic prototype dataset; added features are simulated and must not be represented as official parcel records.
LA-1163,Bihar,Patna,Railway,103.6,54,Not Started,76,0,Not Started,60.6,83.7,69.0,Partially Complete,,1,Possession,2,1,74,28.545184,76.88682,synthetic_demo_district_center,Non-Green Zone,26.0,3.8,23.8,3.31,No,No,122.0,No,Not Required,No,No,1187.9,2.2,1.28,7.8,8.16,8.72,Coastal,Residential,33.6,6.8,2.5,1.4,No,Not Required,23,8,6,43.3,Pending,High,Yes,Completed,Joint,,Verified,No,Clear,No,Not Available,74.5,No,,3,3,Not Required,Approved,Issued,71.2,2617.32,4243.01,59.1,No,-8.9,No,Yes,No,No,Not Required,0.79,0.71,1.54,Low,Low,Medium,IV,Loamy,Moderate,44.8,Medium,SYNTHETIC_SIH26017_ENHANCED,Synthetic prototype dataset; added features are simulated and must not be represented as official parcel records.
LA-1164,Madhya Pradesh,Ujjain,Railway,9.8,1,Fully Paid,42,2,Full,48.6,90.3,89.3,Partially Complete,Completed,1,Compensation,2,0,0,28.709208,77.010314,synthetic_demo_district_center,Non-Green Zone,23.3,8.4,26.0,3.61,No,No,145.0,No,Not Required,No,No,135.7,3.3,2.2,3.36,1.99,12.36,Hilly,Government,76.1,6.9,1.6,3.6,No,Not Required,8,2,1,31.6,Partial,Low,Yes,Not Required,Private,Possible,Verified,No,Reported,No,Updated,78.1,No,,4,1,Completed,Partially Approved,Issued,88.8,1483.41,3034.18,89.5,No,33.7,No,Yes,No,No,Pending,0.58,1.54,1.78,Low,Medium,Low,III,Black,Poor,34.5,Low,SYNTHETIC_SIH26017_ENHANCED,Synthetic prototype dataset; added features are simulated and must not be represented as official parcel records.
LA-1165,Maharashtra,Nagpur,Railway,25.9,12,,12,1,Not Started,11.3,89.4,78.9,Partially Complete,Partially Completed,4,Notification,0,0,12,23.311495,85.504763,synthetic_demo_district_center,Buffer Zone,12.4,2.3,4.8,2.55,No,No,332.0,No,Not Required,Yes,Yes,86.7,0.9,0.85,12.07,5.05,3.37,Coastal,Agricultural,84.6,18.6,3.5,0.2,No,Not Required,5,0,0,62.3,Partial,High,No,Planned,Government,,Verified,No,Clear,No,Updated,70.3,No,,5,1,Completed,Pending,Issued,85.8,1681.56,2539.82,41.9,Yes,19.2,No,Yes,No,Yes,Not Required,3.47,6.67,3.53,Low,Medium,Low,III,Loamy,Moderate,43.4,Medium,SYNTHETIC_SIH26017_ENHANCED,Synthetic prototype dataset; added features are simulated and must not be represented as official parcel records.
LA-1166,Tamil Nadu,Coimbatore,Railway,9.3,5,Mostly Paid,55,1,Not Started,23.3,81.2,65.0,Partially Complete,Pending,4,Rehabilitation,2,0,18,26.769276,81.057823,synthetic_demo_district_center,Non-Green Zone,18.7,10.7,22.1,5.61,No,No,1319.0,No,Pending,Yes,Yes,1795.6,1.8,0.57,5.14,6.83,11.67,Coastal,Agricultural,58.4,3.2,2.5,9.4,Yes,Pending,2,1,1,88.8,Obtained,Medium,Yes,Not Required,Institutional,Possible,Verified,No,Clear,No,Updated,88.9,No,,6,5,Not Required,Approved,Pending,91.3,1182.77,2413.85,80.3,No,4.5,No,Yes,Yes,No,Not Required,0.82,3.29,10.09,Medium,Low,Medium,IV,Alluvial,Moderate,52.1,Medium,SYNTHETIC_SIH26017_ENHANCED,Synthetic prototype dataset; added features are simulated and must not be represented as official parcel records.
LA-1167,Gujarat,Ahmedabad,Highway,14.6,4,Fully Paid,59,0,Full,52.6,23.0,69.2,Complete,Partially Completed,4,Compensation,2,1,112,23.274802,85.495979,synthetic_demo_district_center,Non-Green Zone,29.8,7.3,8.4,1.9,No,No,95.0,No,Not Required,No,No,1310.2,4.5,4.32,2.48,6.61,10.16,Plain,Agricultural,74.7,0.7,0.2,1.5,No,Not Required,9,4,1,67.9,Partial,Low,Yes,In Progress,Private,Possible,Verified,No,Clear,No,Updated,74.2,Yes,,1,0,Not Required,Partially Approved,Issued,58.3,2155.45,4062.78,76.9,Yes,-5.7,No,Yes,Yes,No,Not Required,2.13,3.15,1.89,High,Low,Low,III,Alluvial,Good,39.7,Low,SYNTHETIC_SIH26017_ENHANCED,Synthetic prototype dataset; added features are simulated and must not be represented as official parcel records.
LA-1168,Odisha,Ganjam,Metro,12.3,8,Not Started,36,1,Not Started,30.8,50.1,76.4,Incomplete,Completed,5,Compensation,2,1,175,22.822066,72.497398,synthetic_demo_district_center,Buffer Zone,21.1,7.8,20.0,7.3,No,Yes,525.0,No,Not Required,No,No,624.4,0.6,1.13,4.32,8.4,13.64,Plain,Wasteland,84.6,2.9,3.5,0.8,No,Not Required,3,1,1,62.5,Obtained,Medium,Yes,Not Required,Private,,Under Review,No,Under Verification,No,Updated,84.4,No,Pending,2,2,Not Required,Approved,Pending,75.0,1190.41,2498.98,60.3,No,13.1,No,Yes,Yes,Yes,Not Required,1.99,4.57,9.08,Medium,Low,Low,II,Loamy,Good,26.2,Low,SYNTHETIC_SIH26017_ENHANCED,Synthetic prototype dataset; added features are simulated and must not be represented as official parcel records.
LA-1169,Uttar Pradesh,Mathura,Railway,62.2,34,Partially Paid,45,0,Partial,36.2,95.1,33.9,Partially Complete,Completed,5,Closure,2,1,132,16.81435,80.662298,synthetic_demo_district_center,Green Zone,28.1,12.4,19.3,11.0,No,No,1124.0,Yes,Not Required,Yes,Yes,1285.0,3.9,1.96,11.88,0.94,4.18,Hilly,Agricultural,89.9,19.5,4.9,0.4,No,Pending,2,0,0,66.5,Disputed,Low,No,Not Required,Joint,,Verified,No,Clear,No,Updated,76.6,No,Pending,0,0,Pending,Approved,Pending,56.1,335.72,432.5,97.6,No,-10.2,No,Yes,Yes,No,Completed,1.72,4.8,4.99,Low,Medium,Low,II,Laterite,Good,54.4,Medium,SYNTHETIC_SIH26017_ENHANCED,Synthetic prototype dataset; added features are simulated and must not be represented as official parcel records.
LA-1170,Tamil Nadu,Coimbatore,Railway,18.2,11,Partially Paid,36,3,Mostly Obtained,76.5,41.8,83.8,Partially Complete,Completed,5,Closure,0,0,24,10.036078,76.520867,synthetic_demo_district_center,Non-Green Zone,3.1,5.9,15.2,6.42,No,No,506.0,No,Not Required,No,No,1449.5,5.1,3.2,2.42,4.92,3.05,Plain,Agricultural,61.4,8.8,0.7,2.7,No,Not Required,10,3,4,53.6,Partial,Low,Yes,Not Required,Private,,Verified,No,Clear,Yes,Updated,74.0,No,,2,0,Pending,Approved,Issued,75.0,436.74,688.78,97.5,No,-5.1,No,Yes,No,No,In Progress,2.46,2.1,1.77,Low,Low,High,II,Alluvial,Moderate,44.8,Medium,SYNTHETIC_SIH26017_ENHANCED,Synthetic prototype dataset; added features are simulated and must not be represented as official parcel records.
LA-1171,Odisha,Sambalpur,Power,54.7,20,Partially Paid,68,0,Mostly Obtained,65.6,54.7,46.3,Incomplete,Partially Completed,4,Closure,1,0,20,21.187946,81.456779,synthetic_demo_district_center,Buffer Zone,30.4,17.6,18.6,7.78,No,No,167.0,No,Approved,Yes,Yes,1418.3,1.5,4.64,14.09,15.66,7.95,Plateau,Agricultural,72.2,10.3,3.5,5.3,No,Not Required,12,3,1,63.2,Obtained,Low,Yes,Not Required,Joint,Possible,Verified,No,Clear,No,Pending,72.3,No,,4,1,Pending,Approved,Issued,61.7,2564.6,5364.19,42.6,No,18.1,Yes,No,No,Yes,In Progress,4.14,5.84,4.45,Medium,Low,Medium,III,Laterite,Good,44.9,Medium,SYNTHETIC_SIH26017_ENHANCED,Synthetic prototype dataset; added features are simulated and must not be represented as official parcel records.
LA-1172,Karnataka,Mangaluru,Airport,38.6,25,Partially Paid,63,1,Mostly Obtained,69.3,39.3,58.1,Complete,Completed,2,Closure,0,0,15,22.55848,88.230783,synthetic_demo_district_center,Green Zone,15.9,5.9,9.6,6.66,No,No,1072.0,Yes,Approved,No,No,28.7,1.3,2.83,3.56,13.36,9.07,Plateau,Industrial,78.2,11.8,4.1,0.4,No,Not Required,1,2,0,56.4,Obtained,Low,Yes,Not Required,Government,,Verified,No,Under Verification,No,Updated,76.8,No,,1,1,Not Required,Approved,Issued,94.2,453.44,543.6,12.4,Yes,34.5,No,Yes,Yes,Yes,Not Required,0.73,2.75,2.22,Low,Low,Low,IV,Sandy,Good,53.3,Medium,SYNTHETIC_SIH26017_ENHANCED,Synthetic prototype dataset; added features are simulated and must not be represented as official parcel records.
LA-1173,Uttar Pradesh,Meerut,Industrial,138.1,72,Fully Paid,7,0,Partial,88.3,44.8,87.0,Partially Complete,Completed,5,Rehabilitation,2,0,6,20.15798,85.660079,synthetic_demo_district_center,Green Zone,42.3,12.8,11.3,3.03,No,No,291.0,Yes,Not Required,No,No,1251.8,0.8,1.95,6.39,8.51,25.34,Coastal,Industrial,52.0,5.2,4.4,0.3,No,Not Required,4,1,0,69.1,Obtained,Low,Yes,Completed,Institutional,,Verified,No,Under Verification,No,Updated,73.4,No,,3,3,Not Required,Approved,Issued,52.1,2214.07,2341.69,54.6,No,-7.4,No,Yes,Yes,Yes,In Progress,2.75,3.69,2.29,Low,High,Low,II,Laterite,Good,35.8,Low,SYNTHETIC_SIH26017_ENHANCED,Synthetic prototype dataset; added features are simulated and must not be represented as official parcel records.
LA-1174,Rajasthan,Ajmer,Highway,8.1,2,Fully Paid,6,1,Partial,95.4,57.1,76.5,Incomplete,Completed,5,Rehabilitation,3,0,0,21.233317,81.576597,synthetic_demo_district_center,Non-Green Zone,33.8,27.0,41.6,4.43,No,No,711.0,No,Not Required,Yes,Yes,744.4,4.1,2.8,1.31,6.85,11.76,Coastal,Agricultural,47.1,7.0,3.1,1.3,No,Not Required,8,4,3,24.3,Obtained,High,Yes,Completed,Private,,Under Review,No,Clear,Yes,Updated,55.1,Yes,,0,0,Not Required,Partially Approved,Issued,55.4,983.83,1863.1,65.3,No,18.5,No,Yes,Yes,Yes,In Progress,1.77,5.14,1.65,Low,Low,Low,II,Loamy,Moderate,44.1,Medium,SYNTHETIC_SIH26017_ENHANCED,Synthetic prototype dataset; added features are simulated and must not be represented as official parcel records.
LA-1175,Madhya Pradesh,Gwalior,Highway,63.1,27,Fully Paid,25,0,Mostly Obtained,76.9,90.3,61.8,Complete,Completed,5,Notification,2,0,14,22.960101,72.587869,synthetic_demo_district_center,Buffer Zone,21.8,2.3,9.7,3.12,Yes,No,985.0,Yes,Pending,No,No,511.1,3.3,2.08,25.99,10.16,4.47,Coastal,Residential,82.9,15.2,2.2,7.4,Yes,Not Required,7,1,1,60.8,Pending,Low,Yes,Completed,Private,,Verified,No,Clear,No,Pending,64.4,No,Disposed,1,1,Completed,Approved,Pending,71.9,772.04,825.26,83.8,Yes,19.4,No,Yes,Yes,No,Not Required,1.15,1.09,1.44,Medium,Medium,Medium,II,Red,Good,50.4,Medium,SYNTHETIC_SIH26017_ENHANCED,Synthetic prototype dataset; added features are simulated and must not be represented as official parcel records.
LA-1176,Uttar Pradesh,Lucknow,Airport,58.0,19,Fully Paid,52,0,Partial,39.9,70.8,63.6,Complete,Completed,4,Closure,1,1,174,26.725816,80.907446,synthetic_demo_district_center,Non-Green Zone,17.1,6.1,17.5,5.69,No,No,162.0,No,Not Required,No,No,50.9,5.0,2.58,11.73,4.81,1.34,Plain,Agricultural,35.6,1.5,7.0,2.1,No,Approved,2,1,0,84.8,Pending,High,Yes,Not Required,Private,,Issue Found,Yes,Clear,No,Updated,74.9,No,Disposed,2,0,Not Required,Pending,Pending,86.4,1317.02,1508.66,72.4,No,35.0,No,Yes,Yes,Yes,Completed,2.64,1.97,7.92,High,High,Low,II,Red,Moderate,44.2,Medium,SYNTHETIC_SIH26017_ENHANCED,Synthetic prototype dataset; added features are simulated and must not be represented as official parcel records.
LA-1177,West Bengal,Kolkata,Railway,11.8,5,Partially Paid,67,0,Mostly Obtained,45.3,68.7,80.9,Partially Complete,Pending,3,Rehabilitation,0,0,9,28.440902,77.035744,synthetic_demo_district_center,Non-Green Zone,21.7,3.3,12.6,15.23,No,No,703.0,No,Pending,Yes,Yes,978.3,0.5,0.74,2.64,10.76,11.14,Plateau,Agricultural,56.3,11.6,2.2,12.2,No,Not Required,4,0,0,62.6,Pending,High,No,In Progress,Private,,Issue Found,Yes,Clear,No,Pending,88.4,No,,4,4,Completed,Approved,Pending,77.9,809.87,1414.67,30.2,No,25.5,No,Yes,Yes,No,Pending,1.57,2.21,3.59,Low,High,Low,II,Loamy,Good,52.9,Medium,SYNTHETIC_SIH26017_ENHANCED,Synthetic prototype dataset; added features are simulated and must not be represented as official parcel records.
LA-1178,Odisha,Ganjam,Highway,52.2,23,Partially Paid,22,0,Full,54.1,68.3,87.5,Complete,Completed,4,Notification,0,0,23,16.400686,80.869823,synthetic_demo_district_center,Non-Green Zone,21.5,2.6,18.8,6.79,No,No,120.0,No,Not Required,No,No,985.0,1.9,1.17,3.93,1.75,3.64,Plain,Wasteland,60.3,12.2,1.6,2.7,No,Not Required,4,2,1,35.5,Pending,Low,Yes,Not Required,Private,,Under Review,No,Clear,No,Updated,67.4,No,,0,0,Pending,Pending,Issued,62.5,477.46,780.49,1.9,No,1.3,No,Yes,Yes,No,Not Required,1.39,1.98,5.41,Low,Low,Medium,IV,Red,Good,51.7,Medium,SYNTHETIC_SIH26017_ENHANCED,Synthetic prototype dataset; added features are simulated and must not be represented as official parcel records.
LA-1179,Rajasthan,Udaipur,Industrial,31.6,20,Partially Paid,25,0,Partial,34.5,65.0,69.6,Incomplete,,3,Compensation,2,0,26,28.519999,77.000218,synthetic_demo_district_center,Non-Green Zone,31.0,2.5,14.0,2.09,No,No,283.0,No,Pending,No,No,1400.4,1.3,0.91,5.89,14.96,22.38,Plain,Government,67.2,6.6,6.9,1.6,No,Approved,28,25,8,96.9,Obtained,Low,Yes,Completed,Private,,Verified,No,Clear,Yes,Updated,61.0,No,,5,1,Not Required,Pending,Pending,90.1,4379.0,9108.33,65.3,No,-14.1,No,Yes,No,Yes,Completed,0.65,1.95,2.84,Low,Low,Low,III,Red,Moderate,49.4,Medium,SYNTHETIC_SIH26017_ENHANCED,Synthetic prototype dataset; added features are simulated and must not be represented as official parcel records.
LA-1180,West Bengal,Darjeeling,Industrial,20.7,11,Fully Paid,23,0,Partial,81.0,27.9,71.9,Complete,Completed,4,Planning,1,0,0,22.654689,88.461728,synthetic_demo_district_center,Non-Green Zone,19.9,11.7,17.1,1.51,No,No,842.0,No,Not Required,No,No,1516.3,5.7,3.29,6.95,5.37,9.53,Plain,Agricultural,84.7,9.5,2.0,3.4,Yes,Approved,4,0,1,65.3,Pending,High,No,In Progress,Private,Possible,Verified,No,Clear,No,Updated,90.0,No,,6,1,Completed,Approved,Issued,78.0,723.45,1027.18,6.2,No,-5.8,No,No,Yes,Yes,In Progress,2.59,3.17,3.21,Medium,Medium,Medium,II,Loamy,Good,48.0,Medium,SYNTHETIC_SIH26017_ENHANCED,Synthetic prototype dataset; added features are simulated and must not be represented as official parcel records.
LA-1181,Karnataka,Mysuru,Industrial,13.2,8,Mostly Paid,28,2,Not Started,42.2,17.0,27.7,Partially Complete,Pending,2,Closure,3,0,10,23.445931,85.51606,synthetic_demo_district_center,Non-Green Zone,28.6,11.7,17.6,4.3,No,No,1207.0,No,Not Required,No,No,950.0,1.2,3.47,0.73,3.62,2.96,Coastal,Commercial,56.9,14.2,3.9,5.3,No,Pending,3,2,0,54.4,Pending,Low,Yes,Not Required,Private,,Verified,No,Clear,No,Updated,82.3,No,,5,4,Not Required,Approved,Issued,74.8,1186.39,2157.15,31.9,No,-7.1,Yes,No,No,No,In Progress,2.8,1.22,3.95,Low,High,Low,III,Alluvial,Poor,28.7,Low,SYNTHETIC_SIH26017_ENHANCED,Synthetic prototype dataset; added features are simulated and must not be represented as official parcel records.
LA-1182,West Bengal,Howrah,Railway,14.3,4,Partially Paid,33,1,Mostly Obtained,72.0,52.1,44.4,Complete,Completed,2,Possession,1,0,8,30.316513,78.158369,synthetic_demo_district_center,Non-Green Zone,18.2,11.6,27.1,9.56,No,No,1000.0,No,Not Required,Yes,Yes,1703.3,2.2,0.92,8.43,13.62,15.66,Plateau,Agricultural,38.2,4.3,5.9,3.1,Yes,Pending,5,2,3,89.6,Obtained,Medium,Yes,Planned,Private,,Verified,No,Under Verification,Yes,Updated,56.5,No,,4,2,Not Required,Pending,Pending,50.3,339.5,512.5,22.0,Yes,6.3,No,Yes,Yes,No,In Progress,5.14,0.91,2.3,Low,Medium,Low,III,Loamy,Moderate,45.1,Medium,SYNTHETIC_SIH26017_ENHANCED,Synthetic prototype dataset; added features are simulated and must not be represented as official parcel records.
LA-1183,Gujarat,Bhavnagar,Highway,114.1,49,Partially Paid,20,0,Not Started,69.6,72.6,81.1,Complete,Completed,5,Notification,0,0,15,20.257824,85.675068,synthetic_demo_district_center,Non-Green Zone,40.2,6.0,13.0,3.66,Yes,No,863.0,Yes,Not Required,No,No,258.8,6.3,2.26,7.43,6.31,6.55,Plain,Agricultural,81.6,6.0,2.8,2.9,No,Pending,17,2,0,26.0,Pending,Low,Yes,Planned,Private,Possible,Verified,No,Reported,Yes,Not Available,81.4,No,,6,1,Not Required,Pending,Issued,67.0,569.85,841.73,36.6,No,-11.2,Yes,Yes,Yes,No,Pending,3.35,2.88,2.06,Low,Low,High,III,Laterite,Moderate,28.8,Low,SYNTHETIC_SIH26017_ENHANCED,Synthetic prototype dataset; added features are simulated and must not be represented as official parcel records.
LA-1184,Gujarat,Bhavnagar,Airport,24.5,12,Mostly Paid,23,0,Partial,9.9,78.4,81.4,Incomplete,Pending,4,Notification,1,0,0,23.069595,77.407178,synthetic_demo_district_center,Buffer Zone,8.7,2.6,22.1,17.33,No,No,129.0,No,Not Required,No,No,1759.8,4.7,5.79,7.47,5.72,4.98,Hilly,Commercial,62.8,5.8,4.0,0.8,No,Not Required,8,5,2,29.4,Obtained,Medium,Yes,Not Required,Government,Possible,Issue Found,Yes,Clear,No,Pending,71.4,No,,3,0,Completed,Approved,Pending,61.4,3470.05,6525.54,15.1,No,15.0,No,Yes,Yes,No,In Progress,0.68,0.76,6.1,Low,Low,Low,II,Loamy,Moderate,46.0,Medium,SYNTHETIC_SIH26017_ENHANCED,Synthetic prototype dataset; added features are simulated and must not be represented as official parcel records.
LA-1185,Maharashtra,Aurangabad,Railway,44.1,21,Mostly Paid,39,1,Full,50.4,65.9,23.8,Partially Complete,Completed,3,Closure,0,0,0,20.318179,85.835723,synthetic_demo_district_center,Non-Green Zone,12.5,10.3,10.7,5.86,Yes,No,742.0,Yes,Pending,Yes,Yes,1139.7,2.3,0.94,6.76,11.12,24.4,Plain,Agricultural,51.2,11.8,0.8,0.4,No,Not Required,6,0,2,76.7,Pending,Low,No,Not Required,Private,,Verified,No,Clear,No,Updated,85.4,No,,2,0,Completed,Approved,Issued,81.3,1535.55,2193.04,15.8,No,-2.5,Yes,Yes,Yes,No,Completed,2.58,1.21,1.47,Medium,Medium,Medium,IV,Red,Good,30.2,Low,SYNTHETIC_SIH26017_ENHANCED,Synthetic prototype dataset; added features are simulated and must not be represented as official parcel records.
LA-1186,Tamil Nadu,Madurai,Power,13.6,7,Fully Paid,9,1,Mostly Obtained,63.9,67.8,53.9,Complete,Completed,3,Possession,1,0,11,20.316278,85.966635,synthetic_demo_district_center,Non-Green Zone,21.8,9.9,13.3,1.67,No,No,945.0,No,Approved,No,No,1294.5,4.2,1.72,2.95,9.9,10.63,Coastal,Commercial,43.7,7.6,2.8,3.7,No,Not Required,21,6,4,35.1,Obtained,Medium,Yes,In Progress,Joint,,Verified,No,Clear,No,Pending,61.2,No,,2,2,Not Required,Approved,Pending,53.3,4370.42,6446.1,2.8,No,27.4,No,No,Yes,Yes,In Progress,1.37,2.7,1.28,Low,Medium,Low,II,Black,Good,38.3,Low,SYNTHETIC_SIH26017_ENHANCED,Synthetic prototype dataset; added features are simulated and must not be represented as official parcel records.
LA-1187,Tamil Nadu,Coimbatore,Power,13.7,9,Partially Paid,97,0,Partial,70.5,29.5,52.0,Complete,Completed,2,Compensation,1,0,20,28.585911,77.125986,synthetic_demo_district_center,Non-Green Zone,13.9,8.9,10.1,17.33,No,No,893.0,No,Pending,No,No,573.9,3.8,5.46,1.55,1.8,14.66,Plateau,Agricultural,52.1,12.6,0.9,3.0,No,Not Required,5,4,1,89.5,Pending,Low,Yes,Not Required,Private,Possible,Verified,No,Under Verification,Yes,Updated,91.8,No,,3,1,Pending,Partially Approved,Issued,59.1,413.62,505.89,10.4,Yes,15.7,No,Yes,No,No,In Progress,3.77,1.79,2.8,Low,Low,High,II,Laterite,Moderate,60.2,Medium,SYNTHETIC_SIH26017_ENHANCED,Synthetic prototype dataset; added features are simulated and must not be represented as official parcel records.
LA-1188,Rajasthan,Kota,Industrial,55.2,30,Fully Paid,51,1,Full,71.5,39.5,94.8,Partially Complete,Completed,5,Compensation,1,0,13,26.860776,80.858544,synthetic_demo_district_center,Non-Green Zone,13.5,5.2,7.6,7.92,Yes,No,479.0,Yes,Pending,No,No,792.6,0.8,5.18,11.42,9.43,13.7,Plateau,Residential,60.6,4.6,2.0,4.3,Yes,Pending,9,4,2,78.2,Obtained,Low,Yes,Planned,Private,,Verified,No,Clear,No,Updated,93.2,Yes,,6,4,Not Required,Pending,Issued,91.6,1670.88,3279.63,54.5,No,-2.7,No,Yes,Yes,No,Pending,0.79,1.7,5.23,Low,Low,Low,III,Red,Good,45.2,Medium,SYNTHETIC_SIH26017_ENHANCED,Synthetic prototype dataset; added features are simulated and must not be represented as official parcel records.
LA-1189,Karnataka,Hubballi,Railway,8.9,4,Mostly Paid,74,1,Partial,54.3,41.8,65.0,Partially Complete,Completed,3,Planning,3,1,132,22.904789,72.577346,synthetic_demo_district_center,Non-Green Zone,10.7,5.0,8.4,3.89,No,No,358.0,No,Pending,No,No,363.5,2.3,1.41,2.95,9.64,9.08,Plain,Government,39.9,20.6,0.5,1.0,No,Not Required,12,2,2,81.2,Pending,Low,Yes,In Progress,Joint,,Under Review,No,Clear,No,Updated,58.5,No,Pending,0,0,Pending,Pending,Issued,85.6,1152.33,2311.06,48.2,No,-14.2,No,Yes,Yes,Yes,Not Required,1.67,3.52,6.31,Low,Medium,Low,III,Black,Moderate,39.6,Low,SYNTHETIC_SIH26017_ENHANCED,Synthetic prototype dataset; added features are simulated and must not be represented as official parcel records.
LA-1190,Bihar,Nalanda,Railway,18.0,13,Fully Paid,13,3,Mostly Obtained,54.1,84.8,55.2,Partially Complete,Pending,4,Planning,1,0,14,30.329059,78.10622,synthetic_demo_district_center,Buffer Zone,21.3,6.1,25.4,7.58,Yes,No,1436.0,Yes,Approved,No,No,775.3,3.4,3.11,10.25,5.68,7.95,Plain,Residential,34.1,6.5,10.2,2.9,Yes,Not Required,6,3,1,71.6,Partial,Low,Yes,Not Required,Private,,Under Review,No,Clear,No,Updated,67.0,No,,3,3,Not Required,Partially Approved,Pending,76.3,1292.51,2582.07,10.0,No,28.3,No,Yes,Yes,No,Not Required,2.63,0.95,1.14,Low,Medium,Low,II,Red,Good,44.5,Medium,SYNTHETIC_SIH26017_ENHANCED,Synthetic prototype dataset; added features are simulated and must not be represented as official parcel records.
LA-1191,Gujarat,Vadodara,Industrial,25.2,10,Fully Paid,18,1,Mostly Obtained,46.0,18.0,52.6,Partially Complete,Pending,5,Possession,3,1,101,23.21261,77.487863,synthetic_demo_district_center,Green Zone,12.5,3.2,16.6,3.95,No,No,640.0,Yes,Not Required,No,No,1109.6,3.6,1.94,3.26,17.81,4.17,Hilly,Agricultural,89.8,11.2,3.2,3.2,No,Pending,11,5,2,33.0,Pending,High,Yes,Not Required,Government,,Under Review,No,Under Verification,No,Updated,63.0,No,,2,2,Pending,Approved,Issued,56.1,3927.99,5588.04,4.8,No,10.6,Yes,Yes,No,No,Not Required,2.26,2.03,1.41,Low,Medium,Low,III,Sandy,Poor,44.0,Medium,SYNTHETIC_SIH26017_ENHANCED,Synthetic prototype dataset; added features are simulated and must not be represented as official parcel records.
LA-1192,Rajasthan,Udaipur,Irrigation,26.7,17,Fully Paid,2,1,Not Started,57.0,64.1,59.0,Complete,Pending,6,Possession,1,1,154,23.40334,85.263165,synthetic_demo_district_center,Non-Green Zone,39.9,7.1,24.6,5.96,No,No,295.0,No,Pending,No,No,1247.7,4.3,1.04,3.5,8.39,11.78,Plain,Agricultural,44.7,6.3,1.1,6.1,No,Approved,1,3,0,66.9,Pending,Medium,Yes,Not Required,Private,Possible,Verified,No,Under Verification,No,Not Available,67.7,No,,5,4,Pending,Partially Approved,Pending,77.2,131.98,207.71,63.2,No,-2.9,No,Yes,No,No,Not Required,0.61,0.79,3.01,Low,Low,Medium,II,Sandy,Moderate,48.4,Medium,SYNTHETIC_SIH26017_ENHANCED,Synthetic prototype dataset; added features are simulated and must not be represented as official parcel records.
LA-1193,Bihar,Nalanda,Airport,21.4,12,Not Started,31,0,Full,47.8,62.8,66.7,Incomplete,Completed,4,Compensation,0,1,105,17.602406,78.477698,synthetic_demo_district_center,Non-Green Zone,33.7,4.9,14.5,2.89,No,No,173.0,No,Not Required,Yes,Yes,551.5,1.3,1.52,8.8,4.18,11.55,Plain,Residential,76.2,12.9,5.4,2.2,No,Not Required,11,6,4,49.9,Partial,Medium,Yes,In Progress,Institutional,,Verified,No,Clear,No,Pending,82.7,No,,0,0,Completed,Partially Approved,Issued,70.9,2434.23,4455.51,69.2,No,11.6,No,Yes,No,No,Not Required,2.84,12.05,2.88,Medium,Medium,Medium,II,Laterite,Good,47.4,Medium,SYNTHETIC_SIH26017_ENHANCED,Synthetic prototype dataset; added features are simulated and must not be represented as official parcel records.
LA-1194,Tamil Nadu,Chennai,Highway,33.0,17,Partially Paid,31,0,Partial,55.2,63.6,73.5,Partially Complete,Completed,4,Possession,1,0,21,23.146861,85.300407,synthetic_demo_district_center,Non-Green Zone,4.7,6.3,19.8,7.3,No,No,395.0,No,Approved,No,No,1227.6,3.8,2.22,7.59,5.03,11.79,Hilly,Agricultural,38.3,4.6,2.4,3.2,No,Not Required,3,1,0,37.9,Obtained,Low,Yes,Not Required,Private,Possible,Verified,No,Reported,No,Updated,97.9,No,,5,1,Not Required,Pending,Issued,67.2,430.99,525.9,85.0,Yes,4.1,No,Yes,No,Yes,Completed,0.72,3.96,8.31,Low,Low,Low,IV,Red,Poor,57.2,Medium,SYNTHETIC_SIH26017_ENHANCED,Synthetic prototype dataset; added features are simulated and must not be represented as official parcel records.
LA-1195,Maharashtra,Nagpur,Highway,41.2,25,Mostly Paid,36,0,Full,68.1,64.3,50.3,Complete,Pending,2,Planning,0,0,17,18.764627,72.985816,synthetic_demo_district_center,Buffer Zone,5.6,3.7,17.6,7.96,No,No,313.0,No,Not Required,Yes,Yes,1443.3,1.8,0.77,6.8,16.18,10.52,Plain,Agricultural,34.2,8.2,1.6,10.5,Yes,Not Required,11,4,4,23.0,Partial,Low,Yes,Not Required,Government,,Verified,No,Clear,No,Updated,94.2,No,,1,1,Not Required,Partially Approved,Issued,84.5,3913.76,6109.49,43.0,No,12.3,No,Yes,Yes,No,Completed,2.74,4.17,6.5,High,Low,Medium,III,Black,Poor,49.0,Medium,SYNTHETIC_SIH26017_ENHANCED,Synthetic prototype dataset; added features are simulated and must not be represented as official parcel records.
LA-1196,West Bengal,Nadia,Airport,42.6,22,Mostly Paid,5,1,Not Started,72.3,25.6,46.9,Complete,Completed,4,Closure,1,1,146,16.463933,80.959896,synthetic_demo_district_center,Non-Green Zone,39.9,0.9,17.0,2.17,No,No,358.0,No,Not Required,No,No,1743.3,3.4,2.64,3.66,6.33,8.75,Plain,Commercial,44.9,4.6,2.9,1.6,Yes,Pending,11,0,2,72.8,Obtained,Low,No,Not Required,Joint,Possible,Verified,No,Under Verification,No,Updated,87.6,No,,5,5,Completed,Pending,Pending,68.3,989.3,1948.26,2.3,No,-10.0,No,No,Yes,No,Pending,1.18,3.22,3.46,Low,Low,Low,III,Red,Good,37.4,Low,SYNTHETIC_SIH26017_ENHANCED,Synthetic prototype dataset; added features are simulated and must not be represented as official parcel records.
LA-1197,Gujarat,Bhavnagar,Power,11.7,7,Mostly Paid,29,0,Partial,17.4,87.2,49.9,Partially Complete,Completed,1,Notification,0,0,4,31.011833,76.001483,synthetic_demo_district_center,Buffer Zone,7.5,10.3,24.6,2.01,No,No,345.0,No,Not Required,No,No,610.4,6.0,3.89,9.93,4.92,6.82,Plain,Wasteland,86.4,2.6,11.5,5.8,No,Pending,18,10,5,57.6,Disputed,Low,Yes,Not Required,Private,,Under Review,No,Clear,No,Updated,67.6,No,,0,0,Completed,Approved,Issued,66.3,2019.16,2583.37,72.9,No,27.7,No,Yes,No,No,Not Required,5.2,7.64,4.09,High,Medium,Low,IV,Red,Good,62.5,Medium,SYNTHETIC_SIH26017_ENHANCED,Synthetic prototype dataset; added features are simulated and must not be represented as official parcel records.
LA-1198,Rajasthan,Ajmer,Irrigation,19.8,4,Fully Paid,38,0,Partial,38.4,82.2,94.7,Partially Complete,Pending,5,Planning,2,0,11,10.063807,76.387317,synthetic_demo_district_center,Non-Green Zone,34.8,3.7,7.1,6.64,No,No,770.0,No,Approved,No,No,1466.8,9.8,2.73,4.71,0.5,21.64,Plain,Agricultural,62.6,6.5,3.7,4.8,No,Not Required,1,1,0,35.3,Partial,Low,Yes,Planned,Private,,Verified,No,Clear,No,Updated,76.9,No,,5,4,Completed,Approved,Pending,92.8,250.31,533.58,62.2,No,8.6,No,Yes,Yes,No,Not Required,4.13,3.58,4.1,Low,Low,Low,II,Loamy,Good,54.1,Medium,SYNTHETIC_SIH26017_ENHANCED,Synthetic prototype dataset; added features are simulated and must not be represented as official parcel records.
LA-1199,Uttar Pradesh,Mathura,Highway,60.1,22,Not Started,42,3,Not Started,82.3,82.5,48.6,Partially Complete,Completed,1,Notification,0,0,2,28.379759,77.025758,synthetic_demo_district_center,Green Zone,61.1,12.4,16.3,13.64,No,No,411.0,Yes,Approved,No,No,947.4,4.1,1.84,5.77,14.62,18.03,Plain,Industrial,43.6,21.1,4.2,2.8,Yes,Not Required,4,3,0,94.8,Pending,Low,Yes,In Progress,Government,,Verified,No,Clear,No,Updated,71.8,No,,6,2,Pending,Pending,Issued,55.0,1464.5,2952.76,96.2,No,-6.6,No,Yes,Yes,Yes,In Progress,0.53,2.99,4.26,Low,Low,Low,II,Red,Good,47.1,Medium,SYNTHETIC_SIH26017_ENHANCED,Synthetic prototype dataset; added features are simulated and must not be represented as official parcel records.
LA-1200,Bihar,Nalanda,Industrial,48.0,30,Mostly Paid,19,1,Mostly Obtained,9.9,60.9,68.3,Incomplete,Pending,4,Planning,4,0,2,31.216422,77.013467,synthetic_demo_district_center,Non-Green Zone,26.7,7.3,12.6,6.88,No,No,536.0,No,Pending,No,No,401.0,0.1,3.11,4.23,4.86,2.61,Plain,Government,47.5,4.0,0.0,4.3,No,Not Required,2,0,0,96.2,Partial,Low,No,Not Required,Government,,Under Review,No,Reported,No,Not Available,82.4,No,,2,2,Completed,Pending,Issued,59.8,939.92,2003.73,49.9,No,8.9,No,Yes,No,No,Not Required,2.03,0.72,4.46,Low,Medium,Low,III,Loamy,Moderate,36.0,Low,SYNTHETIC_SIH26017_ENHANCED,Synthetic prototype dataset; added features are simulated and must not be represented as official parcel records.
